#
# There is insufficient memory for the Java Runtime Environment to continue.
# Native memory allocation (mmap) failed to map 51380224 bytes. Error detail: G1 virtual space
# Possible reasons:
#   The system is out of physical RAM or swap space
#   This process is running with CompressedOops enabled, and the Java Heap may be blocking the growth of the native heap
# Possible solutions:
#   Reduce memory load on the system
#   Increase physical memory or swap space
#   Check if swap backing store is full
#   Decrease Java heap size (-Xmx/-Xms)
#   Decrease number of Java threads
#   Decrease Java thread stack sizes (-Xss)
#   Set larger code cache with -XX:ReservedCodeCacheSize=
#   JVM is running with Unscaled Compressed Oops mode in which the Java heap is
#     placed in the first 4GB address space. The Java Heap base address is the
#     maximum limit for the native heap growth. Please use -XX:HeapBaseMinAddress
#     to set the Java Heap base and to place the Java Heap above 4GB virtual address.
# This output file may be truncated or incomplete.
#
#  Out of Memory Error (os_windows.cpp:3630), pid=19196, tid=23284
#
# JRE version: OpenJDK Runtime Environment Temurin-17.0.20+8 (17.0.20+8) (build 17.0.20+8)
# Java VM: OpenJDK 64-Bit Server VM Temurin-17.0.20+8 (17.0.20+8, mixed mode, sharing, tiered, compressed oops, compressed class ptrs, g1 gc, windows-amd64)
# No core dump will be written. Minidumps are not enabled by default on client versions of Windows
#

---------------  S U M M A R Y ------------

Command Line: --add-opens=java.base/java.lang=ALL-UNNAMED --add-opens=java.base/java.lang.invoke=ALL-UNNAMED --add-opens=java.base/java.util=ALL-UNNAMED --add-opens=java.prefs/java.util.prefs=ALL-UNNAMED --add-exports=jdk.compiler/com.sun.tools.javac.api=ALL-UNNAMED --add-exports=jdk.compiler/com.sun.tools.javac.util=ALL-UNNAMED --add-opens=java.base/java.util=ALL-UNNAMED --add-opens=java.prefs/java.util.prefs=ALL-UNNAMED --add-opens=java.base/java.nio.charset=ALL-UNNAMED --add-opens=java.base/java.net=ALL-UNNAMED --add-opens=java.base/java.util.concurrent.atomic=ALL-UNNAMED --add-opens=java.xml/javax.xml.namespace=ALL-UNNAMED -Xmx1536m -Dfile.encoding=UTF-8 -Duser.country=US -Duser.language=en -Duser.variant -javaagent:C:\Users\LEGION\.gradle\wrapper\dists\gradle-8.13-bin\5xuhj0ry160q40clulazy9h7d\gradle-8.13\lib\agents\gradle-instrumentation-agent-8.13.jar org.gradle.launcher.daemon.bootstrap.GradleDaemon 8.13

Host: Intel(R) Core(TM) i7-10750H CPU @ 2.60GHz, 12 cores, 15G,  Windows 10 , 64 bit Build 19041 (10.0.19041.5915)
Time: Sun Aug 16 10:58:27 2026 Iran Standard Time elapsed time: 20.865897 seconds (0d 0h 0m 20s)

---------------  T H R E A D  ---------------

Current thread (0x000001a3b21554a0):  VMThread "VM Thread" [stack: 0x0000009282b00000,0x0000009282c00000] [id=23284]

Stack: [0x0000009282b00000,0x0000009282c00000]
Native frames: (J=compiled Java code, j=interpreted, Vv=VM code, C=native code)
V  [jvm.dll+0x684d39]
V  [jvm.dll+0x83a565]
V  [jvm.dll+0x83bfde]
V  [jvm.dll+0x83c663]
V  [jvm.dll+0x2490cf]
V  [jvm.dll+0x681af9]
V  [jvm.dll+0x6768ba]
V  [jvm.dll+0x309467]
V  [jvm.dll+0x310a56]
V  [jvm.dll+0x360f3e]
V  [jvm.dll+0x36117d]
V  [jvm.dll+0x2e04ec]
V  [jvm.dll+0x2de8c2]
V  [jvm.dll+0x2de05c]
V  [jvm.dll+0x321081]
V  [jvm.dll+0x840e7d]
V  [jvm.dll+0x841bb3]
V  [jvm.dll+0x8420df]
V  [jvm.dll+0x8424c5]
V  [jvm.dll+0x84258e]
V  [jvm.dll+0x7eb17c]
V  [jvm.dll+0x683c07]
C  [ucrtbase.dll+0x21bb2]
C  [KERNEL32.DLL+0x17374]
C  [ntdll.dll+0x4cc91]

VM_Operation (0x000000928f1fcb30): G1TryInitiateConcMark, mode: safepoint, requested by thread 0x000001a3fb2aaff0


---------------  P R O C E S S  ---------------

Threads class SMR info:
_java_thread_list=0x000001a3feb0b5e0, length=191, elements={
0x000001a392b4eb20, 0x000001a3b215ca50, 0x000001a3b215d7e0, 0x000001a3b216ddd0,
0x000001a3b21717c0, 0x000001a3b21740a0, 0x000001a3b2176d80, 0x000001a3b217ae80,
0x000001a3b2183850, 0x000001a3b218e940, 0x000001a3b2146750, 0x000001a3b24d0d50,
0x000001a3f8b9b820, 0x000001a3f86c3560, 0x000001a3f8e39240, 0x000001a3f8de2190,
0x000001a3f8df0f40, 0x000001a3f901fcc0, 0x000001a3f90206e0, 0x000001a3f9020bf0,
0x000001a3f9021100, 0x000001a3f9021b20, 0x000001a3f9021610, 0x000001a3f90201d0,
0x000001a3f901e370, 0x000001a3f901ed90, 0x000001a3f901f2a0, 0x000001a3f901f7b0,
0x000001a3fa8b3d60, 0x000001a3fa8b8440, 0x000001a3fa8b4780, 0x000001a3fa8b8950,
0x000001a3fa8b14e0, 0x000001a3fa8b2410, 0x000001a3fa8b2920, 0x000001a3fa8b3850,
0x000001a3fa8b7a20, 0x000001a3fa8b19f0, 0x000001a3fa8b5bc0, 0x000001a3fa8b1f00,
0x000001a3fa8b7000, 0x000001a3fa8b2e30, 0x000001a3fa8b56b0, 0x000001a3fa8b3340,
0x000001a3fa8b65e0, 0x000001a3fa8b4270, 0x000001a3fa8b4c90, 0x000001a3fa8b51a0,
0x000001a3fa8b60d0, 0x000001a3fa8b6af0, 0x000001a3fb04a810, 0x000001a3fb04e4d0,
0x000001a3fb04c670, 0x000001a3fb04ad20, 0x000001a3fb04d090, 0x000001a3fb04cb80,
0x000001a3fb04d5a0, 0x000001a3fb04b230, 0x000001a3fb047f90, 0x000001a3fb048ec0,
0x000001a3fb0484a0, 0x000001a3fb04b740, 0x000001a3fb04dab0, 0x000001a3fb0498e0,
0x000001a3fb047060, 0x000001a3fb04e9e0, 0x000001a3fb04dfc0, 0x000001a3fb047570,
0x000001a3fb04bc50, 0x000001a3fb04c160, 0x000001a3fb0489b0, 0x000001a3fb0493d0,
0x000001a3fb049df0, 0x000001a3fb047a80, 0x000001a3fb04a300, 0x000001a3f993c670,
0x000001a3f993cb80, 0x000001a3f993dab0, 0x000001a3f993ad20, 0x000001a3f993dfc0,
0x000001a3f993b230, 0x000001a3f993b740, 0x000001a3f993d5a0, 0x000001a3f993e4d0,
0x000001a3f993bc50, 0x000001a3f993d090, 0x000001a3fda52080, 0x000001a3fda51b70,
0x000001a3fda4fd10, 0x000001a3fda4ede0, 0x000001a3fda51660, 0x000001a3fda52fb0,
0x000001a3fda50220, 0x000001a3fda55830, 0x000001a3fda539d0, 0x000001a3fda52590,
0x000001a3fda54e10, 0x000001a3fda4f800, 0x000001a3fda52aa0, 0x000001a3fda50c40,
0x000001a3fda56760, 0x000001a3fda534c0, 0x000001a3fda53ee0, 0x000001a3fda54900,
0x000001a3fda56250, 0x000001a3fda50730, 0x000001a3fda55320, 0x000001a3fda55d40,
0x000001a3fda4f2f0, 0x000001a3fda51150, 0x000001a3fac15480, 0x000001a3fac15990,
0x000001a3fac14a60, 0x000001a3fdad53e0, 0x000001a3fac16dd0, 0x000001a3f9b54a80,
0x000001a3f9b54f90, 0x000001a3f9b54060, 0x000001a3f9b57300, 0x000001a3f9b52c20,
0x000001a3f9b54570, 0x000001a3f9b559b0, 0x000001a3f9b51cf0, 0x000001a3f9b53130,
0x000001a3f9b55ec0, 0x000001a3f9b563d0, 0x000001a3f9b52200, 0x000001a3f9b53640,
0x000001a3f9b56df0, 0x000001a3f9b568e0, 0x000001a3f9b4fe90, 0x000001a3f9b57810,
0x000001a3f9b503a0, 0x000001a3f9b50dc0, 0x000001a3f9b52710, 0x000001a3fda543f0,
0x000001a3b258b850, 0x000001a3b2586c60, 0x000001a3b2587680, 0x000001a3b258b340,
0x000001a3b258ae30, 0x000001a3b258d1a0, 0x000001a3b258c270, 0x000001a3b2588fd0,
0x000001a3b258c780, 0x000001a3b258cc90, 0x000001a3b258dbc0, 0x000001a3b2586750,
0x000001a3b258d6b0, 0x000001a3b258e0d0, 0x000001a3b25894e0, 0x000001a3b2587b90,
0x000001a3b2587170, 0x000001a3b25885b0, 0x000001a3b25880a0, 0x000001a3b2588ac0,
0x000001a3b258a410, 0x000001a3b2589f00, 0x000001a3b25899f0, 0x000001a3fcd53350,
0x000001a3fcd53860, 0x000001a3fcd53d70, 0x000001a3fcd54790, 0x000001a3fcd52e40,
0x000001a3fcd51a00, 0x000001a3fcd54ca0, 0x000001a3fcd54280, 0x000001a3fcd57520,
0x000001a3fcd551b0, 0x000001a3fcd514f0, 0x000001a3fcd556c0, 0x000001a3fcd55bd0,
0x000001a3fcd560e0, 0x000001a3fcd52930, 0x000001a3fcd500b0, 0x000001a3fcd51f10,
0x000001a3fcd52420, 0x000001a3fcd565f0, 0x000001a3fcd56b00, 0x000001a3fcd57010,
0x000001a3fcd57a30, 0x000001a3fcd505c0, 0x000001a3fcd50ad0, 0x000001a3fcd50fe0,
0x000001a3fb2a9190, 0x000001a3fb2aa5d0, 0x000001a3fb2aaff0, 0x000001a3fb2a8c80,
0x000001a3fb2a9bb0, 0x000001a3fb2ace50, 0x000001a3fb2aaae0
}

Java Threads: ( => current thread )
  0x000001a392b4eb20 JavaThread "main" [_thread_blocked, id=20748, stack(0x0000009282500000,0x0000009282600000)]
  0x000001a3b215ca50 JavaThread "Reference Handler" daemon [_thread_blocked, id=11904, stack(0x0000009282c00000,0x0000009282d00000)]
  0x000001a3b215d7e0 JavaThread "Finalizer" daemon [_thread_blocked, id=17188, stack(0x0000009282d00000,0x0000009282e00000)]
  0x000001a3b216ddd0 JavaThread "Signal Dispatcher" daemon [_thread_blocked, id=25848, stack(0x0000009282e00000,0x0000009282f00000)]
  0x000001a3b21717c0 JavaThread "Attach Listener" daemon [_thread_blocked, id=20888, stack(0x0000009282f00000,0x0000009283000000)]
  0x000001a3b21740a0 JavaThread "Service Thread" daemon [_thread_blocked, id=21200, stack(0x0000009283000000,0x0000009283100000)]
  0x000001a3b2176d80 JavaThread "Monitor Deflation Thread" daemon [_thread_blocked, id=8528, stack(0x0000009283100000,0x0000009283200000)]
  0x000001a3b217ae80 JavaThread "C2 CompilerThread0" daemon [_thread_blocked, id=20368, stack(0x0000009283200000,0x0000009283300000)]
  0x000001a3b2183850 JavaThread "C1 CompilerThread0" daemon [_thread_blocked, id=3160, stack(0x0000009283300000,0x0000009283400000)]
  0x000001a3b218e940 JavaThread "Sweeper thread" daemon [_thread_blocked, id=12352, stack(0x0000009283400000,0x0000009283500000)]
  0x000001a3b2146750 JavaThread "Common-Cleaner" daemon [_thread_blocked, id=5096, stack(0x0000009283500000,0x0000009283600000)]
  0x000001a3b24d0d50 JavaThread "Notification Thread" daemon [_thread_blocked, id=11912, stack(0x0000009283600000,0x0000009283700000)]
  0x000001a3f8b9b820 JavaThread "Daemon health stats" [_thread_blocked, id=10196, stack(0x0000009283e00000,0x0000009283f00000)]
  0x000001a3f86c3560 JavaThread "Incoming local TCP Connector on port 11391" [_thread_in_native, id=24248, stack(0x0000009283f00000,0x0000009284000000)]
  0x000001a3f8e39240 JavaThread "Daemon periodic checks" [_thread_blocked, id=20956, stack(0x0000009284000000,0x0000009284100000)]
  0x000001a3f8de2190 JavaThread "Daemon" [_thread_blocked, id=14916, stack(0x0000009284100000,0x0000009284200000)]
  0x000001a3f8df0f40 JavaThread "Handler for socket connection from /127.0.0.1:11391 to /127.0.0.1:11392" [_thread_in_native, id=20544, stack(0x0000009284200000,0x0000009284300000)]
  0x000001a3f901fcc0 JavaThread "Cancel handler" [_thread_blocked, id=21012, stack(0x0000009284300000,0x0000009284400000)]
  0x000001a3f90206e0 JavaThread "Daemon worker" [_thread_blocked, id=24292, stack(0x0000009284400000,0x0000009284500000)]
  0x000001a3f9020bf0 JavaThread "Asynchronous log dispatcher for DefaultDaemonConnection: socket connection from /127.0.0.1:11391 to /127.0.0.1:11392" [_thread_blocked, id=1712, stack(0x0000009284500000,0x0000009284600000)]
  0x000001a3f9021100 JavaThread "Stdin handler" [_thread_blocked, id=25364, stack(0x0000009284600000,0x0000009284700000)]
  0x000001a3f9021b20 JavaThread "Daemon client event forwarder" [_thread_blocked, id=17500, stack(0x0000009284700000,0x0000009284800000)]
  0x000001a3f9021610 JavaThread "Cache worker for journal cache (C:\Users\LEGION\.gradle\caches\journal-1)" [_thread_blocked, id=22320, stack(0x0000009284800000,0x0000009284900000)]
  0x000001a3f90201d0 JavaThread "File lock request listener" [_thread_in_native, id=15336, stack(0x0000009284900000,0x0000009284a00000)]
  0x000001a3f901e370 JavaThread "Cache worker for file hash cache (C:\Users\LEGION\.gradle\caches\8.13\fileHashes)" [_thread_blocked, id=21464, stack(0x0000009284a00000,0x0000009284b00000)]
  0x000001a3f901ed90 JavaThread "Cache worker for file hash cache (C:\Users\LEGION\Backgammon-game\.gradle\8.13\fileHashes)" [_thread_blocked, id=24060, stack(0x0000009284b00000,0x0000009284c00000)]
  0x000001a3f901f2a0 JavaThread "Cache worker for Build Output Cleanup Cache (C:\Users\LEGION\Backgammon-game\.gradle\buildOutputCleanup)" [_thread_blocked, id=2164, stack(0x0000009284c00000,0x0000009284d00000)]
  0x000001a3f901f7b0 JavaThread "File watcher server" daemon [_thread_blocked, id=25816, stack(0x0000009285400000,0x0000009285500000)]
  0x000001a3fa8b3d60 JavaThread "File watcher consumer" daemon [_thread_blocked, id=22020, stack(0x0000009285500000,0x0000009285600000)]
  0x000001a3fa8b8440 JavaThread "jar transforms" [_thread_blocked, id=11944, stack(0x0000009285600000,0x0000009285700000)]
  0x000001a3fa8b4780 JavaThread "jar transforms Thread 2" [_thread_blocked, id=16928, stack(0x0000009285700000,0x0000009285800000)]
  0x000001a3fa8b8950 JavaThread "Cache worker for checksums cache (C:\Users\LEGION\Backgammon-game\.gradle\8.13\checksums)" [_thread_blocked, id=13728, stack(0x0000009285800000,0x0000009285900000)]
  0x000001a3fa8b14e0 JavaThread "Cache worker for file content cache (C:\Users\LEGION\.gradle\caches\8.13\fileContent)" [_thread_blocked, id=6880, stack(0x0000009285900000,0x0000009285a00000)]
  0x000001a3fa8b2410 JavaThread "jar transforms Thread 3" [_thread_blocked, id=24812, stack(0x0000009285a00000,0x0000009285b00000)]
  0x000001a3fa8b2920 JavaThread "Cache worker for cache directory md-supplier (C:\Users\LEGION\.gradle\caches\8.13\md-supplier)" [_thread_blocked, id=19412, stack(0x0000009285b00000,0x0000009285c00000)]
  0x000001a3fa8b3850 JavaThread "Cache worker for cache directory md-rule (C:\Users\LEGION\.gradle\caches\8.13\md-rule)" [_thread_blocked, id=14452, stack(0x0000009285c00000,0x0000009285d00000)]
  0x000001a3fa8b7a20 JavaThread "Unconstrained build operations" [_thread_blocked, id=21968, stack(0x0000009285d00000,0x0000009285e00000)]
  0x000001a3fa8b19f0 JavaThread "Unconstrained build operations Thread 2" [_thread_blocked, id=17908, stack(0x0000009285e00000,0x0000009285f00000)]
  0x000001a3fa8b5bc0 JavaThread "Unconstrained build operations Thread 3" [_thread_blocked, id=22892, stack(0x0000009285f00000,0x0000009286000000)]
  0x000001a3fa8b1f00 JavaThread "Unconstrained build operations Thread 4" [_thread_blocked, id=1656, stack(0x0000009286000000,0x0000009286100000)]
  0x000001a3fa8b7000 JavaThread "Unconstrained build operations Thread 5" [_thread_blocked, id=3076, stack(0x0000009286100000,0x0000009286200000)]
  0x000001a3fa8b2e30 JavaThread "Unconstrained build operations Thread 6" [_thread_blocked, id=4296, stack(0x0000009286200000,0x0000009286300000)]
  0x000001a3fa8b56b0 JavaThread "Unconstrained build operations Thread 7" [_thread_blocked, id=25052, stack(0x0000009286300000,0x0000009286400000)]
  0x000001a3fa8b3340 JavaThread "Unconstrained build operations Thread 8" [_thread_blocked, id=25168, stack(0x0000009286400000,0x0000009286500000)]
  0x000001a3fa8b65e0 JavaThread "Unconstrained build operations Thread 9" [_thread_blocked, id=26032, stack(0x0000009286500000,0x0000009286600000)]
  0x000001a3fa8b4270 JavaThread "Unconstrained build operations Thread 10" [_thread_blocked, id=16692, stack(0x0000009286600000,0x0000009286700000)]
  0x000001a3fa8b4c90 JavaThread "Unconstrained build operations Thread 11" [_thread_blocked, id=20640, stack(0x0000009286700000,0x0000009286800000)]
  0x000001a3fa8b51a0 JavaThread "Unconstrained build operations Thread 12" [_thread_blocked, id=24404, stack(0x0000009286800000,0x0000009286900000)]
  0x000001a3fa8b60d0 JavaThread "Unconstrained build operations Thread 13" [_thread_blocked, id=2232, stack(0x0000009286900000,0x0000009286a00000)]
  0x000001a3fa8b6af0 JavaThread "Unconstrained build operations Thread 14" [_thread_blocked, id=23292, stack(0x0000009286a00000,0x0000009286b00000)]
  0x000001a3fb04a810 JavaThread "Unconstrained build operations Thread 15" [_thread_blocked, id=23984, stack(0x0000009286b00000,0x0000009286c00000)]
  0x000001a3fb04e4d0 JavaThread "Unconstrained build operations Thread 16" [_thread_blocked, id=8132, stack(0x0000009286c00000,0x0000009286d00000)]
  0x000001a3fb04c670 JavaThread "Unconstrained build operations Thread 17" [_thread_blocked, id=25772, stack(0x0000009286d00000,0x0000009286e00000)]
  0x000001a3fb04ad20 JavaThread "Unconstrained build operations Thread 18" [_thread_blocked, id=9104, stack(0x0000009286e00000,0x0000009286f00000)]
  0x000001a3fb04d090 JavaThread "Unconstrained build operations Thread 19" [_thread_blocked, id=23344, stack(0x0000009286f00000,0x0000009287000000)]
  0x000001a3fb04cb80 JavaThread "Unconstrained build operations Thread 20" [_thread_blocked, id=26580, stack(0x0000009287000000,0x0000009287100000)]
  0x000001a3fb04d5a0 JavaThread "Unconstrained build operations Thread 21" [_thread_blocked, id=25192, stack(0x0000009287100000,0x0000009287200000)]
  0x000001a3fb04b230 JavaThread "Unconstrained build operations Thread 22" [_thread_blocked, id=12232, stack(0x0000009287200000,0x0000009287300000)]
  0x000001a3fb047f90 JavaThread "jar transforms Thread 4" [_thread_blocked, id=21020, stack(0x0000009287300000,0x0000009287400000)]
  0x000001a3fb048ec0 JavaThread "jar transforms Thread 5" [_thread_blocked, id=22788, stack(0x0000009287400000,0x0000009287500000)]
  0x000001a3fb0484a0 JavaThread "Unconstrained build operations Thread 23" [_thread_blocked, id=25088, stack(0x0000009287500000,0x0000009287600000)]
  0x000001a3fb04b740 JavaThread "Unconstrained build operations Thread 24" [_thread_blocked, id=13324, stack(0x0000009287600000,0x0000009287700000)]
  0x000001a3fb04dab0 JavaThread "Unconstrained build operations Thread 25" [_thread_blocked, id=16572, stack(0x0000009287700000,0x0000009287800000)]
  0x000001a3fb0498e0 JavaThread "Unconstrained build operations Thread 26" [_thread_blocked, id=24512, stack(0x0000009287800000,0x0000009287900000)]
  0x000001a3fb047060 JavaThread "Unconstrained build operations Thread 27" [_thread_blocked, id=23448, stack(0x0000009287900000,0x0000009287a00000)]
  0x000001a3fb04e9e0 JavaThread "Unconstrained build operations Thread 28" [_thread_blocked, id=24412, stack(0x0000009287a00000,0x0000009287b00000)]
  0x000001a3fb04dfc0 JavaThread "Unconstrained build operations Thread 29" [_thread_blocked, id=17212, stack(0x0000009287b00000,0x0000009287c00000)]
  0x000001a3fb047570 JavaThread "Unconstrained build operations Thread 30" [_thread_blocked, id=25204, stack(0x0000009287c00000,0x0000009287d00000)]
  0x000001a3fb04bc50 JavaThread "Unconstrained build operations Thread 31" [_thread_blocked, id=1492, stack(0x0000009287d00000,0x0000009287e00000)]
  0x000001a3fb04c160 JavaThread "Unconstrained build operations Thread 32" [_thread_blocked, id=15908, stack(0x0000009287e00000,0x0000009287f00000)]
  0x000001a3fb0489b0 JavaThread "Unconstrained build operations Thread 33" [_thread_blocked, id=20784, stack(0x0000009287f00000,0x0000009288000000)]
  0x000001a3fb0493d0 JavaThread "jar transforms Thread 6" [_thread_blocked, id=23796, stack(0x0000009288000000,0x0000009288100000)]
  0x000001a3fb049df0 JavaThread "jar transforms Thread 7" [_thread_blocked, id=18320, stack(0x0000009288100000,0x0000009288200000)]
  0x000001a3fb047a80 JavaThread "jar transforms Thread 8" [_thread_blocked, id=19540, stack(0x0000009288200000,0x0000009288300000)]
  0x000001a3fb04a300 JavaThread "jar transforms Thread 9" [_thread_blocked, id=22660, stack(0x0000009288300000,0x0000009288400000)]
  0x000001a3f993c670 JavaThread "Problems report writer" [_thread_blocked, id=7388, stack(0x0000009288400000,0x0000009288500000)]
  0x000001a3f993cb80 JavaThread "jar transforms Thread 10" [_thread_blocked, id=26368, stack(0x0000009288500000,0x0000009288600000)]
  0x000001a3f993dab0 JavaThread "jar transforms Thread 11" [_thread_blocked, id=24888, stack(0x0000009285300000,0x0000009285400000)]
  0x000001a3f993ad20 JavaThread "Unconstrained build operations Thread 34" [_thread_blocked, id=23460, stack(0x0000009288600000,0x0000009288700000)]
  0x000001a3f993dfc0 JavaThread "Unconstrained build operations Thread 35" [_thread_blocked, id=22312, stack(0x0000009288700000,0x0000009288800000)]
  0x000001a3f993b230 JavaThread "Unconstrained build operations Thread 36" [_thread_blocked, id=19352, stack(0x0000009288800000,0x0000009288900000)]
  0x000001a3f993b740 JavaThread "Unconstrained build operations Thread 37" [_thread_blocked, id=24340, stack(0x0000009288900000,0x0000009288a00000)]
  0x000001a3f993d5a0 JavaThread "Unconstrained build operations Thread 38" [_thread_blocked, id=21988, stack(0x0000009288a00000,0x0000009288b00000)]
  0x000001a3f993e4d0 JavaThread "Unconstrained build operations Thread 39" [_thread_blocked, id=22848, stack(0x0000009288b00000,0x0000009288c00000)]
  0x000001a3f993bc50 JavaThread "Unconstrained build operations Thread 40" [_thread_blocked, id=21604, stack(0x0000009288c00000,0x0000009288d00000)]
  0x000001a3f993d090 JavaThread "Unconstrained build operations Thread 41" [_thread_blocked, id=24500, stack(0x0000009288d00000,0x0000009288e00000)]
  0x000001a3fda52080 JavaThread "Unconstrained build operations Thread 42" [_thread_blocked, id=20820, stack(0x0000009288e00000,0x0000009288f00000)]
  0x000001a3fda51b70 JavaThread "Unconstrained build operations Thread 43" [_thread_blocked, id=13748, stack(0x0000009288f00000,0x0000009289000000)]
  0x000001a3fda4fd10 JavaThread "Unconstrained build operations Thread 44" [_thread_blocked, id=22884, stack(0x0000009289000000,0x0000009289100000)]
  0x000001a3fda4ede0 JavaThread "Unconstrained build operations Thread 45" [_thread_blocked, id=26172, stack(0x0000009289100000,0x0000009289200000)]
  0x000001a3fda51660 JavaThread "Unconstrained build operations Thread 46" [_thread_blocked, id=24676, stack(0x0000009289200000,0x0000009289300000)]
  0x000001a3fda52fb0 JavaThread "Unconstrained build operations Thread 47" [_thread_blocked, id=25572, stack(0x0000009289300000,0x0000009289400000)]
  0x000001a3fda50220 JavaThread "Unconstrained build operations Thread 48" [_thread_blocked, id=8516, stack(0x0000009289400000,0x0000009289500000)]
  0x000001a3fda55830 JavaThread "Unconstrained build operations Thread 49" [_thread_blocked, id=21540, stack(0x0000009289500000,0x0000009289600000)]
  0x000001a3fda539d0 JavaThread "Unconstrained build operations Thread 50" [_thread_blocked, id=24408, stack(0x0000009289600000,0x0000009289700000)]
  0x000001a3fda52590 JavaThread "Unconstrained build operations Thread 51" [_thread_blocked, id=20388, stack(0x0000009289700000,0x0000009289800000)]
  0x000001a3fda54e10 JavaThread "Unconstrained build operations Thread 52" [_thread_blocked, id=13788, stack(0x0000009289800000,0x0000009289900000)]
  0x000001a3fda4f800 JavaThread "Unconstrained build operations Thread 53" [_thread_blocked, id=19288, stack(0x0000009289900000,0x0000009289a00000)]
  0x000001a3fda52aa0 JavaThread "Unconstrained build operations Thread 54" [_thread_blocked, id=23280, stack(0x0000009289a00000,0x0000009289b00000)]
  0x000001a3fda50c40 JavaThread "Unconstrained build operations Thread 55" [_thread_blocked, id=25844, stack(0x0000009289b00000,0x0000009289c00000)]
  0x000001a3fda56760 JavaThread "Unconstrained build operations Thread 56" [_thread_blocked, id=13452, stack(0x0000009289c00000,0x0000009289d00000)]
  0x000001a3fda534c0 JavaThread "Unconstrained build operations Thread 57" [_thread_blocked, id=6548, stack(0x0000009289d00000,0x0000009289e00000)]
  0x000001a3fda53ee0 JavaThread "Unconstrained build operations Thread 58" [_thread_blocked, id=24276, stack(0x0000009289e00000,0x0000009289f00000)]
  0x000001a3fda54900 JavaThread "Unconstrained build operations Thread 59" [_thread_blocked, id=24800, stack(0x0000009289f00000,0x000000928a000000)]
  0x000001a3fda56250 JavaThread "Unconstrained build operations Thread 60" [_thread_blocked, id=23688, stack(0x000000928a000000,0x000000928a100000)]
  0x000001a3fda50730 JavaThread "Unconstrained build operations Thread 61" [_thread_blocked, id=23716, stack(0x000000928a100000,0x000000928a200000)]
  0x000001a3fda55320 JavaThread "Unconstrained build operations Thread 62" [_thread_blocked, id=25828, stack(0x000000928a200000,0x000000928a300000)]
  0x000001a3fda55d40 JavaThread "Unconstrained build operations Thread 63" [_thread_blocked, id=19016, stack(0x000000928a300000,0x000000928a400000)]
  0x000001a3fda4f2f0 JavaThread "Unconstrained build operations Thread 64" [_thread_blocked, id=4908, stack(0x000000928a400000,0x000000928a500000)]
  0x000001a3fda51150 JavaThread "Unconstrained build operations Thread 65" [_thread_blocked, id=10016, stack(0x000000928a500000,0x000000928a600000)]
  0x000001a3fac15480 JavaThread "Unconstrained build operations Thread 66" [_thread_blocked, id=21656, stack(0x000000928a600000,0x000000928a700000)]
  0x000001a3fac15990 JavaThread "jar transforms Thread 12" [_thread_blocked, id=21120, stack(0x000000928a700000,0x000000928a800000)]
  0x000001a3fac14a60 JavaThread "build event listener" [_thread_blocked, id=5556, stack(0x0000009283800000,0x0000009283900000)]
  0x000001a3fdad53e0 JavaThread "C2 CompilerThread1" daemon [_thread_blocked, id=2596, stack(0x000000928a800000,0x000000928a900000)]
  0x000001a3fac16dd0 JavaThread "Memory manager" [_thread_blocked, id=21048, stack(0x000000928a900000,0x000000928aa00000)]
  0x000001a3f9b54a80 JavaThread "pool-3-thread-1" [_thread_blocked, id=22668, stack(0x000000928aa00000,0x000000928ab00000)]
  0x000001a3f9b54f90 JavaThread "build event listener" [_thread_blocked, id=16228, stack(0x000000928ab00000,0x000000928ac00000)]
  0x000001a3f9b54060 JavaThread "included builds" [_thread_blocked, id=3112, stack(0x000000928ac00000,0x000000928ad00000)]
  0x000001a3f9b57300 JavaThread "Execution worker" [_thread_blocked, id=4012, stack(0x000000928ad00000,0x000000928ae00000)]
  0x000001a3f9b52c20 JavaThread "Execution worker Thread 2" [_thread_blocked, id=14164, stack(0x000000928ae00000,0x000000928af00000)]
  0x000001a3f9b54570 JavaThread "Execution worker Thread 3" [_thread_blocked, id=21820, stack(0x000000928af00000,0x000000928b000000)]
  0x000001a3f9b559b0 JavaThread "Execution worker Thread 4" [_thread_blocked, id=23400, stack(0x000000928b000000,0x000000928b100000)]
  0x000001a3f9b51cf0 JavaThread "Execution worker Thread 5" [_thread_blocked, id=3988, stack(0x000000928b100000,0x000000928b200000)]
  0x000001a3f9b53130 JavaThread "Execution worker Thread 6" [_thread_blocked, id=9264, stack(0x000000928b200000,0x000000928b300000)]
  0x000001a3f9b55ec0 JavaThread "Execution worker Thread 7" [_thread_blocked, id=13852, stack(0x000000928b300000,0x000000928b400000)]
  0x000001a3f9b563d0 JavaThread "Execution worker Thread 8" [_thread_blocked, id=8356, stack(0x000000928b400000,0x000000928b500000)]
  0x000001a3f9b52200 JavaThread "Execution worker Thread 9" [_thread_blocked, id=9596, stack(0x000000928b500000,0x000000928b600000)]
  0x000001a3f9b53640 JavaThread "Execution worker Thread 10" [_thread_blocked, id=6048, stack(0x000000928b600000,0x000000928b700000)]
  0x000001a3f9b56df0 JavaThread "Execution worker Thread 11" [_thread_blocked, id=17140, stack(0x000000928b700000,0x000000928b800000)]
  0x000001a3f9b568e0 JavaThread "Cache worker for execution history cache (C:\Users\LEGION\Backgammon-game\.gradle\8.13\executionHistory)" [_thread_blocked, id=16160, stack(0x000000928b800000,0x000000928b900000)]
  0x000001a3f9b4fe90 JavaThread "Unconstrained build operations Thread 67" [_thread_blocked, id=16600, stack(0x000000928b900000,0x000000928ba00000)]
  0x000001a3f9b57810 JavaThread "Unconstrained build operations Thread 68" [_thread_blocked, id=7396, stack(0x000000928ba00000,0x000000928bb00000)]
  0x000001a3f9b503a0 JavaThread "Unconstrained build operations Thread 69" [_thread_blocked, id=17544, stack(0x000000928bb00000,0x000000928bc00000)]
  0x000001a3f9b50dc0 JavaThread "Unconstrained build operations Thread 70" [_thread_blocked, id=22452, stack(0x000000928bc00000,0x000000928bd00000)]
  0x000001a3f9b52710 JavaThread "Unconstrained build operations Thread 71" [_thread_blocked, id=22112, stack(0x000000928bd00000,0x000000928be00000)]
  0x000001a3fda543f0 JavaThread "Unconstrained build operations Thread 72" [_thread_blocked, id=18520, stack(0x000000928be00000,0x000000928bf00000)]
  0x000001a3b258b850 JavaThread "Unconstrained build operations Thread 73" [_thread_blocked, id=23668, stack(0x000000928bf00000,0x000000928c000000)]
  0x000001a3b2586c60 JavaThread "Unconstrained build operations Thread 74" [_thread_blocked, id=5856, stack(0x000000928c000000,0x000000928c100000)]
  0x000001a3b2587680 JavaThread "Unconstrained build operations Thread 75" [_thread_blocked, id=19860, stack(0x000000928c100000,0x000000928c200000)]
  0x000001a3b258b340 JavaThread "Unconstrained build operations Thread 76" [_thread_blocked, id=23032, stack(0x000000928c200000,0x000000928c300000)]
  0x000001a3b258ae30 JavaThread "Unconstrained build operations Thread 77" [_thread_blocked, id=17676, stack(0x000000928c300000,0x000000928c400000)]
  0x000001a3b258d1a0 JavaThread "Unconstrained build operations Thread 78" [_thread_blocked, id=3860, stack(0x000000928c400000,0x000000928c500000)]
  0x000001a3b258c270 JavaThread "Unconstrained build operations Thread 79" [_thread_blocked, id=16852, stack(0x000000928c500000,0x000000928c600000)]
  0x000001a3b2588fd0 JavaThread "Unconstrained build operations Thread 80" [_thread_blocked, id=15160, stack(0x000000928c600000,0x000000928c700000)]
  0x000001a3b258c780 JavaThread "Unconstrained build operations Thread 81" [_thread_blocked, id=15024, stack(0x000000928c700000,0x000000928c800000)]
  0x000001a3b258cc90 JavaThread "Unconstrained build operations Thread 82" [_thread_blocked, id=3460, stack(0x000000928c800000,0x000000928c900000)]
  0x000001a3b258dbc0 JavaThread "Unconstrained build operations Thread 83" [_thread_blocked, id=12604, stack(0x000000928c900000,0x000000928ca00000)]
  0x000001a3b2586750 JavaThread "Unconstrained build operations Thread 84" [_thread_blocked, id=12968, stack(0x000000928ca00000,0x000000928cb00000)]
  0x000001a3b258d6b0 JavaThread "Unconstrained build operations Thread 85" [_thread_blocked, id=22860, stack(0x000000928cb00000,0x000000928cc00000)]
  0x000001a3b258e0d0 JavaThread "Unconstrained build operations Thread 86" [_thread_blocked, id=26616, stack(0x000000928cc00000,0x000000928cd00000)]
  0x000001a3b25894e0 JavaThread "Unconstrained build operations Thread 87" [_thread_blocked, id=3220, stack(0x000000928cd00000,0x000000928ce00000)]
  0x000001a3b2587b90 JavaThread "Unconstrained build operations Thread 88" [_thread_blocked, id=4304, stack(0x000000928ce00000,0x000000928cf00000)]
  0x000001a3b2587170 JavaThread "Unconstrained build operations Thread 89" [_thread_blocked, id=6988, stack(0x000000928cf00000,0x000000928d000000)]
  0x000001a3b25885b0 JavaThread "Unconstrained build operations Thread 90" [_thread_blocked, id=13864, stack(0x000000928d000000,0x000000928d100000)]
  0x000001a3b25880a0 JavaThread "Unconstrained build operations Thread 91" [_thread_blocked, id=9892, stack(0x000000928d100000,0x000000928d200000)]
  0x000001a3b2588ac0 JavaThread "Unconstrained build operations Thread 92" [_thread_blocked, id=17032, stack(0x000000928d200000,0x000000928d300000)]
  0x000001a3b258a410 JavaThread "Unconstrained build operations Thread 93" [_thread_blocked, id=14964, stack(0x000000928d300000,0x000000928d400000)]
  0x000001a3b2589f00 JavaThread "Unconstrained build operations Thread 94" [_thread_blocked, id=11660, stack(0x000000928d400000,0x000000928d500000)]
  0x000001a3b25899f0 JavaThread "Unconstrained build operations Thread 95" [_thread_blocked, id=6004, stack(0x000000928d500000,0x000000928d600000)]
  0x000001a3fcd53350 JavaThread "Unconstrained build operations Thread 96" [_thread_blocked, id=172, stack(0x000000928d600000,0x000000928d700000)]
  0x000001a3fcd53860 JavaThread "Unconstrained build operations Thread 97" [_thread_blocked, id=1228, stack(0x000000928d700000,0x000000928d800000)]
  0x000001a3fcd53d70 JavaThread "Unconstrained build operations Thread 98" [_thread_blocked, id=17220, stack(0x000000928d800000,0x000000928d900000)]
  0x000001a3fcd54790 JavaThread "Unconstrained build operations Thread 99" [_thread_blocked, id=24448, stack(0x000000928d900000,0x000000928da00000)]
  0x000001a3fcd52e40 JavaThread "Unconstrained build operations Thread 100" [_thread_blocked, id=2012, stack(0x000000928da00000,0x000000928db00000)]
  0x000001a3fcd51a00 JavaThread "Unconstrained build operations Thread 101" [_thread_blocked, id=5116, stack(0x000000928db00000,0x000000928dc00000)]
  0x000001a3fcd54ca0 JavaThread "Unconstrained build operations Thread 102" [_thread_blocked, id=8428, stack(0x000000928dc00000,0x000000928dd00000)]
  0x000001a3fcd54280 JavaThread "Unconstrained build operations Thread 103" [_thread_blocked, id=11412, stack(0x000000928dd00000,0x000000928de00000)]
  0x000001a3fcd57520 JavaThread "Unconstrained build operations Thread 104" [_thread_blocked, id=16068, stack(0x000000928de00000,0x000000928df00000)]
  0x000001a3fcd551b0 JavaThread "Unconstrained build operations Thread 105" [_thread_blocked, id=2620, stack(0x000000928df00000,0x000000928e000000)]
  0x000001a3fcd514f0 JavaThread "Unconstrained build operations Thread 106" [_thread_blocked, id=9324, stack(0x000000928e000000,0x000000928e100000)]
  0x000001a3fcd556c0 JavaThread "Unconstrained build operations Thread 107" [_thread_blocked, id=22432, stack(0x000000928e100000,0x000000928e200000)]
  0x000001a3fcd55bd0 JavaThread "Unconstrained build operations Thread 108" [_thread_blocked, id=24992, stack(0x000000928e200000,0x000000928e300000)]
  0x000001a3fcd560e0 JavaThread "Unconstrained build operations Thread 109" [_thread_blocked, id=4100, stack(0x000000928e300000,0x000000928e400000)]
  0x000001a3fcd52930 JavaThread "Unconstrained build operations Thread 110" [_thread_blocked, id=18908, stack(0x000000928e400000,0x000000928e500000)]
  0x000001a3fcd500b0 JavaThread "Unconstrained build operations Thread 111" [_thread_blocked, id=16460, stack(0x000000928e500000,0x000000928e600000)]
  0x000001a3fcd51f10 JavaThread "Unconstrained build operations Thread 112" [_thread_blocked, id=16552, stack(0x000000928e600000,0x000000928e700000)]
  0x000001a3fcd52420 JavaThread "Unconstrained build operations Thread 113" [_thread_blocked, id=22828, stack(0x000000928e700000,0x000000928e800000)]
  0x000001a3fcd565f0 JavaThread "Unconstrained build operations Thread 114" [_thread_blocked, id=16168, stack(0x000000928e800000,0x000000928e900000)]
  0x000001a3fcd56b00 JavaThread "Unconstrained build operations Thread 115" [_thread_blocked, id=5740, stack(0x000000928e900000,0x000000928ea00000)]
  0x000001a3fcd57010 JavaThread "Unconstrained build operations Thread 116" [_thread_blocked, id=3464, stack(0x000000928ea00000,0x000000928eb00000)]
  0x000001a3fcd57a30 JavaThread "Unconstrained build operations Thread 117" [_thread_blocked, id=23768, stack(0x000000928eb00000,0x000000928ec00000)]
  0x000001a3fcd505c0 JavaThread "Unconstrained build operations Thread 118" [_thread_blocked, id=2084, stack(0x000000928ec00000,0x000000928ed00000)]
  0x000001a3fcd50ad0 JavaThread "Unconstrained build operations Thread 119" [_thread_blocked, id=6360, stack(0x000000928ed00000,0x000000928ee00000)]
  0x000001a3fcd50fe0 JavaThread "Unconstrained build operations Thread 120" [_thread_blocked, id=18560, stack(0x000000928ee00000,0x000000928ef00000)]
  0x000001a3fb2a9190 JavaThread "WorkerExecutor Queue" [_thread_blocked, id=24488, stack(0x000000928ef00000,0x000000928f000000)]
  0x000001a3fb2aa5d0 JavaThread "WorkerExecutor Queue Thread 2" [_thread_blocked, id=19252, stack(0x000000928f000000,0x000000928f100000)]
  0x000001a3fb2aaff0 JavaThread "WorkerExecutor Queue Thread 3" [_thread_blocked, id=11276, stack(0x000000928f100000,0x000000928f200000)]
  0x000001a3fb2a8c80 JavaThread "WorkerExecutor Queue Thread 4" [_thread_blocked, id=17732, stack(0x000000928f200000,0x000000928f300000)]
  0x000001a3fb2a9bb0 JavaThread "pool-4-thread-1" [_thread_blocked, id=17240, stack(0x000000928f300000,0x000000928f400000)]
  0x000001a3fb2ace50 JavaThread "stderr" [_thread_in_native, id=10036, stack(0x000000928f400000,0x000000928f500000)]
  0x000001a3fb2aaae0 JavaThread "stdout" [_thread_in_native, id=8332, stack(0x000000928f500000,0x000000928f600000)]

Other Threads:
=>0x000001a3b21554a0 VMThread "VM Thread" [stack: 0x0000009282b00000,0x0000009282c00000] [id=23284]
  0x000001a392b4f9f0 WatcherThread [stack: 0x0000009283700000,0x0000009283800000] [id=10248]
  0x000001a392b9c050 GCTaskThread "GC Thread#0" [stack: 0x0000009282600000,0x0000009282700000] [id=23240]
  0x000001a3b26d3910 GCTaskThread "GC Thread#1" [stack: 0x0000009283900000,0x0000009283a00000] [id=22652]
  0x000001a3b2792130 GCTaskThread "GC Thread#2" [stack: 0x0000009283a00000,0x0000009283b00000] [id=22756]
  0x000001a3b28e2e90 GCTaskThread "GC Thread#3" [stack: 0x0000009283b00000,0x0000009283c00000] [id=11300]
  0x000001a3b28e3150 GCTaskThread "GC Thread#4" [stack: 0x0000009283c00000,0x0000009283d00000] [id=23144]
  0x000001a3b28e3410 GCTaskThread "GC Thread#5" [stack: 0x0000009283d00000,0x0000009283e00000] [id=5624]
  0x000001a3f9dbc550 GCTaskThread "GC Thread#6" [stack: 0x0000009284d00000,0x0000009284e00000] [id=24824]
  0x000001a3f9dbb4d0 GCTaskThread "GC Thread#7" [stack: 0x0000009284e00000,0x0000009284f00000] [id=7804]
  0x000001a3f9dbcad0 GCTaskThread "GC Thread#8" [stack: 0x0000009284f00000,0x0000009285000000] [id=22812]
  0x000001a3f9dbc290 GCTaskThread "GC Thread#9" [stack: 0x0000009285000000,0x0000009285100000] [id=26072]
  0x000001a392ba8eb0 ConcurrentGCThread "G1 Main Marker" [stack: 0x0000009282700000,0x0000009282800000] [id=17120]
  0x000001a392ba9f80 ConcurrentGCThread "G1 Conc#0" [stack: 0x0000009282800000,0x0000009282900000] [id=23244]
  0x000001a3f9dbb790 ConcurrentGCThread "G1 Conc#1" [stack: 0x0000009285100000,0x0000009285200000] [id=15512]
  0x000001a3f9dbba50 ConcurrentGCThread "G1 Conc#2" [stack: 0x0000009285200000,0x0000009285300000] [id=24232]
  0x000001a392c0e120 ConcurrentGCThread "G1 Refine#0" [stack: 0x0000009282900000,0x0000009282a00000] [id=24400]
  0x000001a392c0ea60 ConcurrentGCThread "G1 Service" [stack: 0x0000009282a00000,0x0000009282b00000] [id=23844]

Threads with active compile tasks:
C2 CompilerThread0  20916 12962       4       com.android.tools.r8.graph.l3::o0 (34 bytes)
C2 CompilerThread1  20916 12919 % !   4       com.android.tools.r8.dex.a::b @ 599 (3650 bytes)

VM state: at safepoint (normal execution)

VM Mutex/Monitor currently owned by a thread:  ([mutex/lock_event])
[0x000001a392b4bae0] Threads_lock - owner thread: 0x000001a3b21554a0
[0x000001a392b4adf0] Heap_lock - owner thread: 0x000001a3fb2aaff0

Heap address: 0x00000000a0000000, size: 1536 MB, Compressed Oops mode: 32-bit

CDS archive(s) mapped at: [0x000001a3b3000000-0x000001a3b3bb0000-0x000001a3b3bb0000), size 12255232, SharedBaseAddress: 0x000001a3b3000000, ArchiveRelocationMode: 1.
Compressed class space mapped at: 0x000001a3b4000000-0x000001a3f4000000, reserved size: 1073741824
Narrow klass base: 0x000001a3b3000000, Narrow klass shift: 0, Narrow klass range: 0x100000000

GC Precious Log:
 CPUs: 12 total, 12 available
 Memory: 16251M
 Large Page Support: Disabled
 NUMA Support: Disabled
 Compressed Oops: Enabled (32-bit)
 Heap Region Size: 1M
 Heap Min Capacity: 8M
 Heap Initial Capacity: 254M
 Heap Max Capacity: 1536M
 Pre-touch: Disabled
 Parallel Workers: 10
 Concurrent Workers: 3
 Concurrent Refinement Workers: 10
 Periodic GC: Disabled

Heap:
 garbage-first heap   total 209920K, used 148971K [0x00000000a0000000, 0x0000000100000000)
  region size 1024K, 6 young (6144K), 6 survivors (6144K)
 Metaspace       used 97789K, committed 98752K, reserved 1179648K
  class space    used 13389K, committed 13824K, reserved 1048576K

Heap Regions: E=young(eden), S=young(survivor), O=old, HS=humongous(starts), HC=humongous(continues), CS=collection set, F=free, OA=open archive, CA=closed archive, TAMS=top-at-mark-start (previous, next)
|   0|0x00000000a0000000, 0x00000000a0100000, 0x00000000a0100000|100%|HS|  |TAMS 0x00000000a0100000, 0x00000000a0100000| Complete 
|   1|0x00000000a0100000, 0x00000000a0200000, 0x00000000a0200000|100%|HC|  |TAMS 0x00000000a0200000, 0x00000000a0200000| Complete 
|   2|0x00000000a0200000, 0x00000000a0300000, 0x00000000a0300000|100%|HC|  |TAMS 0x00000000a0300000, 0x00000000a0300000| Complete 
|   3|0x00000000a0300000, 0x00000000a0400000, 0x00000000a0400000|100%|HS|  |TAMS 0x00000000a0300000, 0x00000000a0400000| Complete 
|   4|0x00000000a0400000, 0x00000000a0500000, 0x00000000a0500000|100%| O|  |TAMS 0x00000000a0500000, 0x00000000a0500000| Untracked 
|   5|0x00000000a0500000, 0x00000000a0600000, 0x00000000a0600000|100%| O|  |TAMS 0x00000000a0600000, 0x00000000a0600000| Untracked 
|   6|0x00000000a0600000, 0x00000000a0700000, 0x00000000a0700000|100%| O|  |TAMS 0x00000000a0700000, 0x00000000a0700000| Untracked 
|   7|0x00000000a0700000, 0x00000000a0800000, 0x00000000a0800000|100%|HS|  |TAMS 0x00000000a0800000, 0x00000000a0800000| Complete 
|   8|0x00000000a0800000, 0x00000000a0900000, 0x00000000a0900000|100%| O|  |TAMS 0x00000000a0900000, 0x00000000a0900000| Untracked 
|   9|0x00000000a0900000, 0x00000000a0a00000, 0x00000000a0a00000|100%| O|  |TAMS 0x00000000a0a00000, 0x00000000a0a00000| Untracked 
|  10|0x00000000a0a00000, 0x00000000a0b00000, 0x00000000a0b00000|100%| O|  |TAMS 0x00000000a0b00000, 0x00000000a0b00000| Untracked 
|  11|0x00000000a0b00000, 0x00000000a0c00000, 0x00000000a0c00000|100%| O|  |TAMS 0x00000000a0c00000, 0x00000000a0c00000| Untracked 
|  12|0x00000000a0c00000, 0x00000000a0d00000, 0x00000000a0d00000|100%| O|  |TAMS 0x00000000a0d00000, 0x00000000a0d00000| Untracked 
|  13|0x00000000a0d00000, 0x00000000a0e00000, 0x00000000a0e00000|100%| O|  |TAMS 0x00000000a0e00000, 0x00000000a0e00000| Untracked 
|  14|0x00000000a0e00000, 0x00000000a0f00000, 0x00000000a0f00000|100%| O|  |TAMS 0x00000000a0f00000, 0x00000000a0f00000| Untracked 
|  15|0x00000000a0f00000, 0x00000000a1000000, 0x00000000a1000000|100%| O|  |TAMS 0x00000000a1000000, 0x00000000a1000000| Untracked 
|  16|0x00000000a1000000, 0x00000000a1100000, 0x00000000a1100000|100%| O|  |TAMS 0x00000000a1100000, 0x00000000a1100000| Untracked 
|  17|0x00000000a1100000, 0x00000000a1200000, 0x00000000a1200000|100%| O|  |TAMS 0x00000000a1200000, 0x00000000a1200000| Untracked 
|  18|0x00000000a1200000, 0x00000000a1300000, 0x00000000a1300000|100%| O|  |TAMS 0x00000000a1300000, 0x00000000a1300000| Untracked 
|  19|0x00000000a1300000, 0x00000000a1400000, 0x00000000a1400000|100%| O|  |TAMS 0x00000000a1400000, 0x00000000a1400000| Untracked 
|  20|0x00000000a1400000, 0x00000000a1500000, 0x00000000a1500000|100%| O|  |TAMS 0x00000000a1500000, 0x00000000a1500000| Untracked 
|  21|0x00000000a1500000, 0x00000000a1600000, 0x00000000a1600000|100%| O|  |TAMS 0x00000000a1600000, 0x00000000a1600000| Untracked 
|  22|0x00000000a1600000, 0x00000000a1700000, 0x00000000a1700000|100%| O|  |TAMS 0x00000000a1700000, 0x00000000a1700000| Untracked 
|  23|0x00000000a1700000, 0x00000000a1800000, 0x00000000a1800000|100%| O|  |TAMS 0x00000000a1800000, 0x00000000a1800000| Untracked 
|  24|0x00000000a1800000, 0x00000000a1900000, 0x00000000a1900000|100%| O|  |TAMS 0x00000000a1900000, 0x00000000a1900000| Untracked 
|  25|0x00000000a1900000, 0x00000000a1a00000, 0x00000000a1a00000|100%| O|  |TAMS 0x00000000a1a00000, 0x00000000a1a00000| Untracked 
|  26|0x00000000a1a00000, 0x00000000a1b00000, 0x00000000a1b00000|100%| O|  |TAMS 0x00000000a1b00000, 0x00000000a1b00000| Untracked 
|  27|0x00000000a1b00000, 0x00000000a1c00000, 0x00000000a1c00000|100%| O|  |TAMS 0x00000000a1c00000, 0x00000000a1c00000| Untracked 
|  28|0x00000000a1c00000, 0x00000000a1d00000, 0x00000000a1d00000|100%| O|  |TAMS 0x00000000a1d00000, 0x00000000a1d00000| Untracked 
|  29|0x00000000a1d00000, 0x00000000a1e00000, 0x00000000a1e00000|100%| O|  |TAMS 0x00000000a1e00000, 0x00000000a1e00000| Untracked 
|  30|0x00000000a1e00000, 0x00000000a1f00000, 0x00000000a1f00000|100%| O|  |TAMS 0x00000000a1f00000, 0x00000000a1f00000| Untracked 
|  31|0x00000000a1f00000, 0x00000000a2000000, 0x00000000a2000000|100%| O|  |TAMS 0x00000000a2000000, 0x00000000a2000000| Untracked 
|  32|0x00000000a2000000, 0x00000000a2100000, 0x00000000a2100000|100%| O|  |TAMS 0x00000000a2100000, 0x00000000a2100000| Untracked 
|  33|0x00000000a2100000, 0x00000000a2200000, 0x00000000a2200000|100%| O|  |TAMS 0x00000000a2200000, 0x00000000a2200000| Untracked 
|  34|0x00000000a2200000, 0x00000000a2300000, 0x00000000a2300000|100%| O|  |TAMS 0x00000000a2300000, 0x00000000a2300000| Untracked 
|  35|0x00000000a2300000, 0x00000000a2400000, 0x00000000a2400000|100%| O|  |TAMS 0x00000000a2400000, 0x00000000a2400000| Untracked 
|  36|0x00000000a2400000, 0x00000000a2500000, 0x00000000a2500000|100%| O|  |TAMS 0x00000000a2500000, 0x00000000a2500000| Untracked 
|  37|0x00000000a2500000, 0x00000000a2600000, 0x00000000a2600000|100%| O|  |TAMS 0x00000000a2600000, 0x00000000a2600000| Untracked 
|  38|0x00000000a2600000, 0x00000000a2700000, 0x00000000a2700000|100%| O|  |TAMS 0x00000000a2700000, 0x00000000a2700000| Untracked 
|  39|0x00000000a2700000, 0x00000000a2800000, 0x00000000a2800000|100%| O|  |TAMS 0x00000000a2800000, 0x00000000a2800000| Untracked 
|  40|0x00000000a2800000, 0x00000000a2900000, 0x00000000a2900000|100%| O|  |TAMS 0x00000000a2900000, 0x00000000a2900000| Untracked 
|  41|0x00000000a2900000, 0x00000000a2a00000, 0x00000000a2a00000|100%| O|  |TAMS 0x00000000a2a00000, 0x00000000a2a00000| Untracked 
|  42|0x00000000a2a00000, 0x00000000a2b00000, 0x00000000a2b00000|100%| O|  |TAMS 0x00000000a2b00000, 0x00000000a2b00000| Untracked 
|  43|0x00000000a2b00000, 0x00000000a2c00000, 0x00000000a2c00000|100%| O|  |TAMS 0x00000000a2c00000, 0x00000000a2c00000| Untracked 
|  44|0x00000000a2c00000, 0x00000000a2d00000, 0x00000000a2d00000|100%| O|  |TAMS 0x00000000a2d00000, 0x00000000a2d00000| Untracked 
|  45|0x00000000a2d00000, 0x00000000a2e00000, 0x00000000a2e00000|100%| O|  |TAMS 0x00000000a2e00000, 0x00000000a2e00000| Untracked 
|  46|0x00000000a2e00000, 0x00000000a2f00000, 0x00000000a2f00000|100%| O|  |TAMS 0x00000000a2f00000, 0x00000000a2f00000| Untracked 
|  47|0x00000000a2f00000, 0x00000000a3000000, 0x00000000a3000000|100%| O|  |TAMS 0x00000000a3000000, 0x00000000a3000000| Untracked 
|  48|0x00000000a3000000, 0x00000000a3100000, 0x00000000a3100000|100%|HS|  |TAMS 0x00000000a3100000, 0x00000000a3100000| Complete 
|  49|0x00000000a3100000, 0x00000000a3200000, 0x00000000a3200000|100%|HS|  |TAMS 0x00000000a3200000, 0x00000000a3200000| Complete 
|  50|0x00000000a3200000, 0x00000000a3300000, 0x00000000a3300000|100%|HS|  |TAMS 0x00000000a3300000, 0x00000000a3300000| Complete 
|  51|0x00000000a3300000, 0x00000000a3400000, 0x00000000a3400000|100%| O|  |TAMS 0x00000000a3400000, 0x00000000a3400000| Untracked 
|  52|0x00000000a3400000, 0x00000000a3500000, 0x00000000a3500000|100%|HS|  |TAMS 0x00000000a3500000, 0x00000000a3500000| Complete 
|  53|0x00000000a3500000, 0x00000000a3600000, 0x00000000a3600000|100%|HS|  |TAMS 0x00000000a3600000, 0x00000000a3600000| Complete 
|  54|0x00000000a3600000, 0x00000000a3700000, 0x00000000a3700000|100%| O|  |TAMS 0x00000000a3700000, 0x00000000a3700000| Untracked 
|  55|0x00000000a3700000, 0x00000000a3800000, 0x00000000a3800000|100%| O|  |TAMS 0x00000000a3800000, 0x00000000a3800000| Untracked 
|  56|0x00000000a3800000, 0x00000000a3900000, 0x00000000a3900000|100%| O|  |TAMS 0x00000000a3900000, 0x00000000a3900000| Untracked 
|  57|0x00000000a3900000, 0x00000000a3a00000, 0x00000000a3a00000|100%| O|  |TAMS 0x00000000a3a00000, 0x00000000a3a00000| Untracked 
|  58|0x00000000a3a00000, 0x00000000a3b00000, 0x00000000a3b00000|100%| O|  |TAMS 0x00000000a3b00000, 0x00000000a3b00000| Untracked 
|  59|0x00000000a3b00000, 0x00000000a3c00000, 0x00000000a3c00000|100%| O|  |TAMS 0x00000000a3c00000, 0x00000000a3c00000| Untracked 
|  60|0x00000000a3c00000, 0x00000000a3d00000, 0x00000000a3d00000|100%| O|  |TAMS 0x00000000a3d00000, 0x00000000a3d00000| Untracked 
|  61|0x00000000a3d00000, 0x00000000a3e00000, 0x00000000a3e00000|100%| O|  |TAMS 0x00000000a3e00000, 0x00000000a3e00000| Untracked 
|  62|0x00000000a3e00000, 0x00000000a3f00000, 0x00000000a3f00000|100%| O|  |TAMS 0x00000000a3f00000, 0x00000000a3f00000| Untracked 
|  63|0x00000000a3f00000, 0x00000000a4000000, 0x00000000a4000000|100%|HS|  |TAMS 0x00000000a4000000, 0x00000000a4000000| Complete 
|  64|0x00000000a4000000, 0x00000000a4100000, 0x00000000a4100000|100%| O|  |TAMS 0x00000000a4100000, 0x00000000a4100000| Untracked 
|  65|0x00000000a4100000, 0x00000000a4200000, 0x00000000a4200000|100%| O|  |TAMS 0x00000000a4200000, 0x00000000a4200000| Untracked 
|  66|0x00000000a4200000, 0x00000000a4300000, 0x00000000a4300000|100%| O|  |TAMS 0x00000000a4300000, 0x00000000a4300000| Untracked 
|  67|0x00000000a4300000, 0x00000000a4400000, 0x00000000a4400000|100%| O|  |TAMS 0x00000000a4400000, 0x00000000a4400000| Untracked 
|  68|0x00000000a4400000, 0x00000000a4500000, 0x00000000a4500000|100%| O|  |TAMS 0x00000000a4500000, 0x00000000a4500000| Untracked 
|  69|0x00000000a4500000, 0x00000000a4600000, 0x00000000a4600000|100%| O|  |TAMS 0x00000000a4600000, 0x00000000a4600000| Untracked 
|  70|0x00000000a4600000, 0x00000000a4700000, 0x00000000a4700000|100%| O|  |TAMS 0x00000000a4700000, 0x00000000a4700000| Untracked 
|  71|0x00000000a4700000, 0x00000000a4800000, 0x00000000a4800000|100%| O|  |TAMS 0x00000000a4800000, 0x00000000a4800000| Untracked 
|  72|0x00000000a4800000, 0x00000000a4900000, 0x00000000a4900000|100%| O|  |TAMS 0x00000000a4900000, 0x00000000a4900000| Untracked 
|  73|0x00000000a4900000, 0x00000000a4a00000, 0x00000000a4a00000|100%| O|  |TAMS 0x00000000a4a00000, 0x00000000a4a00000| Untracked 
|  74|0x00000000a4a00000, 0x00000000a4b00000, 0x00000000a4b00000|100%|HS|  |TAMS 0x00000000a4b00000, 0x00000000a4b00000| Complete 
|  75|0x00000000a4b00000, 0x00000000a4c00000, 0x00000000a4c00000|100%| O|  |TAMS 0x00000000a4c00000, 0x00000000a4c00000| Untracked 
|  76|0x00000000a4c00000, 0x00000000a4d00000, 0x00000000a4d00000|100%| O|  |TAMS 0x00000000a4d00000, 0x00000000a4d00000| Untracked 
|  77|0x00000000a4d00000, 0x00000000a4e00000, 0x00000000a4e00000|100%| O|  |TAMS 0x00000000a4e00000, 0x00000000a4e00000| Untracked 
|  78|0x00000000a4e00000, 0x00000000a4f00000, 0x00000000a4f00000|100%| O|  |TAMS 0x00000000a4f00000, 0x00000000a4f00000| Untracked 
|  79|0x00000000a4f00000, 0x00000000a5000000, 0x00000000a5000000|100%| O|  |TAMS 0x00000000a5000000, 0x00000000a5000000| Untracked 
|  80|0x00000000a5000000, 0x00000000a5100000, 0x00000000a5100000|100%| O|  |TAMS 0x00000000a5100000, 0x00000000a5100000| Untracked 
|  81|0x00000000a5100000, 0x00000000a5200000, 0x00000000a5200000|100%| O|  |TAMS 0x00000000a5200000, 0x00000000a5200000| Untracked 
|  82|0x00000000a5200000, 0x00000000a5300000, 0x00000000a5300000|100%| O|  |TAMS 0x00000000a5300000, 0x00000000a5300000| Untracked 
|  83|0x00000000a5300000, 0x00000000a5400000, 0x00000000a5400000|100%| O|  |TAMS 0x00000000a5400000, 0x00000000a5400000| Untracked 
|  84|0x00000000a5400000, 0x00000000a5500000, 0x00000000a5500000|100%| O|  |TAMS 0x00000000a5500000, 0x00000000a5500000| Untracked 
|  85|0x00000000a5500000, 0x00000000a5600000, 0x00000000a5600000|100%| O|  |TAMS 0x00000000a5600000, 0x00000000a5600000| Untracked 
|  86|0x00000000a5600000, 0x00000000a5700000, 0x00000000a5700000|100%| O|  |TAMS 0x00000000a5700000, 0x00000000a5700000| Untracked 
|  87|0x00000000a5700000, 0x00000000a5800000, 0x00000000a5800000|100%| O|  |TAMS 0x00000000a5800000, 0x00000000a5800000| Untracked 
|  88|0x00000000a5800000, 0x00000000a5900000, 0x00000000a5900000|100%| O|  |TAMS 0x00000000a5900000, 0x00000000a5900000| Untracked 
|  89|0x00000000a5900000, 0x00000000a5a00000, 0x00000000a5a00000|100%| O|  |TAMS 0x00000000a5a00000, 0x00000000a5a00000| Untracked 
|  90|0x00000000a5a00000, 0x00000000a5b00000, 0x00000000a5b00000|100%| O|  |TAMS 0x00000000a5b00000, 0x00000000a5b00000| Untracked 
|  91|0x00000000a5b00000, 0x00000000a5c00000, 0x00000000a5c00000|100%| O|  |TAMS 0x00000000a5c00000, 0x00000000a5c00000| Untracked 
|  92|0x00000000a5c00000, 0x00000000a5d00000, 0x00000000a5d00000|100%| O|  |TAMS 0x00000000a5d00000, 0x00000000a5d00000| Untracked 
|  93|0x00000000a5d00000, 0x00000000a5e00000, 0x00000000a5e00000|100%| O|  |TAMS 0x00000000a5e00000, 0x00000000a5e00000| Untracked 
|  94|0x00000000a5e00000, 0x00000000a5f00000, 0x00000000a5f00000|100%| O|  |TAMS 0x00000000a5f00000, 0x00000000a5f00000| Untracked 
|  95|0x00000000a5f00000, 0x00000000a6000000, 0x00000000a6000000|100%| O|  |TAMS 0x00000000a5f00000, 0x00000000a5f00000| Untracked 
|  96|0x00000000a6000000, 0x00000000a6100000, 0x00000000a6100000|100%| O|  |TAMS 0x00000000a6100000, 0x00000000a6100000| Untracked 
|  97|0x00000000a6100000, 0x00000000a6200000, 0x00000000a6200000|100%| O|  |TAMS 0x00000000a6200000, 0x00000000a6200000| Untracked 
|  98|0x00000000a6200000, 0x00000000a6300000, 0x00000000a6300000|100%| O|  |TAMS 0x00000000a6300000, 0x00000000a6300000| Untracked 
|  99|0x00000000a6300000, 0x00000000a6400000, 0x00000000a6400000|100%| O|  |TAMS 0x00000000a6400000, 0x00000000a6400000| Untracked 
| 100|0x00000000a6400000, 0x00000000a6500000, 0x00000000a6500000|100%| O|  |TAMS 0x00000000a6500000, 0x00000000a6500000| Untracked 
| 101|0x00000000a6500000, 0x00000000a6600000, 0x00000000a6600000|100%| O|  |TAMS 0x00000000a6600000, 0x00000000a6600000| Untracked 
| 102|0x00000000a6600000, 0x00000000a6700000, 0x00000000a6700000|100%| O|  |TAMS 0x00000000a6700000, 0x00000000a6700000| Untracked 
| 103|0x00000000a6700000, 0x00000000a6800000, 0x00000000a6800000|100%| O|  |TAMS 0x00000000a6800000, 0x00000000a6800000| Untracked 
| 104|0x00000000a6800000, 0x00000000a6900000, 0x00000000a6900000|100%| O|  |TAMS 0x00000000a6900000, 0x00000000a6900000| Untracked 
| 105|0x00000000a6900000, 0x00000000a6a00000, 0x00000000a6a00000|100%| O|  |TAMS 0x00000000a6a00000, 0x00000000a6a00000| Untracked 
| 106|0x00000000a6a00000, 0x00000000a6b00000, 0x00000000a6b00000|100%| O|  |TAMS 0x00000000a6a17000, 0x00000000a6b00000| Untracked 
| 107|0x00000000a6b00000, 0x00000000a6c00000, 0x00000000a6c00000|100%|HS|  |TAMS 0x00000000a6b00000, 0x00000000a6c00000| Complete 
| 108|0x00000000a6c00000, 0x00000000a6d00000, 0x00000000a6d00000|100%|HS|  |TAMS 0x00000000a6c00000, 0x00000000a6d00000| Complete 
| 109|0x00000000a6d00000, 0x00000000a6e00000, 0x00000000a6e00000|100%|HC|  |TAMS 0x00000000a6d00000, 0x00000000a6e00000| Complete 
| 110|0x00000000a6e00000, 0x00000000a6f00000, 0x00000000a6f00000|100%|HS|  |TAMS 0x00000000a6e00000, 0x00000000a6f00000| Complete 
| 111|0x00000000a6f00000, 0x00000000a7000000, 0x00000000a7000000|100%|HS|  |TAMS 0x00000000a6f00000, 0x00000000a7000000| Complete 
| 112|0x00000000a7000000, 0x00000000a7100000, 0x00000000a7100000|100%|HC|  |TAMS 0x00000000a7000000, 0x00000000a7100000| Complete 
| 113|0x00000000a7100000, 0x00000000a7200000, 0x00000000a7200000|100%|HC|  |TAMS 0x00000000a7100000, 0x00000000a7200000| Complete 
| 114|0x00000000a7200000, 0x00000000a7300000, 0x00000000a7300000|100%|HS|  |TAMS 0x00000000a7200000, 0x00000000a7300000| Complete 
| 115|0x00000000a7300000, 0x00000000a7400000, 0x00000000a7400000|100%|HC|  |TAMS 0x00000000a7300000, 0x00000000a7400000| Complete 
| 116|0x00000000a7400000, 0x00000000a7500000, 0x00000000a7500000|100%| O|  |TAMS 0x00000000a7400000, 0x00000000a7400000| Untracked 
| 117|0x00000000a7500000, 0x00000000a7600000, 0x00000000a7600000|100%|HS|  |TAMS 0x00000000a7500000, 0x00000000a7600000| Complete 
| 118|0x00000000a7600000, 0x00000000a7700000, 0x00000000a7700000|100%| O|  |TAMS 0x00000000a7600000, 0x00000000a7700000| Untracked 
| 119|0x00000000a7700000, 0x00000000a7800000, 0x00000000a7800000|100%|HS|  |TAMS 0x00000000a7700000, 0x00000000a7800000| Complete 
| 120|0x00000000a7800000, 0x00000000a7900000, 0x00000000a7900000|100%| O|  |TAMS 0x00000000a7800000, 0x00000000a7800000| Untracked 
| 121|0x00000000a7900000, 0x00000000a7a00000, 0x00000000a7a00000|100%| O|  |TAMS 0x00000000a7900000, 0x00000000a7900000| Untracked 
| 122|0x00000000a7a00000, 0x00000000a7b00000, 0x00000000a7b00000|100%| O|  |TAMS 0x00000000a7a00000, 0x00000000a7b00000| Untracked 
| 123|0x00000000a7b00000, 0x00000000a7c00000, 0x00000000a7c00000|100%|HS|  |TAMS 0x00000000a7b00000, 0x00000000a7c00000| Complete 
| 124|0x00000000a7c00000, 0x00000000a7d00000, 0x00000000a7d00000|100%|HC|  |TAMS 0x00000000a7c00000, 0x00000000a7d00000| Complete 
| 125|0x00000000a7d00000, 0x00000000a7e00000, 0x00000000a7e00000|100%| O|  |TAMS 0x00000000a7d00000, 0x00000000a7e00000| Untracked 
| 126|0x00000000a7e00000, 0x00000000a7f00000, 0x00000000a7f00000|100%|HS|  |TAMS 0x00000000a7e00000, 0x00000000a7f00000| Complete 
| 127|0x00000000a7f00000, 0x00000000a8000000, 0x00000000a8000000|100%|HS|  |TAMS 0x00000000a7f00000, 0x00000000a8000000| Complete 
| 128|0x00000000a8000000, 0x00000000a8100000, 0x00000000a8100000|100%|HC|  |TAMS 0x00000000a8000000, 0x00000000a8100000| Complete 
| 129|0x00000000a8100000, 0x00000000a8200000, 0x00000000a8200000|100%| O|  |TAMS 0x00000000a8100000, 0x00000000a8200000| Untracked 
| 130|0x00000000a8200000, 0x00000000a8300000, 0x00000000a8300000|100%| O|  |TAMS 0x00000000a8200000, 0x00000000a8300000| Untracked 
| 131|0x00000000a8300000, 0x00000000a8400000, 0x00000000a8400000|100%| O|  |TAMS 0x00000000a8300000, 0x00000000a8400000| Untracked 
| 132|0x00000000a8400000, 0x00000000a8500000, 0x00000000a8500000|100%| O|  |TAMS 0x00000000a8400000, 0x00000000a84c2e00| Untracked 
| 133|0x00000000a8500000, 0x00000000a8600000, 0x00000000a8600000|100%|HS|  |TAMS 0x00000000a8500000, 0x00000000a8600000| Complete 
| 134|0x00000000a8600000, 0x00000000a8700000, 0x00000000a8700000|100%|HC|  |TAMS 0x00000000a8600000, 0x00000000a8700000| Complete 
| 135|0x00000000a8700000, 0x00000000a8800000, 0x00000000a8800000|100%|HC|  |TAMS 0x00000000a8700000, 0x00000000a8800000| Complete 
| 136|0x00000000a8800000, 0x00000000a8900000, 0x00000000a8900000|100%| O|  |TAMS 0x00000000a8800000, 0x00000000a8900000| Untracked 
| 137|0x00000000a8900000, 0x00000000a8a00000, 0x00000000a8a00000|100%| O|  |TAMS 0x00000000a8900000, 0x00000000a8900000| Untracked 
| 138|0x00000000a8a00000, 0x00000000a8b00000, 0x00000000a8b00000|100%| O|  |TAMS 0x00000000a8a00000, 0x00000000a8a00000| Untracked 
| 139|0x00000000a8b00000, 0x00000000a8b7ae00, 0x00000000a8c00000| 47%| O|  |TAMS 0x00000000a8b00000, 0x00000000a8b00000| Untracked 
| 140|0x00000000a8c00000, 0x00000000a8c00000, 0x00000000a8d00000|  0%| F|  |TAMS 0x00000000a8c00000, 0x00000000a8c00000| Untracked 
| 141|0x00000000a8d00000, 0x00000000a8d00000, 0x00000000a8e00000|  0%| F|  |TAMS 0x00000000a8d00000, 0x00000000a8d00000| Untracked 
| 142|0x00000000a8e00000, 0x00000000a8e00000, 0x00000000a8f00000|  0%| F|  |TAMS 0x00000000a8e00000, 0x00000000a8e00000| Untracked 
| 143|0x00000000a8f00000, 0x00000000a8f00000, 0x00000000a9000000|  0%| F|  |TAMS 0x00000000a8f00000, 0x00000000a8f00000| Untracked 
| 144|0x00000000a9000000, 0x00000000a9000000, 0x00000000a9100000|  0%| F|  |TAMS 0x00000000a9000000, 0x00000000a9000000| Untracked 
| 145|0x00000000a9100000, 0x00000000a9100000, 0x00000000a9200000|  0%| F|  |TAMS 0x00000000a9100000, 0x00000000a9100000| Untracked 
| 146|0x00000000a9200000, 0x00000000a9200000, 0x00000000a9300000|  0%| F|  |TAMS 0x00000000a9200000, 0x00000000a9200000| Untracked 
| 147|0x00000000a9300000, 0x00000000a9300000, 0x00000000a9400000|  0%| F|  |TAMS 0x00000000a9300000, 0x00000000a9300000| Untracked 
| 148|0x00000000a9400000, 0x00000000a9400000, 0x00000000a9500000|  0%| F|  |TAMS 0x00000000a9400000, 0x00000000a9400000| Untracked 
| 149|0x00000000a9500000, 0x00000000a9500000, 0x00000000a9600000|  0%| F|  |TAMS 0x00000000a9500000, 0x00000000a9500000| Untracked 
| 150|0x00000000a9600000, 0x00000000a9600000, 0x00000000a9700000|  0%| F|  |TAMS 0x00000000a9600000, 0x00000000a9600000| Untracked 
| 151|0x00000000a9700000, 0x00000000a9700000, 0x00000000a9800000|  0%| F|  |TAMS 0x00000000a9700000, 0x00000000a9700000| Untracked 
| 152|0x00000000a9800000, 0x00000000a9800000, 0x00000000a9900000|  0%| F|  |TAMS 0x00000000a9800000, 0x00000000a9800000| Untracked 
| 153|0x00000000a9900000, 0x00000000a9900000, 0x00000000a9a00000|  0%| F|  |TAMS 0x00000000a9900000, 0x00000000a9900000| Untracked 
| 154|0x00000000a9a00000, 0x00000000a9a00000, 0x00000000a9b00000|  0%| F|  |TAMS 0x00000000a9a00000, 0x00000000a9a00000| Untracked 
| 155|0x00000000a9b00000, 0x00000000a9b00000, 0x00000000a9c00000|  0%| F|  |TAMS 0x00000000a9b00000, 0x00000000a9b00000| Untracked 
| 156|0x00000000a9c00000, 0x00000000a9c00000, 0x00000000a9d00000|  0%| F|  |TAMS 0x00000000a9c00000, 0x00000000a9c00000| Untracked 
| 157|0x00000000a9d00000, 0x00000000a9d00000, 0x00000000a9e00000|  0%| F|  |TAMS 0x00000000a9d00000, 0x00000000a9d00000| Untracked 
| 158|0x00000000a9e00000, 0x00000000a9e00000, 0x00000000a9f00000|  0%| F|  |TAMS 0x00000000a9e00000, 0x00000000a9e00000| Untracked 
| 159|0x00000000a9f00000, 0x00000000a9f00000, 0x00000000aa000000|  0%| F|  |TAMS 0x00000000a9f00000, 0x00000000a9f00000| Untracked 
| 160|0x00000000aa000000, 0x00000000aa000000, 0x00000000aa100000|  0%| F|  |TAMS 0x00000000aa000000, 0x00000000aa000000| Untracked 
| 161|0x00000000aa100000, 0x00000000aa100000, 0x00000000aa200000|  0%| F|  |TAMS 0x00000000aa100000, 0x00000000aa100000| Untracked 
| 162|0x00000000aa200000, 0x00000000aa200000, 0x00000000aa300000|  0%| F|  |TAMS 0x00000000aa200000, 0x00000000aa200000| Untracked 
| 163|0x00000000aa300000, 0x00000000aa300000, 0x00000000aa400000|  0%| F|  |TAMS 0x00000000aa300000, 0x00000000aa300000| Untracked 
| 164|0x00000000aa400000, 0x00000000aa400000, 0x00000000aa500000|  0%| F|  |TAMS 0x00000000aa400000, 0x00000000aa400000| Untracked 
| 165|0x00000000aa500000, 0x00000000aa500000, 0x00000000aa600000|  0%| F|  |TAMS 0x00000000aa500000, 0x00000000aa500000| Untracked 
| 166|0x00000000aa600000, 0x00000000aa600000, 0x00000000aa700000|  0%| F|  |TAMS 0x00000000aa600000, 0x00000000aa600000| Untracked 
| 167|0x00000000aa700000, 0x00000000aa800000, 0x00000000aa800000|100%| S|CS|TAMS 0x00000000aa700000, 0x00000000aa700000| Complete 
| 168|0x00000000aa800000, 0x00000000aa900000, 0x00000000aa900000|100%| S|CS|TAMS 0x00000000aa800000, 0x00000000aa800000| Complete 
| 169|0x00000000aa900000, 0x00000000aaa00000, 0x00000000aaa00000|100%| S|CS|TAMS 0x00000000aa900000, 0x00000000aa900000| Complete 
| 170|0x00000000aaa00000, 0x00000000aab00000, 0x00000000aab00000|100%| S|CS|TAMS 0x00000000aaa00000, 0x00000000aaa00000| Complete 
| 171|0x00000000aab00000, 0x00000000aac00000, 0x00000000aac00000|100%| S|CS|TAMS 0x00000000aab00000, 0x00000000aab00000| Complete 
| 172|0x00000000aac00000, 0x00000000aad00000, 0x00000000aad00000|100%| S|CS|TAMS 0x00000000aac00000, 0x00000000aac00000| Complete 
| 173|0x00000000aad00000, 0x00000000aad00000, 0x00000000aae00000|  0%| F|  |TAMS 0x00000000aad00000, 0x00000000aad00000| Untracked 
| 174|0x00000000aae00000, 0x00000000aae00000, 0x00000000aaf00000|  0%| F|  |TAMS 0x00000000aae00000, 0x00000000aae00000| Untracked 
| 175|0x00000000aaf00000, 0x00000000aaf00000, 0x00000000ab000000|  0%| F|  |TAMS 0x00000000aaf00000, 0x00000000aaf00000| Untracked 
| 176|0x00000000ab000000, 0x00000000ab000000, 0x00000000ab100000|  0%| F|  |TAMS 0x00000000ab000000, 0x00000000ab000000| Untracked 
| 177|0x00000000ab100000, 0x00000000ab100000, 0x00000000ab200000|  0%| F|  |TAMS 0x00000000ab100000, 0x00000000ab100000| Untracked 
| 178|0x00000000ab200000, 0x00000000ab200000, 0x00000000ab300000|  0%| F|  |TAMS 0x00000000ab200000, 0x00000000ab200000| Untracked 
| 179|0x00000000ab300000, 0x00000000ab300000, 0x00000000ab400000|  0%| F|  |TAMS 0x00000000ab300000, 0x00000000ab300000| Untracked 
| 180|0x00000000ab400000, 0x00000000ab400000, 0x00000000ab500000|  0%| F|  |TAMS 0x00000000ab400000, 0x00000000ab400000| Untracked 
| 181|0x00000000ab500000, 0x00000000ab500000, 0x00000000ab600000|  0%| F|  |TAMS 0x00000000ab500000, 0x00000000ab500000| Untracked 
| 182|0x00000000ab600000, 0x00000000ab600000, 0x00000000ab700000|  0%| F|  |TAMS 0x00000000ab600000, 0x00000000ab600000| Untracked 
| 183|0x00000000ab700000, 0x00000000ab700000, 0x00000000ab800000|  0%| F|  |TAMS 0x00000000ab700000, 0x00000000ab700000| Untracked 
| 184|0x00000000ab800000, 0x00000000ab800000, 0x00000000ab900000|  0%| F|  |TAMS 0x00000000ab800000, 0x00000000ab800000| Untracked 
| 185|0x00000000ab900000, 0x00000000ab900000, 0x00000000aba00000|  0%| F|  |TAMS 0x00000000ab900000, 0x00000000ab900000| Untracked 
| 186|0x00000000aba00000, 0x00000000aba00000, 0x00000000abb00000|  0%| F|  |TAMS 0x00000000aba00000, 0x00000000aba00000| Untracked 
| 187|0x00000000abb00000, 0x00000000abb00000, 0x00000000abc00000|  0%| F|  |TAMS 0x00000000abb00000, 0x00000000abb00000| Untracked 
| 188|0x00000000abc00000, 0x00000000abc00000, 0x00000000abd00000|  0%| F|  |TAMS 0x00000000abc00000, 0x00000000abc00000| Untracked 
| 189|0x00000000abd00000, 0x00000000abd00000, 0x00000000abe00000|  0%| F|  |TAMS 0x00000000abd00000, 0x00000000abd00000| Untracked 
| 190|0x00000000abe00000, 0x00000000abe00000, 0x00000000abf00000|  0%| F|  |TAMS 0x00000000abe00000, 0x00000000abe00000| Untracked 
| 191|0x00000000abf00000, 0x00000000abf00000, 0x00000000ac000000|  0%| F|  |TAMS 0x00000000abf00000, 0x00000000abf00000| Untracked 
| 192|0x00000000ac000000, 0x00000000ac000000, 0x00000000ac100000|  0%| F|  |TAMS 0x00000000ac000000, 0x00000000ac000000| Untracked 
| 193|0x00000000ac100000, 0x00000000ac100000, 0x00000000ac200000|  0%| F|  |TAMS 0x00000000ac100000, 0x00000000ac100000| Untracked 
| 194|0x00000000ac200000, 0x00000000ac200000, 0x00000000ac300000|  0%| F|  |TAMS 0x00000000ac200000, 0x00000000ac200000| Untracked 
| 195|0x00000000ac300000, 0x00000000ac300000, 0x00000000ac400000|  0%| F|  |TAMS 0x00000000ac300000, 0x00000000ac300000| Untracked 
| 196|0x00000000ac400000, 0x00000000ac400000, 0x00000000ac500000|  0%| F|  |TAMS 0x00000000ac400000, 0x00000000ac400000| Untracked 
| 197|0x00000000ac500000, 0x00000000ac500000, 0x00000000ac600000|  0%| F|  |TAMS 0x00000000ac500000, 0x00000000ac500000| Untracked 
| 198|0x00000000ac600000, 0x00000000ac600000, 0x00000000ac700000|  0%| F|  |TAMS 0x00000000ac600000, 0x00000000ac600000| Untracked 
| 199|0x00000000ac700000, 0x00000000ac700000, 0x00000000ac800000|  0%| F|  |TAMS 0x00000000ac700000, 0x00000000ac700000| Untracked 
| 200|0x00000000ac800000, 0x00000000ac800000, 0x00000000ac900000|  0%| F|  |TAMS 0x00000000ac800000, 0x00000000ac800000| Untracked 
| 201|0x00000000ac900000, 0x00000000ac900000, 0x00000000aca00000|  0%| F|  |TAMS 0x00000000ac900000, 0x00000000ac900000| Untracked 
| 202|0x00000000aca00000, 0x00000000aca00000, 0x00000000acb00000|  0%| F|  |TAMS 0x00000000aca00000, 0x00000000aca00000| Untracked 
| 203|0x00000000acb00000, 0x00000000acb00000, 0x00000000acc00000|  0%| F|  |TAMS 0x00000000acb00000, 0x00000000acb00000| Untracked 
| 253|0x00000000afd00000, 0x00000000afd00000, 0x00000000afe00000|  0%| F|  |TAMS 0x00000000afd00000, 0x00000000afd00000| Untracked 

Card table byte_map: [0x000001a3abe80000,0x000001a3ac180000] _byte_map_base: 0x000001a3ab980000

Marking Bits (Prev, Next): (CMBitMap*) 0x000001a392b9c580, (CMBitMap*) 0x000001a392b9c5c0
 Prev Bits: [0x000001a3ac480000, 0x000001a3adc80000)
 Next Bits: [0x000001a3adc80000, 0x000001a3af480000)

Polling page: 0x000001a392c10000

Metaspace:

Usage:
  Non-class:     82.42 MB used.
      Class:     13.08 MB used.
       Both:     95.50 MB used.

Virtual space:
  Non-class space:      128.00 MB reserved,      82.94 MB ( 65%) committed,  2 nodes.
      Class space:        1.00 GB reserved,      13.50 MB (  1%) committed,  1 nodes.
             Both:        1.12 GB reserved,      96.44 MB (  8%) committed. 

Chunk freelists:
   Non-Class:  12.16 MB
       Class:  2.55 MB
        Both:  14.70 MB

MaxMetaspaceSize: unlimited
CompressedClassSpaceSize: 1.00 GB
Initial GC threshold: 21.00 MB
Current GC threshold: 153.56 MB
CDS: on
MetaspaceReclaimPolicy: balanced
 - commit_granule_bytes: 65536.
 - commit_granule_words: 8192.
 - virtual_space_node_default_size: 8388608.
 - enlarge_chunks_in_place: 1.
 - new_chunks_are_fully_committed: 0.
 - uncommit_free_chunks: 1.
 - use_allocation_guard: 0.
 - handle_deallocations: 1.


Internal statistics:

num_allocs_failed_limit: 6.
num_arena_births: 1260.
num_arena_deaths: 0.
num_vsnodes_births: 3.
num_vsnodes_deaths: 0.
num_space_committed: 1542.
num_space_uncommitted: 0.
num_chunks_returned_to_freelist: 6.
num_chunks_taken_from_freelist: 5536.
num_chunk_merges: 6.
num_chunk_splits: 3566.
num_chunks_enlarged: 2307.
num_inconsistent_stats: 0.

CodeHeap 'non-profiled nmethods': size=120000Kb used=6852Kb max_used=6852Kb free=113147Kb
 bounds [0x000001a3a39c0000, 0x000001a3a4080000, 0x000001a3aaef0000]
CodeHeap 'profiled nmethods': size=120000Kb used=21802Kb max_used=21802Kb free=98197Kb
 bounds [0x000001a39bef0000, 0x000001a39d440000, 0x000001a3a3420000]
CodeHeap 'non-nmethods': size=5760Kb used=2428Kb max_used=2514Kb free=3331Kb
 bounds [0x000001a3a3420000, 0x000001a3a36b0000, 0x000001a3a39c0000]
 total_blobs=12223 nmethods=11265 adapters=870
 compilation: enabled
              stopped_count=0, restarted_count=0
 full_count=0

Compilation events (20 events):
Event: 20.783 Thread 0x000001a3b217ae80 nmethod 12944 0x000001a3a406c310 code [0x000001a3a406c4e0, 0x000001a3a406cd98]
Event: 20.783 Thread 0x000001a3b217ae80 12951       4       com.android.tools.r8.graph.y5::o0 (37 bytes)
Event: 20.804 Thread 0x000001a3b217ae80 nmethod 12951 0x000001a3a406d110 code [0x000001a3a406d2c0, 0x000001a3a406da78]
Event: 20.804 Thread 0x000001a3b217ae80 12914       4       com.android.tools.r8.internal.g21::a (10 bytes)
Event: 20.804 Thread 0x000001a3b217ae80 nmethod 12914 0x000001a3a406e010 code [0x000001a3a406e180, 0x000001a3a406e1f8]
Event: 20.804 Thread 0x000001a3b217ae80 12953       4       java.util.Arrays::equals (43 bytes)
Event: 20.808 Thread 0x000001a3b217ae80 nmethod 12953 0x000001a3a406e310 code [0x000001a3a406e4a0, 0x000001a3a406e6b8]
Event: 20.808 Thread 0x000001a3b217ae80 12955       4       com.android.tools.r8.graph.i6::c (43 bytes)
Event: 20.810 Thread 0x000001a3b217ae80 nmethod 12955 0x000001a3a406e810 code [0x000001a3a406e9a0, 0x000001a3a406eb78]
Event: 20.810 Thread 0x000001a3b217ae80 12961   !   4       com.android.tools.r8.graph.l3::<init> (69 bytes)
Event: 20.824 Thread 0x000001a3b2183850 12965       3       com.android.tools.r8.internal.bp1::a (159 bytes)
Event: 20.825 Thread 0x000001a3b2183850 nmethod 12965 0x000001a39d43a090 code [0x000001a39d43a280, 0x000001a39d43a838]
Event: 20.826 Thread 0x000001a3b217ae80 nmethod 12961 0x000001a3a406ec90 code [0x000001a3a406ee40, 0x000001a3a406f528]
Event: 20.826 Thread 0x000001a3b217ae80 12960       4       com.android.tools.r8.internal.bp1::b (447 bytes)
Event: 20.829 Thread 0x000001a3b217ae80 nmethod 12960 0x000001a3a406f890 code [0x000001a3a406fa20, 0x000001a3a406fc88]
Event: 20.829 Thread 0x000001a3b217ae80 12966       4       java.lang.Long::parseLong (272 bytes)
Event: 20.846 Thread 0x000001a3b217ae80 nmethod 12966 0x000001a3a406fe90 code [0x000001a3a4070040, 0x000001a3a40708d8]
Event: 20.846 Thread 0x000001a3b217ae80 12971       4       com.android.tools.r8.internal.bg1::get (95 bytes)
Event: 20.849 Thread 0x000001a3b217ae80 nmethod 12971 0x000001a3a4070e10 code [0x000001a3a4070fa0, 0x000001a3a40711b8]
Event: 20.849 Thread 0x000001a3b217ae80 12962       4       com.android.tools.r8.graph.l3::o0 (34 bytes)

GC Heap History (20 events):
Event: 16.354 GC heap after
{Heap after GC invocations=54 (full 0):
 garbage-first heap   total 158720K, used 93905K [0x00000000a0000000, 0x0000000100000000)
  region size 1024K, 6 young (6144K), 6 survivors (6144K)
 Metaspace       used 84006K, committed 84928K, reserved 1179648K
  class space    used 11651K, committed 12096K, reserved 1048576K
}
Event: 16.666 GC heap before
{Heap before GC invocations=54 (full 0):
 garbage-first heap   total 158720K, used 126673K [0x00000000a0000000, 0x0000000100000000)
  region size 1024K, 40 young (40960K), 6 survivors (6144K)
 Metaspace       used 85445K, committed 86336K, reserved 1179648K
  class space    used 11759K, committed 12160K, reserved 1048576K
}
Event: 16.674 GC heap after
{Heap after GC invocations=55 (full 0):
 garbage-first heap   total 158720K, used 100840K [0x00000000a0000000, 0x0000000100000000)
  region size 1024K, 6 young (6144K), 6 survivors (6144K)
 Metaspace       used 85445K, committed 86336K, reserved 1179648K
  class space    used 11759K, committed 12160K, reserved 1048576K
}
Event: 17.218 GC heap before
{Heap before GC invocations=56 (full 0):
 garbage-first heap   total 183296K, used 133608K [0x00000000a0000000, 0x0000000100000000)
  region size 1024K, 33 young (33792K), 6 survivors (6144K)
 Metaspace       used 88644K, committed 89536K, reserved 1179648K
  class space    used 12144K, committed 12544K, reserved 1048576K
}
Event: 17.225 GC heap after
{Heap after GC invocations=57 (full 0):
 garbage-first heap   total 183296K, used 103407K [0x00000000a0000000, 0x0000000100000000)
  region size 1024K, 3 young (3072K), 3 survivors (3072K)
 Metaspace       used 88644K, committed 89536K, reserved 1179648K
  class space    used 12144K, committed 12544K, reserved 1048576K
}
Event: 17.255 GC heap before
{Heap before GC invocations=57 (full 0):
 garbage-first heap   total 183296K, used 107503K [0x00000000a0000000, 0x0000000100000000)
  region size 1024K, 8 young (8192K), 3 survivors (3072K)
 Metaspace       used 88650K, committed 89536K, reserved 1179648K
  class space    used 12145K, committed 12544K, reserved 1048576K
}
Event: 17.258 GC heap after
{Heap after GC invocations=58 (full 0):
 garbage-first heap   total 183296K, used 103831K [0x00000000a0000000, 0x0000000100000000)
  region size 1024K, 1 young (1024K), 1 survivors (1024K)
 Metaspace       used 88650K, committed 89536K, reserved 1179648K
  class space    used 12145K, committed 12544K, reserved 1048576K
}
Event: 18.007 GC heap before
{Heap before GC invocations=58 (full 0):
 garbage-first heap   total 183296K, used 148887K [0x00000000a0000000, 0x0000000100000000)
  region size 1024K, 46 young (47104K), 1 survivors (1024K)
 Metaspace       used 89071K, committed 89984K, reserved 1179648K
  class space    used 12193K, committed 12608K, reserved 1048576K
}
Event: 18.013 GC heap after
{Heap after GC invocations=59 (full 0):
 garbage-first heap   total 183296K, used 106106K [0x00000000a0000000, 0x0000000100000000)
  region size 1024K, 3 young (3072K), 3 survivors (3072K)
 Metaspace       used 89071K, committed 89984K, reserved 1179648K
  class space    used 12193K, committed 12608K, reserved 1048576K
}
Event: 18.747 GC heap before
{Heap before GC invocations=60 (full 0):
 garbage-first heap   total 191488K, used 150138K [0x00000000a0000000, 0x0000000100000000)
  region size 1024K, 47 young (48128K), 3 survivors (3072K)
 Metaspace       used 91048K, committed 91968K, reserved 1179648K
  class space    used 12479K, committed 12864K, reserved 1048576K
}
Event: 18.754 GC heap after
{Heap after GC invocations=61 (full 0):
 garbage-first heap   total 191488K, used 108117K [0x00000000a0000000, 0x0000000100000000)
  region size 1024K, 5 young (5120K), 5 survivors (5120K)
 Metaspace       used 91048K, committed 91968K, reserved 1179648K
  class space    used 12479K, committed 12864K, reserved 1048576K
}
Event: 18.783 GC heap before
{Heap before GC invocations=61 (full 0):
 garbage-first heap   total 191488K, used 111189K [0x00000000a0000000, 0x0000000100000000)
  region size 1024K, 9 young (9216K), 5 survivors (5120K)
 Metaspace       used 91184K, committed 92160K, reserved 1179648K
  class space    used 12492K, committed 12928K, reserved 1048576K
}
Event: 18.789 GC heap after
{Heap after GC invocations=62 (full 0):
 garbage-first heap   total 191488K, used 108440K [0x00000000a0000000, 0x0000000100000000)
  region size 1024K, 1 young (1024K), 1 survivors (1024K)
 Metaspace       used 91184K, committed 92160K, reserved 1179648K
  class space    used 12492K, committed 12928K, reserved 1048576K
}
Event: 19.247 GC heap before
{Heap before GC invocations=62 (full 0):
 garbage-first heap   total 191488K, used 145304K [0x00000000a0000000, 0x0000000100000000)
  region size 1024K, 39 young (39936K), 1 survivors (1024K)
 Metaspace       used 93266K, committed 94208K, reserved 1179648K
  class space    used 12759K, committed 13184K, reserved 1048576K
}
Event: 19.251 GC heap after
{Heap after GC invocations=63 (full 0):
 garbage-first heap   total 191488K, used 109179K [0x00000000a0000000, 0x0000000100000000)
  region size 1024K, 2 young (2048K), 2 survivors (2048K)
 Metaspace       used 93266K, committed 94208K, reserved 1179648K
  class space    used 12759K, committed 13184K, reserved 1048576K
}
Event: 20.365 GC heap before
{Heap before GC invocations=64 (full 0):
 garbage-first heap   total 209920K, used 188027K [0x00000000a0000000, 0x0000000100000000)
  region size 1024K, 50 young (51200K), 2 survivors (2048K)
 Metaspace       used 97453K, committed 98368K, reserved 1179648K
  class space    used 13346K, committed 13760K, reserved 1048576K
}
Event: 20.370 GC heap after
{Heap after GC invocations=65 (full 0):
 garbage-first heap   total 209920K, used 134340K [0x00000000a0000000, 0x0000000100000000)
  region size 1024K, 7 young (7168K), 7 survivors (7168K)
 Metaspace       used 97453K, committed 98368K, reserved 1179648K
  class space    used 13346K, committed 13760K, reserved 1048576K
}
Event: 20.463 GC heap before
{Heap before GC invocations=65 (full 0):
 garbage-first heap   total 209920K, used 141508K [0x00000000a0000000, 0x0000000100000000)
  region size 1024K, 10 young (10240K), 7 survivors (7168K)
 Metaspace       used 97660K, committed 98560K, reserved 1179648K
  class space    used 13377K, committed 13760K, reserved 1048576K
}
Event: 20.468 GC heap after
{Heap after GC invocations=66 (full 0):
 garbage-first heap   total 209920K, used 137169K [0x00000000a0000000, 0x0000000100000000)
  region size 1024K, 2 young (2048K), 2 survivors (2048K)
 Metaspace       used 97660K, committed 98560K, reserved 1179648K
  class space    used 13377K, committed 13760K, reserved 1048576K
}
Event: 20.851 GC heap before
{Heap before GC invocations=66 (full 0):
 garbage-first heap   total 209920K, used 165841K [0x00000000a0000000, 0x0000000100000000)
  region size 1024K, 32 young (32768K), 2 survivors (2048K)
 Metaspace       used 97789K, committed 98752K, reserved 1179648K
  class space    used 13389K, committed 13824K, reserved 1048576K
}

Dll operation events (15 events):
Event: 0.010 Loaded shared library C:\Program Files\Java\jdk-17\bin\java.dll
Event: 0.030 Loaded shared library C:\Program Files\Java\jdk-17\bin\jsvml.dll
Event: 0.079 Loaded shared library C:\Program Files\Java\jdk-17\bin\zip.dll
Event: 0.082 Loaded shared library C:\Program Files\Java\jdk-17\bin\instrument.dll
Event: 0.088 Loaded shared library C:\Program Files\Java\jdk-17\bin\net.dll
Event: 0.090 Loaded shared library C:\Program Files\Java\jdk-17\bin\nio.dll
Event: 0.092 Loaded shared library C:\Program Files\Java\jdk-17\bin\zip.dll
Event: 0.381 Loaded shared library C:\Program Files\Java\jdk-17\bin\jimage.dll
Event: 0.539 Loaded shared library C:\Program Files\Java\jdk-17\bin\verify.dll
Event: 0.613 Loaded shared library C:\Users\LEGION\.gradle\native\1def1411415f61bf3af743bc5b6707747c0891f09f0c88961ee8f79bc544acac\windows-amd64\native-platform.dll
Event: 0.627 Loaded shared library C:\Users\LEGION\.gradle\native\0.2.7\x86_64-windows-gnu\gradle-fileevents.dll
Event: 1.713 Loaded shared library C:\Program Files\Java\jdk-17\bin\management.dll
Event: 1.715 Loaded shared library C:\Program Files\Java\jdk-17\bin\management_ext.dll
Event: 2.123 Loaded shared library C:\Program Files\Java\jdk-17\bin\extnet.dll
Event: 2.352 Loaded shared library C:\Program Files\Java\jdk-17\bin\sunmscapi.dll

Deoptimization events (20 events):
Event: 20.154 Thread 0x000001a3fb2aaff0 Uncommon trap: trap_request=0xffffffbe fr.pc=0x000001a3a403d4ec relative=0x00000000000001cc
Event: 20.154 Thread 0x000001a3fb2aaff0 Uncommon trap: reason=profile_predicate action=maybe_recompile pc=0x000001a3a403d4ec method=java.util.LinkedHashMap.keysToArray([Ljava/lang/Object;)[Ljava/lang/Object; @ 12 c2
Event: 20.155 Thread 0x000001a3fb2aaff0 DEOPT PACKING pc=0x000001a3a403d4ec sp=0x000000928f1fc800
Event: 20.155 Thread 0x000001a3fb2aaff0 DEOPT UNPACKING pc=0x000001a3a34769a3 sp=0x000000928f1fc7b8 mode 2
Event: 20.283 Thread 0x000001a3fb2aaff0 Uncommon trap: trap_request=0xffffffbe fr.pc=0x000001a3a403d4ec relative=0x00000000000001cc
Event: 20.283 Thread 0x000001a3fb2aaff0 Uncommon trap: reason=profile_predicate action=maybe_recompile pc=0x000001a3a403d4ec method=java.util.LinkedHashMap.keysToArray([Ljava/lang/Object;)[Ljava/lang/Object; @ 12 c2
Event: 20.283 Thread 0x000001a3fb2aaff0 DEOPT PACKING pc=0x000001a3a403d4ec sp=0x000000928f1fc380
Event: 20.283 Thread 0x000001a3fb2aaff0 DEOPT UNPACKING pc=0x000001a3a34769a3 sp=0x000000928f1fc338 mode 2
Event: 20.347 Thread 0x000001a3fb2aaff0 Uncommon trap: trap_request=0xffffff45 fr.pc=0x000001a3a3b77f08 relative=0x00000000000000e8
Event: 20.347 Thread 0x000001a3fb2aaff0 Uncommon trap: reason=unstable_if action=reinterpret pc=0x000001a3a3b77f08 method=jdk.internal.misc.Unsafe.convEndian(ZS)S @ 4 c2
Event: 20.347 Thread 0x000001a3fb2aaff0 DEOPT PACKING pc=0x000001a3a3b77f08 sp=0x000000928f1fd2f0
Event: 20.347 Thread 0x000001a3fb2aaff0 DEOPT UNPACKING pc=0x000001a3a34769a3 sp=0x000000928f1fd088 mode 2
Event: 20.635 Thread 0x000001a3fb2ace50 Uncommon trap: trap_request=0xffffff45 fr.pc=0x000001a3a3a67af4 relative=0x00000000000018d4
Event: 20.635 Thread 0x000001a3fb2ace50 Uncommon trap: reason=unstable_if action=reinterpret pc=0x000001a3a3a67af4 method=java.io.BufferedReader.readLine(Z[Z)Ljava/lang/String; @ 209 c2
Event: 20.635 Thread 0x000001a3fb2ace50 DEOPT PACKING pc=0x000001a3a3a67af4 sp=0x000000928f4ff270
Event: 20.635 Thread 0x000001a3fb2ace50 DEOPT UNPACKING pc=0x000001a3a34769a3 sp=0x000000928f4ff240 mode 2
Event: 20.686 Thread 0x000001a3fb2aaff0 Uncommon trap: trap_request=0xffffff45 fr.pc=0x000001a3a405b2ac relative=0x000000000000018c
Event: 20.686 Thread 0x000001a3fb2aaff0 Uncommon trap: reason=unstable_if action=reinterpret pc=0x000001a3a405b2ac method=com.android.tools.r8.graph.i6.a([B[C)I @ 39 c2
Event: 20.686 Thread 0x000001a3fb2aaff0 DEOPT PACKING pc=0x000001a3a405b2ac sp=0x000000928f1fd0c0
Event: 20.686 Thread 0x000001a3fb2aaff0 DEOPT UNPACKING pc=0x000001a3a34769a3 sp=0x000000928f1fd038 mode 2

Classes loaded (20 events):
Event: 19.575 Loading class java/util/zip/ZipInputStream
Event: 19.575 Loading class java/util/zip/ZipInputStream done
Event: 19.694 Loading class java/io/UTFDataFormatException
Event: 19.695 Loading class java/io/UTFDataFormatException done
Event: 19.731 Loading class java/util/concurrent/Executors$DelegatedScheduledExecutorService
Event: 19.732 Loading class java/util/concurrent/Executors$DelegatedExecutorService
Event: 19.733 Loading class java/util/concurrent/Executors$DelegatedExecutorService done
Event: 19.733 Loading class java/util/concurrent/Executors$DelegatedScheduledExecutorService done
Event: 19.740 Loading class java/lang/ProcessImpl
Event: 19.741 Loading class java/lang/ProcessImpl done
Event: 19.752 Loading class java/lang/ProcessHandleImpl
Event: 19.753 Loading class java/lang/ProcessHandleImpl done
Event: 19.755 Loading class java/lang/ProcessImpl$2
Event: 19.755 Loading class java/lang/ProcessImpl$2 done
Event: 19.755 Loading class java/lang/Process$PipeInputStream
Event: 19.756 Loading class java/lang/Process$PipeInputStream done
Event: 19.778 Loading class jdk/internal/event/ProcessStartEvent
Event: 19.778 Loading class jdk/internal/event/ProcessStartEvent done
Event: 20.284 Loading class java/nio/BufferUnderflowException
Event: 20.285 Loading class java/nio/BufferUnderflowException done

Classes unloaded (0 events):
No events

Classes redefined (0 events):
No events

Internal exceptions (20 events):
Event: 18.302 Thread 0x000001a3f9b563d0 Exception <a 'sun/nio/fs/WindowsException'{0x00000000aaaa4940}> (0x00000000aaaa4940) 
thrown [s\src\hotspot\share\prims\jni.cpp, line 516]
Event: 18.329 Thread 0x000001a3f9b563d0 Exception <a 'java/lang/NoSuchMethodError'{0x00000000aa89ac00}: static Lcom/android/builder/internal/aapt/AaptOptions;.<clinit>()V> (0x00000000aa89ac00) 
thrown [s\src\hotspot\share\prims\jni.cpp, line 1112]
Event: 18.334 Thread 0x000001a3f9b563d0 Exception <a 'java/lang/NoSuchMethodError'{0x00000000aa8d32d0}: static [Ljava/lang/Object;.<clinit>()V> (0x00000000aa8d32d0) 
thrown [s\src\hotspot\share\prims\jni.cpp, line 1112]
Event: 18.336 Thread 0x000001a3f9b563d0 Exception <a 'java/lang/NoSuchMethodError'{0x00000000aa8e5c38}: static Ljava/lang/Object;.<clinit>()V> (0x00000000aa8e5c38) 
thrown [s\src\hotspot\share\prims\jni.cpp, line 1112]
Event: 18.338 Thread 0x000001a3f9b563d0 Exception <a 'java/lang/NoSuchMethodError'{0x00000000aa702cb8}: static Lcom/android/build/api/variant/impl/SerializableApplicationMultiOutputHandler;.<clinit>()V> (0x00000000aa702cb8) 
thrown [s\src\hotspot\share\prims\jni.cpp, line 1112]
Event: 18.340 Thread 0x000001a3f9b563d0 Exception <a 'java/lang/NoSuchMethodError'{0x00000000aa719140}: static Lcom/android/build/api/variant/impl/VariantOutputImpl$SerializedForm;.<clinit>()V> (0x00000000aa719140) 
thrown [s\src\hotspot\share\prims\jni.cpp, line 1112]
Event: 18.341 Thread 0x000001a3f9b563d0 Exception <a 'java/lang/NoSuchMethodError'{0x00000000aa72d768}: static Lcom/android/build/api/variant/impl/VariantOutputConfigurationImpl;.<clinit>()V> (0x00000000aa72d768) 
thrown [s\src\hotspot\share\prims\jni.cpp, line 1112]
Event: 18.398 Thread 0x000001a3f9b54570 Exception <a 'sun/nio/fs/WindowsException'{0x00000000aa52a068}> (0x00000000aa52a068) 
thrown [s\src\hotspot\share\prims\jni.cpp, line 516]
Event: 18.410 Thread 0x000001a3f9b54570 Exception <a 'java/lang/NoSuchMethodError'{0x00000000aa5a5af0}: 'int java.lang.invoke.DirectMethodHandle$Holder.invokeSpecial(java.lang.Object, java.lang.Object, java.lang.Object, java.lang.Object, java.lang.Object)'> (0x00000000aa5a5af0) 
thrown [s\src\hotspot\share\interpreter\linkResolver.cpp, line 759]
Event: 18.539 Thread 0x000001a3f9b54570 Exception <a 'sun/nio/fs/WindowsException'{0x00000000a9e8f978}> (0x00000000a9e8f978) 
thrown [s\src\hotspot\share\prims\jni.cpp, line 516]
Event: 18.540 Thread 0x000001a3f9b54570 Exception <a 'sun/nio/fs/WindowsException'{0x00000000a9e91578}> (0x00000000a9e91578) 
thrown [s\src\hotspot\share\prims\jni.cpp, line 516]
Event: 18.990 Thread 0x000001a3f9b55ec0 Exception <a 'sun/nio/fs/WindowsException'{0x00000000aa166fb0}> (0x00000000aa166fb0) 
thrown [s\src\hotspot\share\prims\jni.cpp, line 516]
Event: 18.992 Thread 0x000001a3f9b55ec0 Exception <a 'sun/nio/fs/WindowsException'{0x00000000aa169068}> (0x00000000aa169068) 
thrown [s\src\hotspot\share\prims\jni.cpp, line 516]
Event: 19.126 Thread 0x000001a3f9b55ec0 Exception <a 'sun/nio/fs/WindowsException'{0x00000000a99ad728}> (0x00000000a99ad728) 
thrown [s\src\hotspot\share\prims\jni.cpp, line 516]
Event: 19.751 Thread 0x000001a3fb2a9190 Exception <a 'java/lang/NoSuchMethodError'{0x00000000ab5cfd10}: 'void java.lang.invoke.DirectMethodHandle$Holder.invokeStatic(java.lang.Object, long)'> (0x00000000ab5cfd10) 
thrown [s\src\hotspot\share\interpreter\linkResolver.cpp, line 759]
Event: 19.754 Thread 0x000001a3fb2a9190 Exception <a 'java/lang/NoSuchMethodError'{0x00000000ab5dae48}: 'java.lang.Object java.lang.invoke.DirectMethodHandle$Holder.invokeStatic(java.lang.Object, java.lang.Object, long, java.lang.Object)'> (0x00000000ab5dae48) 
thrown [s\src\hotspot\share\interpreter\linkResolver.cpp, line 759]
Event: 19.755 Thread 0x000001a3fb2a9190 Exception <a 'java/lang/NoSuchMethodError'{0x00000000ab5de8c8}: 'java.lang.Object java.lang.invoke.DirectMethodHandle$Holder.invokeStaticInit(java.lang.Object, java.lang.Object, long, java.lang.Object)'> (0x00000000ab5de8c8) 
thrown [s\src\hotspot\share\interpreter\linkResolver.cpp, line 759]
Event: 20.343 Thread 0x000001a3fb2aaff0 Exception <a 'java/lang/NoSuchMethodError'{0x00000000aa338418}: 'java.lang.Object java.lang.invoke.DirectMethodHandle$Holder.invokeStaticInit(java.lang.Object, java.lang.Object, java.lang.Object, java.lang.Object, java.lang.Object, java.lang.Object, java.lang.Object, java.lang.Object, java.lang.Object, java.lang.Object, java.lang.Object, java.lang.Object, java.lang.Object, java.lang.Object, java.lang.Object, java.lang.Object, java.lang.Object, java.lang.Object, java.lang.Object, java.lang.Object, int, java
Event: 20.345 Thread 0x000001a3fb2aaff0 Exception <a 'java/lang/IncompatibleClassChangeError'{0x00000000aa352660}: Found class java.lang.Object, but interface was expected> (0x00000000aa352660) 
thrown [s\src\hotspot\share\interpreter\linkResolver.cpp, line 826]
Event: 20.346 Thread 0x000001a3fb2aaff0 Exception <a 'java/lang/IncompatibleClassChangeError'{0x00000000aa35df70}: Found class java.lang.Object, but interface was expected> (0x00000000aa35df70) 
thrown [s\src\hotspot\share\interpreter\linkResolver.cpp, line 826]

VM Operations (20 events):
Event: 18.789 Executing VM operation: G1CollectForAllocation done
Event: 19.247 Executing VM operation: G1TryInitiateConcMark
Event: 19.252 Executing VM operation: G1TryInitiateConcMark done
Event: 19.383 Executing VM operation: G1PauseRemark
Event: 19.392 Executing VM operation: G1PauseRemark done
Event: 19.454 Executing VM operation: G1PauseCleanup
Event: 19.455 Executing VM operation: G1PauseCleanup done
Event: 19.641 Executing VM operation: HandshakeAllThreads
Event: 19.641 Executing VM operation: HandshakeAllThreads done
Event: 19.737 Executing VM operation: HandshakeAllThreads
Event: 19.737 Executing VM operation: HandshakeAllThreads done
Event: 19.762 Executing VM operation: HandshakeAllThreads
Event: 19.778 Executing VM operation: HandshakeAllThreads done
Event: 20.031 Executing VM operation: HandshakeAllThreads
Event: 20.031 Executing VM operation: HandshakeAllThreads done
Event: 20.365 Executing VM operation: G1CollectForAllocation
Event: 20.370 Executing VM operation: G1CollectForAllocation done
Event: 20.463 Executing VM operation: G1CollectForAllocation
Event: 20.468 Executing VM operation: G1CollectForAllocation done
Event: 20.851 Executing VM operation: G1TryInitiateConcMark

Memory protections (0 events):
No events

Nmethod flushes (20 events):
Event: 14.863 Thread 0x000001a3b218e940 flushing osr nmethod 0x000001a39cd26a10
Event: 14.863 Thread 0x000001a3b218e940 flushing  nmethod 0x000001a39cd41790
Event: 14.863 Thread 0x000001a3b218e940 flushing  nmethod 0x000001a39cd41c90
Event: 14.863 Thread 0x000001a3b218e940 flushing  nmethod 0x000001a39cd43c10
Event: 14.863 Thread 0x000001a3b218e940 flushing  nmethod 0x000001a39cd53c90
Event: 14.863 Thread 0x000001a3b218e940 flushing  nmethod 0x000001a39cd5f790
Event: 14.864 Thread 0x000001a3b218e940 flushing  nmethod 0x000001a39cdedd10
Event: 14.864 Thread 0x000001a3b218e940 flushing osr nmethod 0x000001a39ce11910
Event: 14.864 Thread 0x000001a3b218e940 flushing  nmethod 0x000001a39ce51610
Event: 14.864 Thread 0x000001a3b218e940 flushing  nmethod 0x000001a39cf03e10
Event: 14.864 Thread 0x000001a3b218e940 flushing  nmethod 0x000001a39cf05990
Event: 14.864 Thread 0x000001a3b218e940 flushing  nmethod 0x000001a39cf2ee10
Event: 14.864 Thread 0x000001a3b218e940 flushing  nmethod 0x000001a39cf5c910
Event: 18.714 Thread 0x000001a3b218e940 flushing  nmethod 0x000001a3a3b17090
Event: 18.716 Thread 0x000001a3b218e940 flushing  nmethod 0x000001a3a3e38b10
Event: 18.720 Thread 0x000001a3b218e940 flushing  nmethod 0x000001a39c01ea90
Event: 18.721 Thread 0x000001a3b218e940 flushing  nmethod 0x000001a39c188f90
Event: 18.730 Thread 0x000001a3b218e940 flushing  nmethod 0x000001a39c6e2510
Event: 18.739 Thread 0x000001a3b218e940 flushing  nmethod 0x000001a39cf2f410
Event: 18.739 Thread 0x000001a3b218e940 flushing  nmethod 0x000001a39cf30010

Events (20 events):
Event: 17.701 Thread 0x000001a3f9b563d0 Thread added: 0x000001a3fcd55bd0
Event: 17.705 Thread 0x000001a3f9b563d0 Thread added: 0x000001a3fcd560e0
Event: 17.706 Thread 0x000001a3f9b563d0 Thread added: 0x000001a3fcd52930
Event: 17.706 Thread 0x000001a3f9b563d0 Thread added: 0x000001a3fcd500b0
Event: 17.744 Thread 0x000001a3f9b563d0 Thread added: 0x000001a3fcd51f10
Event: 17.744 Thread 0x000001a3f9b563d0 Thread added: 0x000001a3fcd52420
Event: 17.745 Thread 0x000001a3f9b563d0 Thread added: 0x000001a3fcd565f0
Event: 17.745 Thread 0x000001a3f9b563d0 Thread added: 0x000001a3fcd56b00
Event: 17.746 Thread 0x000001a3f9b563d0 Thread added: 0x000001a3fcd57010
Event: 17.746 Thread 0x000001a3f9b563d0 Thread added: 0x000001a3fcd57a30
Event: 17.747 Thread 0x000001a3f9b563d0 Thread added: 0x000001a3fcd505c0
Event: 17.747 Thread 0x000001a3f9b563d0 Thread added: 0x000001a3fcd50ad0
Event: 17.748 Thread 0x000001a3f9b563d0 Thread added: 0x000001a3fcd50fe0
Event: 18.348 Thread 0x000001a3f9b563d0 Thread added: 0x000001a3fb2a9190
Event: 18.961 Thread 0x000001a3f9b53640 Thread added: 0x000001a3fb2aa5d0
Event: 19.223 Thread 0x000001a3fb2aa5d0 Thread added: 0x000001a3fb2aaff0
Event: 19.224 Thread 0x000001a3fb2aa5d0 Thread added: 0x000001a3fb2a8c80
Event: 19.734 Thread 0x000001a3fb2a9190 Thread added: 0x000001a3fb2a9bb0
Event: 19.786 Thread 0x000001a3fb2a9190 Thread added: 0x000001a3fb2ace50
Event: 19.786 Thread 0x000001a3fb2a9190 Thread added: 0x000001a3fb2aaae0


Dynamic libraries:
0x00007ff675f50000 - 0x00007ff675f5e000 	C:\Program Files\Java\jdk-17\bin\java.exe
0x00007ff8e1470000 - 0x00007ff8e1668000 	C:\WINDOWS\SYSTEM32\ntdll.dll
0x00007ff8e0c00000 - 0x00007ff8e0cc2000 	C:\WINDOWS\System32\KERNEL32.DLL
0x00007ff8deb00000 - 0x00007ff8dedf6000 	C:\WINDOWS\System32\KERNELBASE.dll
0x00007ff8df230000 - 0x00007ff8df330000 	C:\WINDOWS\System32\ucrtbase.dll
0x00007ff8af3d0000 - 0x00007ff8af3e8000 	C:\Program Files\Java\jdk-17\bin\jli.dll
0x00007ff8ae750000 - 0x00007ff8ae76e000 	C:\Program Files\Java\jdk-17\bin\VCRUNTIME140.dll
0x00007ff8e0740000 - 0x00007ff8e08e1000 	C:\WINDOWS\System32\USER32.dll
0x00007ff8def50000 - 0x00007ff8def72000 	C:\WINDOWS\System32\win32u.dll
0x00007ff8c9c70000 - 0x00007ff8c9f0b000 	C:\WINDOWS\WinSxS\amd64_microsoft.windows.common-controls_6595b64144ccf1df_6.0.19041.6456_none_60b8a6cb71f64256\COMCTL32.dll
0x00007ff8e06a0000 - 0x00007ff8e073e000 	C:\WINDOWS\System32\msvcrt.dll
0x00007ff8e0330000 - 0x00007ff8e035b000 	C:\WINDOWS\System32\GDI32.dll
0x00007ff8dee00000 - 0x00007ff8def19000 	C:\WINDOWS\System32\gdi32full.dll
0x00007ff8df100000 - 0x00007ff8df19d000 	C:\WINDOWS\System32\msvcp_win.dll
0x00007ff8df570000 - 0x00007ff8df59f000 	C:\WINDOWS\System32\IMM32.DLL
0x00007ff8b12e0000 - 0x00007ff8b12ec000 	C:\Program Files\Java\jdk-17\bin\vcruntime140_1.dll
0x00007ff88cd00000 - 0x00007ff88cd8d000 	C:\Program Files\Java\jdk-17\bin\msvcp140.dll
0x00007ff84de40000 - 0x00007ff84eaac000 	C:\Program Files\Java\jdk-17\bin\server\jvm.dll
0x00007ff8dfe80000 - 0x00007ff8dff31000 	C:\WINDOWS\System32\ADVAPI32.dll
0x00007ff8df5c0000 - 0x00007ff8df65f000 	C:\WINDOWS\System32\sechost.dll
0x00007ff8e08f0000 - 0x00007ff8e0a10000 	C:\WINDOWS\System32\RPCRT4.dll
0x00007ff8def20000 - 0x00007ff8def47000 	C:\WINDOWS\System32\bcrypt.dll
0x00007ff8e0620000 - 0x00007ff8e068b000 	C:\WINDOWS\System32\WS2_32.dll
0x00007ff8de000000 - 0x00007ff8de04b000 	C:\WINDOWS\SYSTEM32\POWRPROF.dll
0x00007ff8c9f10000 - 0x00007ff8c9f37000 	C:\WINDOWS\SYSTEM32\WINMM.dll
0x00007ff8d7820000 - 0x00007ff8d782a000 	C:\WINDOWS\SYSTEM32\VERSION.dll
0x00007ff8ddec0000 - 0x00007ff8dded2000 	C:\WINDOWS\SYSTEM32\UMPDC.dll
0x00007ff8dd2d0000 - 0x00007ff8dd2e2000 	C:\WINDOWS\SYSTEM32\kernel.appcore.dll
0x00007ff8b1010000 - 0x00007ff8b101a000 	C:\Program Files\Java\jdk-17\bin\jimage.dll
0x00007ff8dc6a0000 - 0x00007ff8dc8a1000 	C:\WINDOWS\SYSTEM32\DBGHELP.DLL
0x00007ff8c2920000 - 0x00007ff8c2954000 	C:\WINDOWS\SYSTEM32\dbgcore.DLL
0x00007ff8df1a0000 - 0x00007ff8df222000 	C:\WINDOWS\System32\bcryptPrimitives.dll
0x00007ff8b0450000 - 0x00007ff8b045e000 	C:\Program Files\Java\jdk-17\bin\instrument.dll
0x00007ff8a97d0000 - 0x00007ff8a97f5000 	C:\Program Files\Java\jdk-17\bin\java.dll
0x00007ff88c010000 - 0x00007ff88c0e7000 	C:\Program Files\Java\jdk-17\bin\jsvml.dll
0x00007ff8df710000 - 0x00007ff8dfe80000 	C:\WINDOWS\System32\SHELL32.dll
0x00007ff8dcb10000 - 0x00007ff8dd2b5000 	C:\WINDOWS\SYSTEM32\windows.storage.dll
0x00007ff8dffd0000 - 0x00007ff8e0324000 	C:\WINDOWS\System32\combase.dll
0x00007ff8de450000 - 0x00007ff8de47b000 	C:\WINDOWS\SYSTEM32\Wldp.dll
0x00007ff8e0480000 - 0x00007ff8e054d000 	C:\WINDOWS\System32\OLEAUT32.dll
0x00007ff8e0b50000 - 0x00007ff8e0bfd000 	C:\WINDOWS\System32\SHCORE.dll
0x00007ff8e0f60000 - 0x00007ff8e0fbb000 	C:\WINDOWS\System32\shlwapi.dll
0x00007ff8dea30000 - 0x00007ff8dea54000 	C:\WINDOWS\SYSTEM32\profapi.dll
0x00007ff8adb70000 - 0x00007ff8adb88000 	C:\Program Files\Java\jdk-17\bin\zip.dll
0x00007ff8ada60000 - 0x00007ff8ada7a000 	C:\Program Files\Java\jdk-17\bin\net.dll
0x00007ff8d5e10000 - 0x00007ff8d5f1a000 	C:\WINDOWS\SYSTEM32\WINHTTP.dll
0x00007ff8de230000 - 0x00007ff8de29a000 	C:\WINDOWS\system32\mswsock.dll
0x00007ff8ad260000 - 0x00007ff8ad276000 	C:\Program Files\Java\jdk-17\bin\nio.dll
0x00007ff8b0030000 - 0x00007ff8b0040000 	C:\Program Files\Java\jdk-17\bin\verify.dll
0x00007ff8a9b90000 - 0x00007ff8a9bb7000 	C:\Users\LEGION\.gradle\native\1def1411415f61bf3af743bc5b6707747c0891f09f0c88961ee8f79bc544acac\windows-amd64\native-platform.dll
0x00007ff88cc80000 - 0x00007ff88ccf8000 	C:\Users\LEGION\.gradle\native\0.2.7\x86_64-windows-gnu\gradle-fileevents.dll
0x00007ff8afbc0000 - 0x00007ff8afbca000 	C:\Program Files\Java\jdk-17\bin\management.dll
0x00007ff8afad0000 - 0x00007ff8afadc000 	C:\Program Files\Java\jdk-17\bin\management_ext.dll
0x00007ff8e05b0000 - 0x00007ff8e05b8000 	C:\WINDOWS\System32\PSAPI.DLL
0x00007ff8ddee0000 - 0x00007ff8ddf1b000 	C:\WINDOWS\SYSTEM32\IPHLPAPI.DLL
0x00007ff8e0690000 - 0x00007ff8e0698000 	C:\WINDOWS\System32\NSI.dll
0x00007ff8d7800000 - 0x00007ff8d7817000 	C:\WINDOWS\SYSTEM32\dhcpcsvc6.DLL
0x00007ff8d7bc0000 - 0x00007ff8d7bdd000 	C:\WINDOWS\SYSTEM32\dhcpcsvc.DLL
0x00007ff8ddf20000 - 0x00007ff8ddfea000 	C:\WINDOWS\SYSTEM32\DNSAPI.dll
0x00007ff8ae710000 - 0x00007ff8ae719000 	C:\Program Files\Java\jdk-17\bin\extnet.dll
0x00007ff8de7e0000 - 0x00007ff8de7f8000 	C:\WINDOWS\SYSTEM32\CRYPTSP.dll
0x00007ff8ddb00000 - 0x00007ff8ddb38000 	C:\WINDOWS\system32\rsaenh.dll
0x00007ff8de9f0000 - 0x00007ff8dea1e000 	C:\WINDOWS\SYSTEM32\USERENV.dll
0x00007ff8de3c0000 - 0x00007ff8de3cc000 	C:\WINDOWS\SYSTEM32\CRYPTBASE.dll
0x00007ff8ac600000 - 0x00007ff8ac60e000 	C:\Program Files\Java\jdk-17\bin\sunmscapi.dll
0x00007ff8df330000 - 0x00007ff8df48d000 	C:\WINDOWS\System32\CRYPT32.dll
0x00007ff8de4c0000 - 0x00007ff8de4e7000 	C:\WINDOWS\SYSTEM32\ncrypt.dll
0x00007ff8de480000 - 0x00007ff8de4bb000 	C:\WINDOWS\SYSTEM32\NTASN1.dll
0x00007ff8b3380000 - 0x00007ff8b3387000 	C:\WINDOWS\system32\wshunix.dll

dbghelp: loaded successfully - version: 4.0.5 - missing functions: none
symbol engine: initialized successfully - sym options: 0x614 - pdb path: .;C:\Program Files\Java\jdk-17\bin;C:\WINDOWS\SYSTEM32;C:\WINDOWS\WinSxS\amd64_microsoft.windows.common-controls_6595b64144ccf1df_6.0.19041.6456_none_60b8a6cb71f64256;C:\Program Files\Java\jdk-17\bin\server;C:\Users\LEGION\.gradle\native\1def1411415f61bf3af743bc5b6707747c0891f09f0c88961ee8f79bc544acac\windows-amd64;C:\Users\LEGION\.gradle\native\0.2.7\x86_64-windows-gnu

VM Arguments:
jvm_args: --add-opens=java.base/java.lang=ALL-UNNAMED --add-opens=java.base/java.lang.invoke=ALL-UNNAMED --add-opens=java.base/java.util=ALL-UNNAMED --add-opens=java.prefs/java.util.prefs=ALL-UNNAMED --add-exports=jdk.compiler/com.sun.tools.javac.api=ALL-UNNAMED --add-exports=jdk.compiler/com.sun.tools.javac.util=ALL-UNNAMED --add-opens=java.base/java.util=ALL-UNNAMED --add-opens=java.prefs/java.util.prefs=ALL-UNNAMED --add-opens=java.base/java.nio.charset=ALL-UNNAMED --add-opens=java.base/java.net=ALL-UNNAMED --add-opens=java.base/java.util.concurrent.atomic=ALL-UNNAMED --add-opens=java.xml/javax.xml.namespace=ALL-UNNAMED -Xmx1536m -Dfile.encoding=UTF-8 -Duser.country=US -Duser.language=en -Duser.variant -javaagent:C:\Users\LEGION\.gradle\wrapper\dists\gradle-8.13-bin\5xuhj0ry160q40clulazy9h7d\gradle-8.13\lib\agents\gradle-instrumentation-agent-8.13.jar 
java_command: org.gradle.launcher.daemon.bootstrap.GradleDaemon 8.13
java_class_path (initial): C:\Users\LEGION\.gradle\wrapper\dists\gradle-8.13-bin\5xuhj0ry160q40clulazy9h7d\gradle-8.13\lib\gradle-daemon-main-8.13.jar
Launcher Type: SUN_STANDARD

[Global flags]
     intx CICompilerCount                          = 4                                         {product} {ergonomic}
     uint ConcGCThreads                            = 3                                         {product} {ergonomic}
     uint G1ConcRefinementThreads                  = 10                                        {product} {ergonomic}
   size_t G1HeapRegionSize                         = 1048576                                   {product} {ergonomic}
    uintx GCDrainStackTargetSize                   = 64                                        {product} {ergonomic}
   size_t InitialHeapSize                          = 266338304                                 {product} {ergonomic}
   size_t MarkStackSize                            = 4194304                                   {product} {ergonomic}
   size_t MaxHeapSize                              = 1610612736                                {product} {command line}
   size_t MaxNewSize                               = 965738496                                 {product} {ergonomic}
   size_t MinHeapDeltaBytes                        = 1048576                                   {product} {ergonomic}
   size_t MinHeapSize                              = 8388608                                   {product} {ergonomic}
    uintx NonNMethodCodeHeapSize                   = 5839372                                {pd product} {ergonomic}
    uintx NonProfiledCodeHeapSize                  = 122909434                              {pd product} {ergonomic}
    uintx ProfiledCodeHeapSize                     = 122909434                              {pd product} {ergonomic}
    uintx ReservedCodeCacheSize                    = 251658240                              {pd product} {ergonomic}
     bool SegmentedCodeCache                       = true                                      {product} {ergonomic}
   size_t SoftMaxHeapSize                          = 1610612736                             {manageable} {ergonomic}
     bool UseCompressedClassPointers               = true                           {product lp64_product} {ergonomic}
     bool UseCompressedOops                        = true                           {product lp64_product} {ergonomic}
     bool UseG1GC                                  = true                                      {product} {ergonomic}
     bool UseLargePagesIndividualAllocation        = false                                  {pd product} {ergonomic}

Logging:
Log output configuration:
 #0: stdout all=warning uptime,level,tags
 #1: stderr all=off uptime,level,tags

Environment Variables:
JAVA_HOME=C:\Program Files\Java\jdk-17
PATH=C:\Program Files\Java\jdk-17\bin;C:\Program Files\Eclipse Adoptium\jdk-25.0.4.7-hotspot\bin;C:\Program Files (x86)\ActiveState Komodo IDE 12\;C:\ProgramData\Oracle\Java\javapath;C:\Windows\system32;C:\Windows;C:\Windows\System32\Wbem;C:\Windows\System32\WindowsPowerShell\v1.0\;C:\Windows\System32\OpenSSH\;C:\Program Files\dotnet\;C:\Program Files\Microsoft SQL Server\130\Tools\Binn\;C:\Program Files\Microsoft SQL Server\Client SDK\ODBC\170\Tools\Binn\;F:\Microsoft VS Code\bin;C:\Program Files\NVIDIA Corporation\NVIDIA NvDLISR;C:\WINDOWS\system32;C:\WINDOWS;C:\WINDOWS\System32\Wbem;C:\WINDOWS\System32\WindowsPowerShell\v1.0\;C:\WINDOWS\System32\OpenSSH\;C:\Program Files\PuTTY\;C:\Program Files\WireSock VPN Client\bin\;C:\flutter\bin;C:\Program Files\Git\cmd;C:\Users\LEGION\Desktop\include;C:\Users\LEGION\Desktop\lib;C:\Program Files\Git\cmd;C:\Program Files\Git\bin;C:\Users\LEGION\AppData\Local\Programs\Python\Launcher\;C:\Users\LEGION\AppData\Local\Programs\Python\Python310\Scripts\;C:\Users\LEGION\AppData\Local\Programs\Python\Python310\;C:\Users\LEGION\AppData\Local\Programs\Python\Python310\python.exe;C:\Users\LEGION\AppData\Local\GitHubDesktop\bin;C:\Users\LEGION\AppData\Local\Programs\Ollama;C:\Users\LEGION\flutter\bin;F:\cursor\resources\app\bin
USERNAME=LEGION
OS=Windows_NT
PROCESSOR_IDENTIFIER=Intel64 Family 6 Model 165 Stepping 2, GenuineIntel
TMP=C:\Users\LEGION\AppData\Local\Temp
TEMP=C:\Users\LEGION\AppData\Local\Temp



Periodic native trim disabled


---------------  S Y S T E M  ---------------

OS:
 Windows 10 , 64 bit Build 19041 (10.0.19041.5915)
OS uptime: 0 days 2:43 hours
Hyper-V role detected

CPU: total 12 (initial active 12) (6 cores per cpu, 2 threads per core) family 6 model 165 stepping 2 microcode 0xec, cx8, cmov, fxsr, ht, mmx, 3dnowpref, sse, sse2, sse3, ssse3, sse4.1, sse4.2, popcnt, lzcnt, tsc, tscinvbit, avx, avx2, aes, erms, clmul, bmi1, bmi2, adx, fma, vzeroupper, clflush, clflushopt, hv
Processor Information for all 12 processors :
  Max Mhz: 2592, Current Mhz: 2592, Mhz Limit: 2592

Memory: 4k page, system-wide physical 16251M (366M free)
TotalPageFile size 30526M (AvailPageFile size 9M)
current process WorkingSet (physical memory assigned to process): 485M, peak: 503M
current process commit charge ("private bytes"): 534M, peak: 583M

vm_info: OpenJDK 64-Bit Server VM (17.0.20+8) for windows-amd64 JRE (17.0.20+8), built on Jul 22 2026 00:41:45 by "admin" with MS VC++ 17.12 (VS2022)

END.
