#
# There is insufficient memory for the Java Runtime Environment to continue.
# Native memory allocation (mmap) failed to map 169869312 bytes. Error detail: G1 virtual space
# Possible reasons:
#   The system is out of physical RAM or swap space
#   This process is running with CompressedOops enabled, and the Java Heap may be blocking the growth of the native heap
# Possible solutions:
#   Reduce memory load on the system
#   Increase physical memory or swap space
#   Check if swap backing store is full
#   Decrease Java heap size (-Xmx/-Xms)
#   Decrease number of Java threads
#   Decrease Java thread stack sizes (-Xss)
#   Set larger code cache with -XX:ReservedCodeCacheSize=
#   JVM is running with Unscaled Compressed Oops mode in which the Java heap is
#     placed in the first 4GB address space. The Java Heap base address is the
#     maximum limit for the native heap growth. Please use -XX:HeapBaseMinAddress
#     to set the Java Heap base and to place the Java Heap above 4GB virtual address.
# This output file may be truncated or incomplete.
#
#  Out of Memory Error (os_windows.cpp:3630), pid=26232, tid=22460
#
# JRE version: OpenJDK Runtime Environment Temurin-17.0.20+8 (17.0.20+8) (build 17.0.20+8)
# Java VM: OpenJDK 64-Bit Server VM Temurin-17.0.20+8 (17.0.20+8, mixed mode, sharing, tiered, compressed oops, compressed class ptrs, g1 gc, windows-amd64)
# No core dump will be written. Minidumps are not enabled by default on client versions of Windows
#

---------------  S U M M A R Y ------------

Command Line: --add-opens=java.base/java.lang=ALL-UNNAMED --add-opens=java.base/java.lang.invoke=ALL-UNNAMED --add-opens=java.base/java.util=ALL-UNNAMED --add-opens=java.prefs/java.util.prefs=ALL-UNNAMED --add-exports=jdk.compiler/com.sun.tools.javac.api=ALL-UNNAMED --add-exports=jdk.compiler/com.sun.tools.javac.util=ALL-UNNAMED --add-opens=java.base/java.util=ALL-UNNAMED --add-opens=java.prefs/java.util.prefs=ALL-UNNAMED --add-opens=java.base/java.nio.charset=ALL-UNNAMED --add-opens=java.base/java.net=ALL-UNNAMED --add-opens=java.base/java.util.concurrent.atomic=ALL-UNNAMED --add-opens=java.xml/javax.xml.namespace=ALL-UNNAMED -Xmx1536m -Dfile.encoding=UTF-8 -Duser.country=US -Duser.language=en -Duser.variant -javaagent:C:\Users\LEGION\.gradle\wrapper\dists\gradle-8.13-bin\5xuhj0ry160q40clulazy9h7d\gradle-8.13\lib\agents\gradle-instrumentation-agent-8.13.jar org.gradle.launcher.daemon.bootstrap.GradleDaemon 8.13

Host: Intel(R) Core(TM) i7-10750H CPU @ 2.60GHz, 12 cores, 15G,  Windows 10 , 64 bit Build 19041 (10.0.19041.5915)
Time: Sun Aug 16 10:57:52 2026 Iran Standard Time elapsed time: 16.531948 seconds (0d 0h 0m 16s)

---------------  T H R E A D  ---------------

Current thread (0x0000015049131750):  VMThread "VM Thread" [stack: 0x00000001dfb00000,0x00000001dfc00000] [id=22460]

Stack: [0x00000001dfb00000,0x00000001dfc00000]
Native frames: (J=compiled Java code, j=interpreted, Vv=VM code, C=native code)
V  [jvm.dll+0x684d39]
V  [jvm.dll+0x83a565]
V  [jvm.dll+0x83bfde]
V  [jvm.dll+0x83c663]
V  [jvm.dll+0x2490cf]
V  [jvm.dll+0x681af9]
V  [jvm.dll+0x6768ba]
V  [jvm.dll+0x309467]
V  [jvm.dll+0x310a56]
V  [jvm.dll+0x360f3e]
V  [jvm.dll+0x36117d]
V  [jvm.dll+0x2e04ec]
V  [jvm.dll+0x2de8c2]
V  [jvm.dll+0x2de05c]
V  [jvm.dll+0x320cab]
V  [jvm.dll+0x840e7d]
V  [jvm.dll+0x841bb3]
V  [jvm.dll+0x8420df]
V  [jvm.dll+0x8424c5]
V  [jvm.dll+0x84258e]
V  [jvm.dll+0x7eb17c]
V  [jvm.dll+0x683c07]
C  [ucrtbase.dll+0x21bb2]
C  [KERNEL32.DLL+0x17374]
C  [ntdll.dll+0x4cc91]

VM_Operation (0x00000001ecafc020): G1CollectForAllocation, mode: safepoint, requested by thread 0x000001504983c970


---------------  P R O C E S S  ---------------

Threads class SMR info:
_java_thread_list=0x00000150924ace60, length=199, elements={
0x000001502bac1920, 0x000001504913cbc0, 0x000001504913daa0, 0x000001504914ee40,
0x000001504914f910, 0x00000150491521f0, 0x0000015049154ad0, 0x0000015049159490,
0x0000015049162dc0, 0x00000150491636d0, 0x0000015049120370, 0x00000150493eeaf0,
0x000001508fe34020, 0x000001508fc28cb0, 0x000001508fc110e0, 0x0000015090028080,
0x000001508ff26bc0, 0x000001508fe4a880, 0x000001508fe4b2a0, 0x000001508fe4ad90,
0x000001508fe4b7b0, 0x000001508fe4bcc0, 0x000001508fe49440, 0x000001508fe4c1d0,
0x000001508fe48a20, 0x000001508fe49950, 0x000001508fe49e60, 0x000001508fe4a370,
0x00000150917901f0, 0x000001509178b0f0, 0x000001509178c530, 0x000001508f3249f0,
0x0000015091791120, 0x000001509178b600, 0x000001509178a6d0, 0x000001509178de80,
0x000001509178cf50, 0x000001509178edb0, 0x0000015091790c10, 0x000001509178f2c0,
0x000001509178bb10, 0x0000015091790700, 0x000001509178e390, 0x000001509178f7d0,
0x000001509178abe0, 0x0000015091791630, 0x000001509178d460, 0x000001509178fce0,
0x000001509178a1c0, 0x000001509178d970, 0x000001509178e8a0, 0x0000015091791b40,
0x00000150917b0b20, 0x00000150917b3dc0, 0x00000150917b6130, 0x00000150917b5c20,
0x00000150917b2e90, 0x00000150917b33a0, 0x00000150917b2980, 0x00000150917b38b0,
0x00000150917b6640, 0x00000150917b7570, 0x00000150917b7a80, 0x00000150917b1030,
0x00000150917b6b50, 0x00000150917b1a50, 0x00000150917b2470, 0x00000150917b7f90,
0x00000150917b47e0, 0x00000150917b5200, 0x00000150917b84a0, 0x00000150917b7060,
0x00000150917b5710, 0x00000150917b1540, 0x00000150917b42d0, 0x00000150917b4cf0,
0x0000015092f2abc0, 0x0000015092f2a1a0, 0x0000015092f28850, 0x0000015092f2c510,
0x0000015092f29780, 0x0000015092f28340, 0x0000015092f2e880, 0x0000015092f28d60,
0x0000015092f29c90, 0x0000015092f2de60, 0x0000015092f2a6b0, 0x0000015092f2ed90,
0x0000015092f2b0d0, 0x0000015092f2b5e0, 0x0000015092267b70, 0x0000015092268080,
0x0000015090baa070, 0x0000015090baaa90, 0x0000015093732b20, 0x0000015093733030,
0x0000015093733540, 0x0000015091eea400, 0x0000015091ee8090, 0x0000015091ee8fc0,
0x0000015091ee7b80, 0x00000150938536a0, 0x00000150938540c0, 0x0000015093854ff0,
0x0000015093853bb0, 0x00000150938545d0, 0x0000015091ee9ef0, 0x0000015091ee8ab0,
0x0000015093854ae0, 0x00000150938c8490, 0x0000015092f2fcc0, 0x0000015092f2f7b0,
0x0000015092267660, 0x0000015092267150, 0x0000015092f2baf0, 0x00000150944a5790,
0x00000150944a4860, 0x000001504983c460, 0x0000015049ae6f60, 0x0000015049ae7470,
0x0000015049ae7e90, 0x0000015049ae83a0, 0x0000015049ae6a50, 0x0000015095b28110,
0x0000015095b27c00, 0x0000015095b28620, 0x0000015095b28b30, 0x0000015095b29040,
0x0000015095b29550, 0x00000150944a3420, 0x0000015093da5de0, 0x0000015093da62f0,
0x0000015093da4eb0, 0x0000015093da53c0, 0x0000015093da6800, 0x0000015093da58d0,
0x0000015094511900, 0x0000015094511e10, 0x0000015094512320, 0x0000015094512830,
0x00000150945104c0, 0x0000015094b2cd00, 0x0000015094b2dc30, 0x0000015094b2c7f0,
0x0000015094b2e140, 0x0000015094b2d210, 0x0000015094b2d720, 0x00000150949a5b00,
0x0000015093d34b50, 0x0000015093d35570, 0x0000015093d35060, 0x0000015093d35f90,
0x0000015093d35a80, 0x0000015093d364a0, 0x0000015093d33c20, 0x0000015093d33200,
0x0000015093d34130, 0x0000015095b161a0, 0x0000015095b18000, 0x0000015095b18510,
0x0000015095b166b0, 0x0000015095b18f30, 0x0000015095b16bc0, 0x00000150944a5280,
0x00000150944a24f0, 0x00000150944a3930, 0x00000150944a2a00, 0x00000150944a2f10,
0x00000150944a4350, 0x0000015094d7cd30, 0x0000015094d7d240, 0x0000015094d7d750,
0x0000015094d7dc60, 0x0000015093847b70, 0x0000015093848aa0, 0x0000015094d7c310,
0x0000015094d7c820, 0x0000015095a091e0, 0x0000015095a096f0, 0x0000015095a09c00,
0x0000015095a0a620, 0x0000015095a0a110, 0x0000015095a0ab30, 0x00000150940e85d0,
0x000001504983d390, 0x0000015096187ef0, 0x00000150940e5330, 0x0000015095b170d0,
0x0000015095b175e0, 0x0000015095b17af0, 0x0000015095b18a20, 0x00000150949a6f40,
0x000001504983d8a0, 0x00000150948848f0, 0x000001504983c970, 0x000001504983ddb0,
0x00000150949a6010, 0x00000150949a6520, 0x00000150949a4bd0
}

Java Threads: ( => current thread )
  0x000001502bac1920 JavaThread "main" [_thread_blocked, id=10348, stack(0x00000001df500000,0x00000001df600000)]
  0x000001504913cbc0 JavaThread "Reference Handler" daemon [_thread_blocked, id=3740, stack(0x00000001dfc00000,0x00000001dfd00000)]
  0x000001504913daa0 JavaThread "Finalizer" daemon [_thread_blocked, id=26252, stack(0x00000001dfd00000,0x00000001dfe00000)]
  0x000001504914ee40 JavaThread "Signal Dispatcher" daemon [_thread_blocked, id=13276, stack(0x00000001dfe00000,0x00000001dff00000)]
  0x000001504914f910 JavaThread "Attach Listener" daemon [_thread_blocked, id=25928, stack(0x00000001dff00000,0x00000001e0000000)]
  0x00000150491521f0 JavaThread "Service Thread" daemon [_thread_blocked, id=20356, stack(0x00000001e0000000,0x00000001e0100000)]
  0x0000015049154ad0 JavaThread "Monitor Deflation Thread" daemon [_thread_blocked, id=25996, stack(0x00000001e0100000,0x00000001e0200000)]
  0x0000015049159490 JavaThread "C2 CompilerThread0" daemon [_thread_blocked, id=17972, stack(0x00000001e0200000,0x00000001e0300000)]
  0x0000015049162dc0 JavaThread "C1 CompilerThread0" daemon [_thread_blocked, id=12548, stack(0x00000001e0300000,0x00000001e0400000)]
  0x00000150491636d0 JavaThread "Sweeper thread" daemon [_thread_blocked, id=10916, stack(0x00000001e0400000,0x00000001e0500000)]
  0x0000015049120370 JavaThread "Common-Cleaner" daemon [_thread_blocked, id=11188, stack(0x00000001e0500000,0x00000001e0600000)]
  0x00000150493eeaf0 JavaThread "Notification Thread" daemon [_thread_blocked, id=1232, stack(0x00000001e0600000,0x00000001e0700000)]
  0x000001508fe34020 JavaThread "Daemon health stats" [_thread_blocked, id=26588, stack(0x00000001e0e00000,0x00000001e0f00000)]
  0x000001508fc28cb0 JavaThread "Incoming local TCP Connector on port 11324" [_thread_in_native, id=21268, stack(0x00000001e0800000,0x00000001e0900000)]
  0x000001508fc110e0 JavaThread "Daemon periodic checks" [_thread_blocked, id=15580, stack(0x00000001e0f00000,0x00000001e1000000)]
  0x0000015090028080 JavaThread "Daemon" [_thread_blocked, id=12920, stack(0x00000001e1000000,0x00000001e1100000)]
  0x000001508ff26bc0 JavaThread "Handler for socket connection from /127.0.0.1:11324 to /127.0.0.1:11325" [_thread_in_native, id=19644, stack(0x00000001e1100000,0x00000001e1200000)]
  0x000001508fe4a880 JavaThread "Cancel handler" [_thread_blocked, id=25360, stack(0x00000001e1200000,0x00000001e1300000)]
  0x000001508fe4b2a0 JavaThread "Daemon worker" [_thread_blocked, id=26564, stack(0x00000001e1300000,0x00000001e1400000)]
  0x000001508fe4ad90 JavaThread "Asynchronous log dispatcher for DefaultDaemonConnection: socket connection from /127.0.0.1:11324 to /127.0.0.1:11325" [_thread_blocked, id=21324, stack(0x00000001e1400000,0x00000001e1500000)]
  0x000001508fe4b7b0 JavaThread "Stdin handler" [_thread_blocked, id=24352, stack(0x00000001e1500000,0x00000001e1600000)]
  0x000001508fe4bcc0 JavaThread "Daemon client event forwarder" [_thread_blocked, id=23732, stack(0x00000001e1600000,0x00000001e1700000)]
  0x000001508fe49440 JavaThread "Cache worker for journal cache (C:\Users\LEGION\.gradle\caches\journal-1)" [_thread_blocked, id=23020, stack(0x00000001e1700000,0x00000001e1800000)]
  0x000001508fe4c1d0 JavaThread "File lock request listener" [_thread_in_native, id=9032, stack(0x00000001e1800000,0x00000001e1900000)]
  0x000001508fe48a20 JavaThread "Cache worker for file hash cache (C:\Users\LEGION\.gradle\caches\8.13\fileHashes)" [_thread_blocked, id=22836, stack(0x00000001e1900000,0x00000001e1a00000)]
  0x000001508fe49950 JavaThread "Cache worker for file hash cache (C:\Users\LEGION\Backgammon-game\.gradle\8.13\fileHashes)" [_thread_blocked, id=26364, stack(0x00000001e1a00000,0x00000001e1b00000)]
  0x000001508fe49e60 JavaThread "Cache worker for Build Output Cleanup Cache (C:\Users\LEGION\Backgammon-game\.gradle\buildOutputCleanup)" [_thread_blocked, id=17776, stack(0x00000001e1b00000,0x00000001e1c00000)]
  0x000001508fe4a370 JavaThread "File watcher server" daemon [_thread_blocked, id=25492, stack(0x00000001e2200000,0x00000001e2300000)]
  0x00000150917901f0 JavaThread "File watcher consumer" daemon [_thread_blocked, id=20780, stack(0x00000001e2300000,0x00000001e2400000)]
  0x000001509178b0f0 JavaThread "jar transforms" [_thread_blocked, id=24012, stack(0x00000001e2400000,0x00000001e2500000)]
  0x000001509178c530 JavaThread "jar transforms Thread 2" [_thread_blocked, id=23824, stack(0x00000001e2500000,0x00000001e2600000)]
  0x000001508f3249f0 JavaThread "C2 CompilerThread1" daemon [_thread_blocked, id=24300, stack(0x00000001e2600000,0x00000001e2700000)]
  0x0000015091791120 JavaThread "Cache worker for checksums cache (C:\Users\LEGION\Backgammon-game\.gradle\8.13\checksums)" [_thread_blocked, id=8644, stack(0x00000001e2700000,0x00000001e2800000)]
  0x000001509178b600 JavaThread "Cache worker for file content cache (C:\Users\LEGION\.gradle\caches\8.13\fileContent)" [_thread_blocked, id=21396, stack(0x00000001e2800000,0x00000001e2900000)]
  0x000001509178a6d0 JavaThread "jar transforms Thread 3" [_thread_blocked, id=20892, stack(0x00000001e2900000,0x00000001e2a00000)]
  0x000001509178de80 JavaThread "Cache worker for cache directory md-supplier (C:\Users\LEGION\.gradle\caches\8.13\md-supplier)" [_thread_blocked, id=21596, stack(0x00000001e2a00000,0x00000001e2b00000)]
  0x000001509178cf50 JavaThread "Cache worker for cache directory md-rule (C:\Users\LEGION\.gradle\caches\8.13\md-rule)" [_thread_blocked, id=21360, stack(0x00000001e2b00000,0x00000001e2c00000)]
  0x000001509178edb0 JavaThread "Unconstrained build operations" [_thread_blocked, id=13176, stack(0x00000001e2c00000,0x00000001e2d00000)]
  0x0000015091790c10 JavaThread "Unconstrained build operations Thread 2" [_thread_blocked, id=19908, stack(0x00000001e2d00000,0x00000001e2e00000)]
  0x000001509178f2c0 JavaThread "Unconstrained build operations Thread 3" [_thread_blocked, id=21472, stack(0x00000001e2e00000,0x00000001e2f00000)]
  0x000001509178bb10 JavaThread "Unconstrained build operations Thread 4" [_thread_blocked, id=9160, stack(0x00000001e2f00000,0x00000001e3000000)]
  0x0000015091790700 JavaThread "Unconstrained build operations Thread 5" [_thread_blocked, id=2808, stack(0x00000001e3000000,0x00000001e3100000)]
  0x000001509178e390 JavaThread "Unconstrained build operations Thread 6" [_thread_blocked, id=18732, stack(0x00000001e3100000,0x00000001e3200000)]
  0x000001509178f7d0 JavaThread "Unconstrained build operations Thread 7" [_thread_blocked, id=24972, stack(0x00000001e3200000,0x00000001e3300000)]
  0x000001509178abe0 JavaThread "Unconstrained build operations Thread 8" [_thread_blocked, id=20800, stack(0x00000001e3300000,0x00000001e3400000)]
  0x0000015091791630 JavaThread "Unconstrained build operations Thread 9" [_thread_blocked, id=516, stack(0x00000001e3400000,0x00000001e3500000)]
  0x000001509178d460 JavaThread "Unconstrained build operations Thread 10" [_thread_blocked, id=20900, stack(0x00000001e3500000,0x00000001e3600000)]
  0x000001509178fce0 JavaThread "Unconstrained build operations Thread 11" [_thread_blocked, id=10908, stack(0x00000001e3600000,0x00000001e3700000)]
  0x000001509178a1c0 JavaThread "Unconstrained build operations Thread 12" [_thread_blocked, id=10716, stack(0x00000001e3700000,0x00000001e3800000)]
  0x000001509178d970 JavaThread "Unconstrained build operations Thread 13" [_thread_blocked, id=25760, stack(0x00000001e3800000,0x00000001e3900000)]
  0x000001509178e8a0 JavaThread "Unconstrained build operations Thread 14" [_thread_blocked, id=24336, stack(0x00000001e3900000,0x00000001e3a00000)]
  0x0000015091791b40 JavaThread "Unconstrained build operations Thread 15" [_thread_blocked, id=6940, stack(0x00000001e3a00000,0x00000001e3b00000)]
  0x00000150917b0b20 JavaThread "Unconstrained build operations Thread 16" [_thread_blocked, id=24456, stack(0x00000001e3b00000,0x00000001e3c00000)]
  0x00000150917b3dc0 JavaThread "Unconstrained build operations Thread 17" [_thread_blocked, id=25668, stack(0x00000001e3c00000,0x00000001e3d00000)]
  0x00000150917b6130 JavaThread "Unconstrained build operations Thread 18" [_thread_blocked, id=19432, stack(0x00000001e3d00000,0x00000001e3e00000)]
  0x00000150917b5c20 JavaThread "Unconstrained build operations Thread 19" [_thread_blocked, id=20604, stack(0x00000001e3e00000,0x00000001e3f00000)]
  0x00000150917b2e90 JavaThread "Unconstrained build operations Thread 20" [_thread_blocked, id=25372, stack(0x00000001e3f00000,0x00000001e4000000)]
  0x00000150917b33a0 JavaThread "Unconstrained build operations Thread 21" [_thread_blocked, id=20160, stack(0x00000001e4000000,0x00000001e4100000)]
  0x00000150917b2980 JavaThread "Unconstrained build operations Thread 22" [_thread_blocked, id=24684, stack(0x00000001e4100000,0x00000001e4200000)]
  0x00000150917b38b0 JavaThread "jar transforms Thread 4" [_thread_blocked, id=20788, stack(0x00000001e4200000,0x00000001e4300000)]
  0x00000150917b6640 JavaThread "jar transforms Thread 5" [_thread_blocked, id=10464, stack(0x00000001e4300000,0x00000001e4400000)]
  0x00000150917b7570 JavaThread "Unconstrained build operations Thread 23" [_thread_blocked, id=3636, stack(0x00000001e4400000,0x00000001e4500000)]
  0x00000150917b7a80 JavaThread "Unconstrained build operations Thread 24" [_thread_blocked, id=23772, stack(0x00000001e4500000,0x00000001e4600000)]
  0x00000150917b1030 JavaThread "Unconstrained build operations Thread 25" [_thread_blocked, id=25216, stack(0x00000001e4600000,0x00000001e4700000)]
  0x00000150917b6b50 JavaThread "Unconstrained build operations Thread 26" [_thread_blocked, id=26188, stack(0x00000001e4700000,0x00000001e4800000)]
  0x00000150917b1a50 JavaThread "Unconstrained build operations Thread 27" [_thread_blocked, id=5820, stack(0x00000001e4800000,0x00000001e4900000)]
  0x00000150917b2470 JavaThread "Unconstrained build operations Thread 28" [_thread_blocked, id=21964, stack(0x00000001e4900000,0x00000001e4a00000)]
  0x00000150917b7f90 JavaThread "Unconstrained build operations Thread 29" [_thread_blocked, id=4048, stack(0x00000001e4a00000,0x00000001e4b00000)]
  0x00000150917b47e0 JavaThread "Unconstrained build operations Thread 30" [_thread_blocked, id=23116, stack(0x00000001e4b00000,0x00000001e4c00000)]
  0x00000150917b5200 JavaThread "Unconstrained build operations Thread 31" [_thread_blocked, id=22004, stack(0x00000001e4c00000,0x00000001e4d00000)]
  0x00000150917b84a0 JavaThread "Unconstrained build operations Thread 32" [_thread_blocked, id=24172, stack(0x00000001e4d00000,0x00000001e4e00000)]
  0x00000150917b7060 JavaThread "Unconstrained build operations Thread 33" [_thread_blocked, id=6904, stack(0x00000001e4e00000,0x00000001e4f00000)]
  0x00000150917b5710 JavaThread "jar transforms Thread 6" [_thread_blocked, id=13064, stack(0x00000001e4f00000,0x00000001e5000000)]
  0x00000150917b1540 JavaThread "jar transforms Thread 7" [_thread_blocked, id=18436, stack(0x00000001e5000000,0x00000001e5100000)]
  0x00000150917b42d0 JavaThread "jar transforms Thread 8" [_thread_blocked, id=23520, stack(0x00000001e5100000,0x00000001e5200000)]
  0x00000150917b4cf0 JavaThread "jar transforms Thread 9" [_thread_blocked, id=17836, stack(0x00000001e5200000,0x00000001e5300000)]
  0x0000015092f2abc0 JavaThread "Problems report writer" [_thread_blocked, id=17784, stack(0x00000001e5300000,0x00000001e5400000)]
  0x0000015092f2a1a0 JavaThread "jar transforms Thread 10" [_thread_blocked, id=10560, stack(0x00000001e5400000,0x00000001e5500000)]
  0x0000015092f28850 JavaThread "jar transforms Thread 11" [_thread_blocked, id=20504, stack(0x00000001e5500000,0x00000001e5600000)]
  0x0000015092f2c510 JavaThread "Unconstrained build operations Thread 34" [_thread_blocked, id=25972, stack(0x00000001e5600000,0x00000001e5700000)]
  0x0000015092f29780 JavaThread "Unconstrained build operations Thread 35" [_thread_blocked, id=24384, stack(0x00000001e5700000,0x00000001e5800000)]
  0x0000015092f28340 JavaThread "Unconstrained build operations Thread 36" [_thread_blocked, id=25436, stack(0x00000001e5800000,0x00000001e5900000)]
  0x0000015092f2e880 JavaThread "Unconstrained build operations Thread 37" [_thread_blocked, id=2404, stack(0x00000001e5900000,0x00000001e5a00000)]
  0x0000015092f28d60 JavaThread "Unconstrained build operations Thread 38" [_thread_blocked, id=23900, stack(0x00000001e5a00000,0x00000001e5b00000)]
  0x0000015092f29c90 JavaThread "Unconstrained build operations Thread 39" [_thread_blocked, id=5792, stack(0x00000001e5b00000,0x00000001e5c00000)]
  0x0000015092f2de60 JavaThread "Unconstrained build operations Thread 40" [_thread_blocked, id=24560, stack(0x00000001e5c00000,0x00000001e5d00000)]
  0x0000015092f2a6b0 JavaThread "Unconstrained build operations Thread 41" [_thread_blocked, id=21244, stack(0x00000001e5d00000,0x00000001e5e00000)]
  0x0000015092f2ed90 JavaThread "Unconstrained build operations Thread 42" [_thread_blocked, id=15880, stack(0x00000001e5e00000,0x00000001e5f00000)]
  0x0000015092f2b0d0 JavaThread "Unconstrained build operations Thread 43" [_thread_blocked, id=11256, stack(0x00000001e5f00000,0x00000001e6000000)]
  0x0000015092f2b5e0 JavaThread "Unconstrained build operations Thread 44" [_thread_blocked, id=15072, stack(0x00000001e6000000,0x00000001e6100000)]
  0x0000015092267b70 JavaThread "Unconstrained build operations Thread 45" [_thread_blocked, id=14020, stack(0x00000001e6100000,0x00000001e6200000)]
  0x0000015092268080 JavaThread "Unconstrained build operations Thread 46" [_thread_blocked, id=12024, stack(0x00000001e6200000,0x00000001e6300000)]
  0x0000015090baa070 JavaThread "Unconstrained build operations Thread 47" [_thread_blocked, id=17948, stack(0x00000001e6300000,0x00000001e6400000)]
  0x0000015090baaa90 JavaThread "Unconstrained build operations Thread 48" [_thread_blocked, id=25200, stack(0x00000001e6400000,0x00000001e6500000)]
  0x0000015093732b20 JavaThread "Unconstrained build operations Thread 49" [_thread_blocked, id=8152, stack(0x00000001e6500000,0x00000001e6600000)]
  0x0000015093733030 JavaThread "Unconstrained build operations Thread 50" [_thread_blocked, id=24872, stack(0x00000001e6600000,0x00000001e6700000)]
  0x0000015093733540 JavaThread "Unconstrained build operations Thread 51" [_thread_blocked, id=2060, stack(0x00000001e6700000,0x00000001e6800000)]
  0x0000015091eea400 JavaThread "Unconstrained build operations Thread 52" [_thread_blocked, id=8696, stack(0x00000001e6800000,0x00000001e6900000)]
  0x0000015091ee8090 JavaThread "Unconstrained build operations Thread 53" [_thread_blocked, id=25100, stack(0x00000001e6900000,0x00000001e6a00000)]
  0x0000015091ee8fc0 JavaThread "Unconstrained build operations Thread 54" [_thread_blocked, id=24988, stack(0x00000001e6a00000,0x00000001e6b00000)]
  0x0000015091ee7b80 JavaThread "Unconstrained build operations Thread 55" [_thread_blocked, id=21808, stack(0x00000001e6b00000,0x00000001e6c00000)]
  0x00000150938536a0 JavaThread "Unconstrained build operations Thread 56" [_thread_blocked, id=23564, stack(0x00000001e6c00000,0x00000001e6d00000)]
  0x00000150938540c0 JavaThread "Unconstrained build operations Thread 57" [_thread_blocked, id=25056, stack(0x00000001e6d00000,0x00000001e6e00000)]
  0x0000015093854ff0 JavaThread "Unconstrained build operations Thread 58" [_thread_blocked, id=25644, stack(0x00000001e6e00000,0x00000001e6f00000)]
  0x0000015093853bb0 JavaThread "Unconstrained build operations Thread 59" [_thread_blocked, id=22940, stack(0x00000001e6f00000,0x00000001e7000000)]
  0x00000150938545d0 JavaThread "Unconstrained build operations Thread 60" [_thread_blocked, id=4216, stack(0x00000001e7000000,0x00000001e7100000)]
  0x0000015091ee9ef0 JavaThread "Unconstrained build operations Thread 61" [_thread_blocked, id=26052, stack(0x00000001e7100000,0x00000001e7200000)]
  0x0000015091ee8ab0 JavaThread "Unconstrained build operations Thread 62" [_thread_blocked, id=4360, stack(0x00000001e7200000,0x00000001e7300000)]
  0x0000015093854ae0 JavaThread "Unconstrained build operations Thread 63" [_thread_blocked, id=25304, stack(0x00000001e7300000,0x00000001e7400000)]
  0x00000150938c8490 JavaThread "Unconstrained build operations Thread 64" [_thread_blocked, id=7864, stack(0x00000001e7400000,0x00000001e7500000)]
  0x0000015092f2fcc0 JavaThread "Unconstrained build operations Thread 65" [_thread_blocked, id=19640, stack(0x00000001e7500000,0x00000001e7600000)]
  0x0000015092f2f7b0 JavaThread "Unconstrained build operations Thread 66" [_thread_blocked, id=19164, stack(0x00000001e7600000,0x00000001e7700000)]
  0x0000015092267660 JavaThread "jar transforms Thread 12" [_thread_blocked, id=21616, stack(0x00000001e7700000,0x00000001e7800000)]
  0x0000015092267150 JavaThread "build event listener" [_thread_blocked, id=14260, stack(0x00000001e7900000,0x00000001e7a00000)]
  0x0000015092f2baf0 JavaThread "Memory manager" [_thread_blocked, id=24784, stack(0x00000001e7a00000,0x00000001e7b00000)]
  0x00000150944a5790 JavaThread "pool-3-thread-1" [_thread_blocked, id=12076, stack(0x00000001e7b00000,0x00000001e7c00000)]
  0x00000150944a4860 JavaThread "build event listener" [_thread_blocked, id=21708, stack(0x00000001e7c00000,0x00000001e7d00000)]
  0x000001504983c460 JavaThread "included builds" [_thread_blocked, id=21256, stack(0x00000001e7d00000,0x00000001e7e00000)]
  0x0000015049ae6f60 JavaThread "Execution worker" [_thread_blocked, id=19448, stack(0x00000001e7e00000,0x00000001e7f00000)]
  0x0000015049ae7470 JavaThread "Execution worker Thread 2" [_thread_blocked, id=20580, stack(0x00000001e7f00000,0x00000001e8000000)]
  0x0000015049ae7e90 JavaThread "Execution worker Thread 3" [_thread_blocked, id=5528, stack(0x00000001e8000000,0x00000001e8100000)]
  0x0000015049ae83a0 JavaThread "Execution worker Thread 4" [_thread_blocked, id=21224, stack(0x00000001e8100000,0x00000001e8200000)]
  0x0000015049ae6a50 JavaThread "Execution worker Thread 5" [_thread_blocked, id=25164, stack(0x00000001e8200000,0x00000001e8300000)]
  0x0000015095b28110 JavaThread "Execution worker Thread 6" [_thread_blocked, id=23188, stack(0x00000001e8300000,0x00000001e8400000)]
  0x0000015095b27c00 JavaThread "Execution worker Thread 7" [_thread_blocked, id=25920, stack(0x00000001e8400000,0x00000001e8500000)]
  0x0000015095b28620 JavaThread "Execution worker Thread 8" [_thread_blocked, id=13520, stack(0x00000001e8500000,0x00000001e8600000)]
  0x0000015095b28b30 JavaThread "Execution worker Thread 9" [_thread_blocked, id=25404, stack(0x00000001e8600000,0x00000001e8700000)]
  0x0000015095b29040 JavaThread "Execution worker Thread 10" [_thread_blocked, id=24380, stack(0x00000001e8700000,0x00000001e8800000)]
  0x0000015095b29550 JavaThread "Execution worker Thread 11" [_thread_blocked, id=6696, stack(0x00000001e8800000,0x00000001e8900000)]
  0x00000150944a3420 JavaThread "Cache worker for execution history cache (C:\Users\LEGION\Backgammon-game\.gradle\8.13\executionHistory)" [_thread_blocked, id=17540, stack(0x00000001e8900000,0x00000001e8a00000)]
  0x0000015093da5de0 JavaThread "Unconstrained build operations Thread 67" [_thread_blocked, id=23648, stack(0x00000001e8a00000,0x00000001e8b00000)]
  0x0000015093da62f0 JavaThread "Unconstrained build operations Thread 68" [_thread_blocked, id=12644, stack(0x00000001e8b00000,0x00000001e8c00000)]
  0x0000015093da4eb0 JavaThread "Unconstrained build operations Thread 69" [_thread_blocked, id=22672, stack(0x00000001e8c00000,0x00000001e8d00000)]
  0x0000015093da53c0 JavaThread "Unconstrained build operations Thread 70" [_thread_blocked, id=9196, stack(0x00000001e8d00000,0x00000001e8e00000)]
  0x0000015093da6800 JavaThread "Unconstrained build operations Thread 71" [_thread_blocked, id=9044, stack(0x00000001e8e00000,0x00000001e8f00000)]
  0x0000015093da58d0 JavaThread "Unconstrained build operations Thread 72" [_thread_blocked, id=2688, stack(0x00000001e8f00000,0x00000001e9000000)]
  0x0000015094511900 JavaThread "Unconstrained build operations Thread 73" [_thread_blocked, id=12148, stack(0x00000001e9000000,0x00000001e9100000)]
  0x0000015094511e10 JavaThread "Unconstrained build operations Thread 74" [_thread_blocked, id=22308, stack(0x00000001e9100000,0x00000001e9200000)]
  0x0000015094512320 JavaThread "Unconstrained build operations Thread 75" [_thread_blocked, id=15276, stack(0x00000001e9200000,0x00000001e9300000)]
  0x0000015094512830 JavaThread "Unconstrained build operations Thread 76" [_thread_blocked, id=21184, stack(0x00000001e9300000,0x00000001e9400000)]
  0x00000150945104c0 JavaThread "Unconstrained build operations Thread 77" [_thread_blocked, id=22872, stack(0x00000001e9400000,0x00000001e9500000)]
  0x0000015094b2cd00 JavaThread "Unconstrained build operations Thread 78" [_thread_blocked, id=17076, stack(0x00000001e9500000,0x00000001e9600000)]
  0x0000015094b2dc30 JavaThread "Unconstrained build operations Thread 79" [_thread_blocked, id=14288, stack(0x00000001e9600000,0x00000001e9700000)]
  0x0000015094b2c7f0 JavaThread "Unconstrained build operations Thread 80" [_thread_blocked, id=15748, stack(0x00000001e9700000,0x00000001e9800000)]
  0x0000015094b2e140 JavaThread "Unconstrained build operations Thread 81" [_thread_blocked, id=24236, stack(0x00000001e9800000,0x00000001e9900000)]
  0x0000015094b2d210 JavaThread "Unconstrained build operations Thread 82" [_thread_blocked, id=23212, stack(0x00000001e9900000,0x00000001e9a00000)]
  0x0000015094b2d720 JavaThread "Unconstrained build operations Thread 83" [_thread_blocked, id=22384, stack(0x00000001e9a00000,0x00000001e9b00000)]
  0x00000150949a5b00 JavaThread "Unconstrained build operations Thread 84" [_thread_blocked, id=24080, stack(0x00000001e9b00000,0x00000001e9c00000)]
  0x0000015093d34b50 JavaThread "Unconstrained build operations Thread 85" [_thread_blocked, id=12984, stack(0x00000001e9c00000,0x00000001e9d00000)]
  0x0000015093d35570 JavaThread "Unconstrained build operations Thread 86" [_thread_blocked, id=23024, stack(0x00000001e9d00000,0x00000001e9e00000)]
  0x0000015093d35060 JavaThread "Unconstrained build operations Thread 87" [_thread_blocked, id=23560, stack(0x00000001e9e00000,0x00000001e9f00000)]
  0x0000015093d35f90 JavaThread "Unconstrained build operations Thread 88" [_thread_blocked, id=22888, stack(0x00000001e9f00000,0x00000001ea000000)]
  0x0000015093d35a80 JavaThread "Unconstrained build operations Thread 89" [_thread_blocked, id=25708, stack(0x00000001ea000000,0x00000001ea100000)]
  0x0000015093d364a0 JavaThread "Unconstrained build operations Thread 90" [_thread_blocked, id=18348, stack(0x00000001ea100000,0x00000001ea200000)]
  0x0000015093d33c20 JavaThread "Unconstrained build operations Thread 91" [_thread_blocked, id=24920, stack(0x00000001ea200000,0x00000001ea300000)]
  0x0000015093d33200 JavaThread "Unconstrained build operations Thread 92" [_thread_blocked, id=1236, stack(0x00000001ea300000,0x00000001ea400000)]
  0x0000015093d34130 JavaThread "Unconstrained build operations Thread 93" [_thread_blocked, id=25356, stack(0x00000001ea400000,0x00000001ea500000)]
  0x0000015095b161a0 JavaThread "Unconstrained build operations Thread 94" [_thread_blocked, id=23256, stack(0x00000001ea500000,0x00000001ea600000)]
  0x0000015095b18000 JavaThread "Unconstrained build operations Thread 95" [_thread_blocked, id=19000, stack(0x00000001ea600000,0x00000001ea700000)]
  0x0000015095b18510 JavaThread "Unconstrained build operations Thread 96" [_thread_blocked, id=3584, stack(0x00000001ea700000,0x00000001ea800000)]
  0x0000015095b166b0 JavaThread "Unconstrained build operations Thread 97" [_thread_blocked, id=21532, stack(0x00000001ea800000,0x00000001ea900000)]
  0x0000015095b18f30 JavaThread "Unconstrained build operations Thread 98" [_thread_blocked, id=25336, stack(0x00000001ea900000,0x00000001eaa00000)]
  0x0000015095b16bc0 JavaThread "Unconstrained build operations Thread 99" [_thread_blocked, id=16396, stack(0x00000001eaa00000,0x00000001eab00000)]
  0x00000150944a5280 JavaThread "Unconstrained build operations Thread 100" [_thread_blocked, id=20812, stack(0x00000001eab00000,0x00000001eac00000)]
  0x00000150944a24f0 JavaThread "Unconstrained build operations Thread 101" [_thread_blocked, id=19368, stack(0x00000001eac00000,0x00000001ead00000)]
  0x00000150944a3930 JavaThread "Unconstrained build operations Thread 102" [_thread_blocked, id=26244, stack(0x00000001ead00000,0x00000001eae00000)]
  0x00000150944a2a00 JavaThread "Unconstrained build operations Thread 103" [_thread_blocked, id=25332, stack(0x00000001eae00000,0x00000001eaf00000)]
  0x00000150944a2f10 JavaThread "Unconstrained build operations Thread 104" [_thread_blocked, id=13656, stack(0x00000001eaf00000,0x00000001eb000000)]
  0x00000150944a4350 JavaThread "Unconstrained build operations Thread 105" [_thread_blocked, id=11828, stack(0x00000001eb000000,0x00000001eb100000)]
  0x0000015094d7cd30 JavaThread "Unconstrained build operations Thread 106" [_thread_blocked, id=4200, stack(0x00000001eb100000,0x00000001eb200000)]
  0x0000015094d7d240 JavaThread "Unconstrained build operations Thread 107" [_thread_blocked, id=22868, stack(0x00000001eb200000,0x00000001eb300000)]
  0x0000015094d7d750 JavaThread "Unconstrained build operations Thread 108" [_thread_blocked, id=13144, stack(0x00000001eb300000,0x00000001eb400000)]
  0x0000015094d7dc60 JavaThread "Unconstrained build operations Thread 109" [_thread_blocked, id=15928, stack(0x00000001eb400000,0x00000001eb500000)]
  0x0000015093847b70 JavaThread "Unconstrained build operations Thread 110" [_thread_blocked, id=26504, stack(0x00000001eb500000,0x00000001eb600000)]
  0x0000015093848aa0 JavaThread "Unconstrained build operations Thread 111" [_thread_blocked, id=15012, stack(0x00000001eb600000,0x00000001eb700000)]
  0x0000015094d7c310 JavaThread "Unconstrained build operations Thread 112" [_thread_blocked, id=16764, stack(0x00000001eb700000,0x00000001eb800000)]
  0x0000015094d7c820 JavaThread "Unconstrained build operations Thread 113" [_thread_blocked, id=14180, stack(0x00000001eb800000,0x00000001eb900000)]
  0x0000015095a091e0 JavaThread "Unconstrained build operations Thread 114" [_thread_blocked, id=16724, stack(0x00000001eb900000,0x00000001eba00000)]
  0x0000015095a096f0 JavaThread "Unconstrained build operations Thread 115" [_thread_blocked, id=22744, stack(0x00000001eba00000,0x00000001ebb00000)]
  0x0000015095a09c00 JavaThread "Unconstrained build operations Thread 116" [_thread_blocked, id=21684, stack(0x00000001ebb00000,0x00000001ebc00000)]
  0x0000015095a0a620 JavaThread "Unconstrained build operations Thread 117" [_thread_blocked, id=20268, stack(0x00000001ebc00000,0x00000001ebd00000)]
  0x0000015095a0a110 JavaThread "Unconstrained build operations Thread 118" [_thread_blocked, id=18948, stack(0x00000001ebd00000,0x00000001ebe00000)]
  0x0000015095a0ab30 JavaThread "Unconstrained build operations Thread 119" [_thread_blocked, id=4368, stack(0x00000001ebe00000,0x00000001ebf00000)]
  0x00000150940e85d0 JavaThread "Unconstrained build operations Thread 120" [_thread_blocked, id=19740, stack(0x00000001ebf00000,0x00000001ec000000)]
  0x000001504983d390 JavaThread "WorkerExecutor Queue" [_thread_blocked, id=26216, stack(0x00000001ec000000,0x00000001ec100000)]
  0x0000015096187ef0 JavaThread "WorkerExecutor Queue Thread 2" [_thread_blocked, id=24804, stack(0x00000001ec100000,0x00000001ec200000)]
  0x00000150940e5330 JavaThread "WorkerExecutor Queue Thread 3" [_thread_blocked, id=17084, stack(0x00000001ec200000,0x00000001ec300000)]
  0x0000015095b170d0 JavaThread "WorkerExecutor Queue Thread 4" [_thread_blocked, id=26572, stack(0x00000001ec300000,0x00000001ec400000)]
  0x0000015095b175e0 JavaThread "WorkerExecutor Queue Thread 5" [_thread_blocked, id=22648, stack(0x00000001ec400000,0x00000001ec500000)]
  0x0000015095b17af0 JavaThread "WorkerExecutor Queue Thread 6" [_thread_blocked, id=25452, stack(0x00000001ec500000,0x00000001ec600000)]
  0x0000015095b18a20 JavaThread "WorkerExecutor Queue Thread 7" [_thread_blocked, id=16872, stack(0x00000001ec600000,0x00000001ec700000)]
  0x00000150949a6f40 JavaThread "WorkerExecutor Queue Thread 8" [_thread_blocked, id=15168, stack(0x00000001ec700000,0x00000001ec800000)]
  0x000001504983d8a0 JavaThread "WorkerExecutor Queue Thread 9" [_thread_blocked, id=7892, stack(0x00000001ec800000,0x00000001ec900000)]
  0x00000150948848f0 JavaThread "WorkerExecutor Queue Thread 10" [_thread_blocked, id=22624, stack(0x00000001ec900000,0x00000001eca00000)]
  0x000001504983c970 JavaThread "WorkerExecutor Queue Thread 11" [_thread_blocked, id=13072, stack(0x00000001eca00000,0x00000001ecb00000)]
  0x000001504983ddb0 JavaThread "WorkerExecutor Queue Thread 12" [_thread_blocked, id=23524, stack(0x00000001ecb00000,0x00000001ecc00000)]
  0x00000150949a6010 JavaThread "pool-4-thread-1" [_thread_blocked, id=8916, stack(0x00000001ecc00000,0x00000001ecd00000)]
  0x00000150949a6520 JavaThread "stderr" [_thread_in_native, id=5560, stack(0x00000001ecd00000,0x00000001ece00000)]
  0x00000150949a4bd0 JavaThread "stdout" [_thread_in_native, id=25900, stack(0x00000001ece00000,0x00000001ecf00000)]

Other Threads:
=>0x0000015049131750 VMThread "VM Thread" [stack: 0x00000001dfb00000,0x00000001dfc00000] [id=22460]
  0x000001504933e680 WatcherThread [stack: 0x00000001e0700000,0x00000001e0800000] [id=22140]
  0x000001502bb0e8a0 GCTaskThread "GC Thread#0" [stack: 0x00000001df600000,0x00000001df700000] [id=15292]
  0x00000150494c7bf0 GCTaskThread "GC Thread#1" [stack: 0x00000001e0900000,0x00000001e0a00000] [id=13052]
  0x00000150494db570 GCTaskThread "GC Thread#2" [stack: 0x00000001e0a00000,0x00000001e0b00000] [id=25092]
  0x00000150498f5850 GCTaskThread "GC Thread#3" [stack: 0x00000001e0b00000,0x00000001e0c00000] [id=24072]
  0x00000150494d0330 GCTaskThread "GC Thread#4" [stack: 0x00000001e0c00000,0x00000001e0d00000] [id=26080]
  0x00000150494d05f0 GCTaskThread "GC Thread#5" [stack: 0x00000001e0d00000,0x00000001e0e00000] [id=1516]
  0x0000015090682870 GCTaskThread "GC Thread#6" [stack: 0x00000001e1c00000,0x00000001e1d00000] [id=23756]
  0x0000015090bb79b0 GCTaskThread "GC Thread#7" [stack: 0x00000001e1d00000,0x00000001e1e00000] [id=25184]
  0x0000015090bb7c70 GCTaskThread "GC Thread#8" [stack: 0x00000001e1e00000,0x00000001e1f00000] [id=21404]
  0x0000015091497570 GCTaskThread "GC Thread#9" [stack: 0x00000001e1f00000,0x00000001e2000000] [id=13488]
  0x000001502bb1b5a0 ConcurrentGCThread "G1 Main Marker" [stack: 0x00000001df700000,0x00000001df800000] [id=22252]
  0x000001502bb1c510 ConcurrentGCThread "G1 Conc#0" [stack: 0x00000001df800000,0x00000001df900000] [id=18392]
  0x00000150914582f0 ConcurrentGCThread "G1 Conc#1" [stack: 0x00000001e2000000,0x00000001e2100000] [id=25472]
  0x0000015090e9bdc0 ConcurrentGCThread "G1 Conc#2" [stack: 0x00000001e2100000,0x00000001e2200000] [id=25876]
  0x000001502bb7dcf0 ConcurrentGCThread "G1 Refine#0" [stack: 0x00000001df900000,0x00000001dfa00000] [id=25464]
  0x00000150919d74e0 ConcurrentGCThread "G1 Refine#1" [stack: 0x00000001e7800000,0x00000001e7900000] [id=7072]
  0x000001502bb7e4d0 ConcurrentGCThread "G1 Service" [stack: 0x00000001dfa00000,0x00000001dfb00000] [id=26544]

Threads with active compile tasks:
C2 CompilerThread0  16570 13141 % !   4       com.android.tools.r8.dex.a::b @ 599 (3650 bytes)
C2 CompilerThread1  16570 13171       4       com.android.tools.r8.internal.bp1::a (288 bytes)

VM state: at safepoint (normal execution)

VM Mutex/Monitor currently owned by a thread:  ([mutex/lock_event])
[0x000001502babd920] Threads_lock - owner thread: 0x0000015049131750
[0x000001502babdb60] Heap_lock - owner thread: 0x000001504983c970

Heap address: 0x00000000a0000000, size: 1536 MB, Compressed Oops mode: 32-bit

CDS archive(s) mapped at: [0x000001504a000000-0x000001504abb0000-0x000001504abb0000), size 12255232, SharedBaseAddress: 0x000001504a000000, ArchiveRelocationMode: 1.
Compressed class space mapped at: 0x000001504b000000-0x000001508b000000, reserved size: 1073741824
Narrow klass base: 0x000001504a000000, Narrow klass shift: 0, Narrow klass range: 0x100000000

GC Precious Log:
 CPUs: 12 total, 12 available
 Memory: 16251M
 Large Page Support: Disabled
 NUMA Support: Disabled
 Compressed Oops: Enabled (32-bit)
 Heap Region Size: 1M
 Heap Min Capacity: 8M
 Heap Initial Capacity: 254M
 Heap Max Capacity: 1536M
 Pre-touch: Disabled
 Parallel Workers: 10
 Concurrent Workers: 3
 Concurrent Refinement Workers: 10
 Periodic GC: Disabled

Heap:
 garbage-first heap   total 260096K, used 144549K [0x00000000a0000000, 0x0000000100000000)
  region size 1024K, 2 young (2048K), 2 survivors (2048K)
 Metaspace       used 99923K, committed 100864K, reserved 1179648K
  class space    used 13644K, committed 14080K, reserved 1048576K

Heap Regions: E=young(eden), S=young(survivor), O=old, HS=humongous(starts), HC=humongous(continues), CS=collection set, F=free, OA=open archive, CA=closed archive, TAMS=top-at-mark-start (previous, next)
|   0|0x00000000a0000000, 0x00000000a0100000, 0x00000000a0100000|100%|HS|  |TAMS 0x00000000a0100000, 0x00000000a0000000| Complete 
|   1|0x00000000a0100000, 0x00000000a0200000, 0x00000000a0200000|100%|HC|  |TAMS 0x00000000a0200000, 0x00000000a0100000| Complete 
|   2|0x00000000a0200000, 0x00000000a0300000, 0x00000000a0300000|100%|HC|  |TAMS 0x00000000a0300000, 0x00000000a0200000| Complete 
|   3|0x00000000a0300000, 0x00000000a0400000, 0x00000000a0400000|100%| O|  |TAMS 0x00000000a0400000, 0x00000000a0300000| Untracked 
|   4|0x00000000a0400000, 0x00000000a0500000, 0x00000000a0500000|100%| O|  |TAMS 0x00000000a0500000, 0x00000000a0400000| Untracked 
|   5|0x00000000a0500000, 0x00000000a0600000, 0x00000000a0600000|100%| O|  |TAMS 0x00000000a0600000, 0x00000000a0500000| Untracked 
|   6|0x00000000a0600000, 0x00000000a0700000, 0x00000000a0700000|100%|HS|  |TAMS 0x00000000a0700000, 0x00000000a0600000| Complete 
|   7|0x00000000a0700000, 0x00000000a0800000, 0x00000000a0800000|100%| O|  |TAMS 0x00000000a0800000, 0x00000000a0700000| Untracked 
|   8|0x00000000a0800000, 0x00000000a0900000, 0x00000000a0900000|100%| O|  |TAMS 0x00000000a0900000, 0x00000000a0800000| Untracked 
|   9|0x00000000a0900000, 0x00000000a0a00000, 0x00000000a0a00000|100%| O|  |TAMS 0x00000000a0a00000, 0x00000000a0900000| Untracked 
|  10|0x00000000a0a00000, 0x00000000a0b00000, 0x00000000a0b00000|100%| O|  |TAMS 0x00000000a0b00000, 0x00000000a0a00000| Untracked 
|  11|0x00000000a0b00000, 0x00000000a0c00000, 0x00000000a0c00000|100%| O|  |TAMS 0x00000000a0c00000, 0x00000000a0b00000| Untracked 
|  12|0x00000000a0c00000, 0x00000000a0d00000, 0x00000000a0d00000|100%| O|  |TAMS 0x00000000a0d00000, 0x00000000a0c00000| Untracked 
|  13|0x00000000a0d00000, 0x00000000a0e00000, 0x00000000a0e00000|100%| O|  |TAMS 0x00000000a0e00000, 0x00000000a0d00000| Untracked 
|  14|0x00000000a0e00000, 0x00000000a0f00000, 0x00000000a0f00000|100%| O|  |TAMS 0x00000000a0f00000, 0x00000000a0e00000| Untracked 
|  15|0x00000000a0f00000, 0x00000000a1000000, 0x00000000a1000000|100%| O|  |TAMS 0x00000000a1000000, 0x00000000a0f00000| Untracked 
|  16|0x00000000a1000000, 0x00000000a1100000, 0x00000000a1100000|100%| O|  |TAMS 0x00000000a1100000, 0x00000000a1000000| Untracked 
|  17|0x00000000a1100000, 0x00000000a1200000, 0x00000000a1200000|100%| O|  |TAMS 0x00000000a1200000, 0x00000000a1100000| Untracked 
|  18|0x00000000a1200000, 0x00000000a1300000, 0x00000000a1300000|100%| O|  |TAMS 0x00000000a1300000, 0x00000000a1200000| Untracked 
|  19|0x00000000a1300000, 0x00000000a1400000, 0x00000000a1400000|100%| O|  |TAMS 0x00000000a1400000, 0x00000000a1300000| Untracked 
|  20|0x00000000a1400000, 0x00000000a1500000, 0x00000000a1500000|100%| O|  |TAMS 0x00000000a1500000, 0x00000000a1400000| Untracked 
|  21|0x00000000a1500000, 0x00000000a1600000, 0x00000000a1600000|100%| O|  |TAMS 0x00000000a1600000, 0x00000000a1500000| Untracked 
|  22|0x00000000a1600000, 0x00000000a1700000, 0x00000000a1700000|100%| O|  |TAMS 0x00000000a1700000, 0x00000000a1600000| Untracked 
|  23|0x00000000a1700000, 0x00000000a1800000, 0x00000000a1800000|100%| O|  |TAMS 0x00000000a1800000, 0x00000000a1700000| Untracked 
|  24|0x00000000a1800000, 0x00000000a1900000, 0x00000000a1900000|100%| O|  |TAMS 0x00000000a1900000, 0x00000000a1800000| Untracked 
|  25|0x00000000a1900000, 0x00000000a1a00000, 0x00000000a1a00000|100%| O|  |TAMS 0x00000000a1a00000, 0x00000000a1900000| Untracked 
|  26|0x00000000a1a00000, 0x00000000a1b00000, 0x00000000a1b00000|100%| O|  |TAMS 0x00000000a1b00000, 0x00000000a1a00000| Untracked 
|  27|0x00000000a1b00000, 0x00000000a1c00000, 0x00000000a1c00000|100%| O|  |TAMS 0x00000000a1c00000, 0x00000000a1b00000| Untracked 
|  28|0x00000000a1c00000, 0x00000000a1d00000, 0x00000000a1d00000|100%| O|  |TAMS 0x00000000a1d00000, 0x00000000a1c00000| Untracked 
|  29|0x00000000a1d00000, 0x00000000a1e00000, 0x00000000a1e00000|100%| O|  |TAMS 0x00000000a1e00000, 0x00000000a1d00000| Untracked 
|  30|0x00000000a1e00000, 0x00000000a1f00000, 0x00000000a1f00000|100%| O|  |TAMS 0x00000000a1f00000, 0x00000000a1e00000| Untracked 
|  31|0x00000000a1f00000, 0x00000000a2000000, 0x00000000a2000000|100%| O|  |TAMS 0x00000000a2000000, 0x00000000a1f00000| Untracked 
|  32|0x00000000a2000000, 0x00000000a2100000, 0x00000000a2100000|100%| O|  |TAMS 0x00000000a2100000, 0x00000000a2000000| Untracked 
|  33|0x00000000a2100000, 0x00000000a2200000, 0x00000000a2200000|100%| O|  |TAMS 0x00000000a2200000, 0x00000000a2100000| Untracked 
|  34|0x00000000a2200000, 0x00000000a2300000, 0x00000000a2300000|100%| O|  |TAMS 0x00000000a2300000, 0x00000000a2200000| Untracked 
|  35|0x00000000a2300000, 0x00000000a2400000, 0x00000000a2400000|100%| O|  |TAMS 0x00000000a2400000, 0x00000000a2300000| Untracked 
|  36|0x00000000a2400000, 0x00000000a2500000, 0x00000000a2500000|100%| O|  |TAMS 0x00000000a2500000, 0x00000000a2400000| Untracked 
|  37|0x00000000a2500000, 0x00000000a2600000, 0x00000000a2600000|100%| O|  |TAMS 0x00000000a2600000, 0x00000000a2500000| Untracked 
|  38|0x00000000a2600000, 0x00000000a2700000, 0x00000000a2700000|100%| O|  |TAMS 0x00000000a2700000, 0x00000000a2600000| Untracked 
|  39|0x00000000a2700000, 0x00000000a2800000, 0x00000000a2800000|100%| O|  |TAMS 0x00000000a2800000, 0x00000000a2700000| Untracked 
|  40|0x00000000a2800000, 0x00000000a2900000, 0x00000000a2900000|100%| O|  |TAMS 0x00000000a2900000, 0x00000000a2800000| Untracked 
|  41|0x00000000a2900000, 0x00000000a2a00000, 0x00000000a2a00000|100%| O|  |TAMS 0x00000000a2a00000, 0x00000000a2900000| Untracked 
|  42|0x00000000a2a00000, 0x00000000a2b00000, 0x00000000a2b00000|100%| O|  |TAMS 0x00000000a2b00000, 0x00000000a2a00000| Untracked 
|  43|0x00000000a2b00000, 0x00000000a2c00000, 0x00000000a2c00000|100%| O|  |TAMS 0x00000000a2c00000, 0x00000000a2b00000| Untracked 
|  44|0x00000000a2c00000, 0x00000000a2d00000, 0x00000000a2d00000|100%| O|  |TAMS 0x00000000a2d00000, 0x00000000a2c00000| Untracked 
|  45|0x00000000a2d00000, 0x00000000a2e00000, 0x00000000a2e00000|100%|HS|  |TAMS 0x00000000a2e00000, 0x00000000a2d00000| Complete 
|  46|0x00000000a2e00000, 0x00000000a2f00000, 0x00000000a2f00000|100%|HS|  |TAMS 0x00000000a2f00000, 0x00000000a2e00000| Complete 
|  47|0x00000000a2f00000, 0x00000000a3000000, 0x00000000a3000000|100%|HS|  |TAMS 0x00000000a3000000, 0x00000000a2f00000| Complete 
|  48|0x00000000a3000000, 0x00000000a3100000, 0x00000000a3100000|100%|HS|  |TAMS 0x00000000a3100000, 0x00000000a3000000| Complete 
|  49|0x00000000a3100000, 0x00000000a3200000, 0x00000000a3200000|100%| O|  |TAMS 0x00000000a3200000, 0x00000000a3100000| Untracked 
|  50|0x00000000a3200000, 0x00000000a3300000, 0x00000000a3300000|100%|HS|  |TAMS 0x00000000a3300000, 0x00000000a3200000| Complete 
|  51|0x00000000a3300000, 0x00000000a3400000, 0x00000000a3400000|100%|HS|  |TAMS 0x00000000a3400000, 0x00000000a3300000| Complete 
|  52|0x00000000a3400000, 0x00000000a3500000, 0x00000000a3500000|100%| O|  |TAMS 0x00000000a3500000, 0x00000000a3400000| Untracked 
|  53|0x00000000a3500000, 0x00000000a3600000, 0x00000000a3600000|100%| O|  |TAMS 0x00000000a3600000, 0x00000000a3500000| Untracked 
|  54|0x00000000a3600000, 0x00000000a3700000, 0x00000000a3700000|100%| O|  |TAMS 0x00000000a3700000, 0x00000000a3600000| Untracked 
|  55|0x00000000a3700000, 0x00000000a3800000, 0x00000000a3800000|100%| O|  |TAMS 0x00000000a3800000, 0x00000000a3700000| Untracked 
|  56|0x00000000a3800000, 0x00000000a3900000, 0x00000000a3900000|100%| O|  |TAMS 0x00000000a3900000, 0x00000000a3800000| Untracked 
|  57|0x00000000a3900000, 0x00000000a3a00000, 0x00000000a3a00000|100%| O|  |TAMS 0x00000000a3a00000, 0x00000000a3900000| Untracked 
|  58|0x00000000a3a00000, 0x00000000a3b00000, 0x00000000a3b00000|100%| O|  |TAMS 0x00000000a3b00000, 0x00000000a3a00000| Untracked 
|  59|0x00000000a3b00000, 0x00000000a3c00000, 0x00000000a3c00000|100%| O|  |TAMS 0x00000000a3c00000, 0x00000000a3b00000| Untracked 
|  60|0x00000000a3c00000, 0x00000000a3d00000, 0x00000000a3d00000|100%| O|  |TAMS 0x00000000a3d00000, 0x00000000a3c00000| Untracked 
|  61|0x00000000a3d00000, 0x00000000a3e00000, 0x00000000a3e00000|100%| O|  |TAMS 0x00000000a3e00000, 0x00000000a3d00000| Untracked 
|  62|0x00000000a3e00000, 0x00000000a3f00000, 0x00000000a3f00000|100%| O|  |TAMS 0x00000000a3f00000, 0x00000000a3e00000| Untracked 
|  63|0x00000000a3f00000, 0x00000000a4000000, 0x00000000a4000000|100%| O|  |TAMS 0x00000000a4000000, 0x00000000a3f00000| Untracked 
|  64|0x00000000a4000000, 0x00000000a4100000, 0x00000000a4100000|100%| O|  |TAMS 0x00000000a4100000, 0x00000000a4000000| Untracked 
|  65|0x00000000a4100000, 0x00000000a4200000, 0x00000000a4200000|100%| O|  |TAMS 0x00000000a4200000, 0x00000000a4100000| Untracked 
|  66|0x00000000a4200000, 0x00000000a4300000, 0x00000000a4300000|100%| O|  |TAMS 0x00000000a4300000, 0x00000000a4200000| Untracked 
|  67|0x00000000a4300000, 0x00000000a4400000, 0x00000000a4400000|100%|HS|  |TAMS 0x00000000a4400000, 0x00000000a4300000| Complete 
|  68|0x00000000a4400000, 0x00000000a4500000, 0x00000000a4500000|100%| O|  |TAMS 0x00000000a4500000, 0x00000000a4400000| Untracked 
|  69|0x00000000a4500000, 0x00000000a4500000, 0x00000000a4600000|  0%| F|  |TAMS 0x00000000a4500000, 0x00000000a4500000| Untracked 
|  70|0x00000000a4600000, 0x00000000a4700000, 0x00000000a4700000|100%| O|  |TAMS 0x00000000a4700000, 0x00000000a4600000| Untracked 
|  71|0x00000000a4700000, 0x00000000a4800000, 0x00000000a4800000|100%| O|  |TAMS 0x00000000a4800000, 0x00000000a4700000| Untracked 
|  72|0x00000000a4800000, 0x00000000a4900000, 0x00000000a4900000|100%| O|  |TAMS 0x00000000a4900000, 0x00000000a4800000| Untracked 
|  73|0x00000000a4900000, 0x00000000a4a00000, 0x00000000a4a00000|100%| O|  |TAMS 0x00000000a4a00000, 0x00000000a4900000| Untracked 
|  74|0x00000000a4a00000, 0x00000000a4b00000, 0x00000000a4b00000|100%| O|  |TAMS 0x00000000a4b00000, 0x00000000a4a00000| Untracked 
|  75|0x00000000a4b00000, 0x00000000a4c00000, 0x00000000a4c00000|100%| O|  |TAMS 0x00000000a4c00000, 0x00000000a4b00000| Untracked 
|  76|0x00000000a4c00000, 0x00000000a4d00000, 0x00000000a4d00000|100%| O|  |TAMS 0x00000000a4d00000, 0x00000000a4c00000| Untracked 
|  77|0x00000000a4d00000, 0x00000000a4e00000, 0x00000000a4e00000|100%| O|  |TAMS 0x00000000a4e00000, 0x00000000a4d00000| Untracked 
|  78|0x00000000a4e00000, 0x00000000a4f00000, 0x00000000a4f00000|100%| O|  |TAMS 0x00000000a4f00000, 0x00000000a4e00000| Untracked 
|  79|0x00000000a4f00000, 0x00000000a5000000, 0x00000000a5000000|100%| O|  |TAMS 0x00000000a5000000, 0x00000000a4f00000| Untracked 
|  80|0x00000000a5000000, 0x00000000a5100000, 0x00000000a5100000|100%| O|  |TAMS 0x00000000a5100000, 0x00000000a5000000| Untracked 
|  81|0x00000000a5100000, 0x00000000a5200000, 0x00000000a5200000|100%| O|  |TAMS 0x00000000a5200000, 0x00000000a5100000| Untracked 
|  82|0x00000000a5200000, 0x00000000a5300000, 0x00000000a5300000|100%| O|  |TAMS 0x00000000a5300000, 0x00000000a5200000| Untracked 
|  83|0x00000000a5300000, 0x00000000a5400000, 0x00000000a5400000|100%| O|  |TAMS 0x00000000a5400000, 0x00000000a5300000| Untracked 
|  84|0x00000000a5400000, 0x00000000a5500000, 0x00000000a5500000|100%| O|  |TAMS 0x00000000a5500000, 0x00000000a5400000| Untracked 
|  85|0x00000000a5500000, 0x00000000a5600000, 0x00000000a5600000|100%| O|  |TAMS 0x00000000a5600000, 0x00000000a5500000| Untracked 
|  86|0x00000000a5600000, 0x00000000a5700000, 0x00000000a5700000|100%| O|  |TAMS 0x00000000a5700000, 0x00000000a5600000| Untracked 
|  87|0x00000000a5700000, 0x00000000a5800000, 0x00000000a5800000|100%| O|  |TAMS 0x00000000a5800000, 0x00000000a5700000| Untracked 
|  88|0x00000000a5800000, 0x00000000a5900000, 0x00000000a5900000|100%| O|  |TAMS 0x00000000a5900000, 0x00000000a5800000| Untracked 
|  89|0x00000000a5900000, 0x00000000a5a00000, 0x00000000a5a00000|100%| O|  |TAMS 0x00000000a5a00000, 0x00000000a5900000| Untracked 
|  90|0x00000000a5a00000, 0x00000000a5b00000, 0x00000000a5b00000|100%| O|  |TAMS 0x00000000a5b00000, 0x00000000a5a00000| Untracked 
|  91|0x00000000a5b00000, 0x00000000a5c00000, 0x00000000a5c00000|100%| O|  |TAMS 0x00000000a5c00000, 0x00000000a5b00000| Untracked 
|  92|0x00000000a5c00000, 0x00000000a5d00000, 0x00000000a5d00000|100%| O|  |TAMS 0x00000000a5d00000, 0x00000000a5c00000| Untracked 
|  93|0x00000000a5d00000, 0x00000000a5e00000, 0x00000000a5e00000|100%| O|  |TAMS 0x00000000a5e00000, 0x00000000a5d00000| Untracked 
|  94|0x00000000a5e00000, 0x00000000a5f00000, 0x00000000a5f00000|100%| O|  |TAMS 0x00000000a5f00000, 0x00000000a5e00000| Untracked 
|  95|0x00000000a5f00000, 0x00000000a6000000, 0x00000000a6000000|100%| O|  |TAMS 0x00000000a6000000, 0x00000000a5f00000| Untracked 
|  96|0x00000000a6000000, 0x00000000a6100000, 0x00000000a6100000|100%| O|  |TAMS 0x00000000a6100000, 0x00000000a6000000| Untracked 
|  97|0x00000000a6100000, 0x00000000a6200000, 0x00000000a6200000|100%| O|  |TAMS 0x00000000a6200000, 0x00000000a6100000| Untracked 
|  98|0x00000000a6200000, 0x00000000a6300000, 0x00000000a6300000|100%| O|  |TAMS 0x00000000a6300000, 0x00000000a6200000| Untracked 
|  99|0x00000000a6300000, 0x00000000a6400000, 0x00000000a6400000|100%| O|  |TAMS 0x00000000a6400000, 0x00000000a6300000| Untracked 
| 100|0x00000000a6400000, 0x00000000a6500000, 0x00000000a6500000|100%| O|  |TAMS 0x00000000a6500000, 0x00000000a6400000| Untracked 
| 101|0x00000000a6500000, 0x00000000a6600000, 0x00000000a6600000|100%| O|  |TAMS 0x00000000a6600000, 0x00000000a6500000| Untracked 
| 102|0x00000000a6600000, 0x00000000a6700000, 0x00000000a6700000|100%| O|  |TAMS 0x00000000a6700000, 0x00000000a6600000| Untracked 
| 103|0x00000000a6700000, 0x00000000a6800000, 0x00000000a6800000|100%| O|  |TAMS 0x00000000a6800000, 0x00000000a6700000| Untracked 
| 104|0x00000000a6800000, 0x00000000a6900000, 0x00000000a6900000|100%| O|  |TAMS 0x00000000a6900000, 0x00000000a6800000| Untracked 
| 105|0x00000000a6900000, 0x00000000a6a00000, 0x00000000a6a00000|100%| O|  |TAMS 0x00000000a6a00000, 0x00000000a6900000| Untracked 
| 106|0x00000000a6a00000, 0x00000000a6b00000, 0x00000000a6b00000|100%| O|  |TAMS 0x00000000a6b00000, 0x00000000a6a00000| Untracked 
| 107|0x00000000a6b00000, 0x00000000a6c00000, 0x00000000a6c00000|100%|HS|  |TAMS 0x00000000a6c00000, 0x00000000a6b00000| Complete 
| 108|0x00000000a6c00000, 0x00000000a6d00000, 0x00000000a6d00000|100%|HS|  |TAMS 0x00000000a6d00000, 0x00000000a6c00000| Complete 
| 109|0x00000000a6d00000, 0x00000000a6e00000, 0x00000000a6e00000|100%|HS|  |TAMS 0x00000000a6e00000, 0x00000000a6d00000| Complete 
| 110|0x00000000a6e00000, 0x00000000a6f00000, 0x00000000a6f00000|100%|HC|  |TAMS 0x00000000a6f00000, 0x00000000a6e00000| Complete 
| 111|0x00000000a6f00000, 0x00000000a7000000, 0x00000000a7000000|100%|HS|  |TAMS 0x00000000a7000000, 0x00000000a6f00000| Complete 
| 112|0x00000000a7000000, 0x00000000a7100000, 0x00000000a7100000|100%|HS|  |TAMS 0x00000000a7100000, 0x00000000a7000000| Complete 
| 113|0x00000000a7100000, 0x00000000a7200000, 0x00000000a7200000|100%|HC|  |TAMS 0x00000000a7200000, 0x00000000a7100000| Complete 
| 114|0x00000000a7200000, 0x00000000a7300000, 0x00000000a7300000|100%|HC|  |TAMS 0x00000000a7300000, 0x00000000a7200000| Complete 
| 115|0x00000000a7300000, 0x00000000a7400000, 0x00000000a7400000|100%|HS|  |TAMS 0x00000000a7400000, 0x00000000a7300000| Complete 
| 116|0x00000000a7400000, 0x00000000a7500000, 0x00000000a7500000|100%|HC|  |TAMS 0x00000000a7500000, 0x00000000a7400000| Complete 
| 117|0x00000000a7500000, 0x00000000a7600000, 0x00000000a7600000|100%| O|  |TAMS 0x00000000a7500000, 0x00000000a7500000| Untracked 
| 118|0x00000000a7600000, 0x00000000a7700000, 0x00000000a7700000|100%|HS|  |TAMS 0x00000000a7700000, 0x00000000a7600000| Complete 
| 119|0x00000000a7700000, 0x00000000a7800000, 0x00000000a7800000|100%| O|  |TAMS 0x00000000a7800000, 0x00000000a7700000| Untracked 
| 120|0x00000000a7800000, 0x00000000a7900000, 0x00000000a7900000|100%| O|  |TAMS 0x00000000a7900000, 0x00000000a7800000| Untracked 
| 121|0x00000000a7900000, 0x00000000a7a00000, 0x00000000a7a00000|100%| O|  |TAMS 0x00000000a7a00000, 0x00000000a7900000| Untracked 
| 122|0x00000000a7a00000, 0x00000000a7b00000, 0x00000000a7b00000|100%| O|  |TAMS 0x00000000a7b00000, 0x00000000a7a00000| Untracked 
| 123|0x00000000a7b00000, 0x00000000a7c00000, 0x00000000a7c00000|100%| O|  |TAMS 0x00000000a7bfaa00, 0x00000000a7b00000| Untracked 
| 124|0x00000000a7c00000, 0x00000000a7d00000, 0x00000000a7d00000|100%|HS|  |TAMS 0x00000000a7d00000, 0x00000000a7c00000| Complete 
| 125|0x00000000a7d00000, 0x00000000a7e00000, 0x00000000a7e00000|100%| O|  |TAMS 0x00000000a7d00000, 0x00000000a7d00000| Untracked 
| 126|0x00000000a7e00000, 0x00000000a7f00000, 0x00000000a7f00000|100%|HS|  |TAMS 0x00000000a7e00000, 0x00000000a7e00000| Complete 
| 127|0x00000000a7f00000, 0x00000000a8000000, 0x00000000a8000000|100%| O|  |TAMS 0x00000000a7f00000, 0x00000000a7f00000| Untracked 
| 128|0x00000000a8000000, 0x00000000a8100000, 0x00000000a8100000|100%|HS|  |TAMS 0x00000000a8100000, 0x00000000a8000000| Complete 
| 129|0x00000000a8100000, 0x00000000a8200000, 0x00000000a8200000|100%|HC|  |TAMS 0x00000000a8200000, 0x00000000a8100000| Complete 
| 130|0x00000000a8200000, 0x00000000a8300000, 0x00000000a8300000|100%| O|  |TAMS 0x00000000a8200000, 0x00000000a8200000| Untracked 
| 131|0x00000000a8300000, 0x00000000a8400000, 0x00000000a8400000|100%| O|  |TAMS 0x00000000a8300000, 0x00000000a8300000| Untracked 
| 132|0x00000000a8400000, 0x00000000a8500000, 0x00000000a8500000|100%| O|  |TAMS 0x00000000a8400000, 0x00000000a8400000| Untracked 
| 133|0x00000000a8500000, 0x00000000a8600000, 0x00000000a8600000|100%| O|  |TAMS 0x00000000a8500000, 0x00000000a8500000| Untracked 
| 134|0x00000000a8600000, 0x00000000a8629600, 0x00000000a8700000| 16%| O|  |TAMS 0x00000000a8600000, 0x00000000a8600000| Untracked 
| 135|0x00000000a8700000, 0x00000000a8700000, 0x00000000a8800000|  0%| F|  |TAMS 0x00000000a8700000, 0x00000000a8700000| Untracked 
| 136|0x00000000a8800000, 0x00000000a8800000, 0x00000000a8900000|  0%| F|  |TAMS 0x00000000a8800000, 0x00000000a8800000| Untracked 
| 137|0x00000000a8900000, 0x00000000a8a00000, 0x00000000a8a00000|100%|HS|  |TAMS 0x00000000a8900000, 0x00000000a8900000| Complete 
| 138|0x00000000a8a00000, 0x00000000a8b00000, 0x00000000a8b00000|100%|HC|  |TAMS 0x00000000a8a00000, 0x00000000a8a00000| Complete 
| 139|0x00000000a8b00000, 0x00000000a8c00000, 0x00000000a8c00000|100%|HC|  |TAMS 0x00000000a8b00000, 0x00000000a8b00000| Complete 
| 140|0x00000000a8c00000, 0x00000000a8c00000, 0x00000000a8d00000|  0%| F|  |TAMS 0x00000000a8c00000, 0x00000000a8c00000| Untracked 
| 141|0x00000000a8d00000, 0x00000000a8d00000, 0x00000000a8e00000|  0%| F|  |TAMS 0x00000000a8d00000, 0x00000000a8d00000| Untracked 
| 142|0x00000000a8e00000, 0x00000000a8e00000, 0x00000000a8f00000|  0%| F|  |TAMS 0x00000000a8e00000, 0x00000000a8e00000| Untracked 
| 143|0x00000000a8f00000, 0x00000000a9000000, 0x00000000a9000000|100%|HS|  |TAMS 0x00000000a8f00000, 0x00000000a8f00000| Complete 
| 144|0x00000000a9000000, 0x00000000a9100000, 0x00000000a9100000|100%|HC|  |TAMS 0x00000000a9000000, 0x00000000a9000000| Complete 
| 145|0x00000000a9100000, 0x00000000a9200000, 0x00000000a9200000|100%| O|  |TAMS 0x00000000a9100000, 0x00000000a9100000| Untracked 
| 146|0x00000000a9200000, 0x00000000a9200000, 0x00000000a9300000|  0%| F|  |TAMS 0x00000000a9200000, 0x00000000a9200000| Untracked 
| 147|0x00000000a9300000, 0x00000000a9300000, 0x00000000a9400000|  0%| F|  |TAMS 0x00000000a9300000, 0x00000000a9300000| Untracked 
| 148|0x00000000a9400000, 0x00000000a9400000, 0x00000000a9500000|  0%| F|  |TAMS 0x00000000a9400000, 0x00000000a9400000| Untracked 
| 149|0x00000000a9500000, 0x00000000a9500000, 0x00000000a9600000|  0%| F|  |TAMS 0x00000000a9500000, 0x00000000a9500000| Untracked 
| 150|0x00000000a9600000, 0x00000000a9600000, 0x00000000a9700000|  0%| F|  |TAMS 0x00000000a9600000, 0x00000000a9600000| Untracked 
| 151|0x00000000a9700000, 0x00000000a9700000, 0x00000000a9800000|  0%| F|  |TAMS 0x00000000a9700000, 0x00000000a9700000| Untracked 
| 152|0x00000000a9800000, 0x00000000a9800000, 0x00000000a9900000|  0%| F|  |TAMS 0x00000000a9800000, 0x00000000a9800000| Untracked 
| 153|0x00000000a9900000, 0x00000000a9900000, 0x00000000a9a00000|  0%| F|  |TAMS 0x00000000a9900000, 0x00000000a9900000| Untracked 
| 154|0x00000000a9a00000, 0x00000000a9a00000, 0x00000000a9b00000|  0%| F|  |TAMS 0x00000000a9a00000, 0x00000000a9a00000| Untracked 
| 155|0x00000000a9b00000, 0x00000000a9b00000, 0x00000000a9c00000|  0%| F|  |TAMS 0x00000000a9b00000, 0x00000000a9b00000| Untracked 
| 156|0x00000000a9c00000, 0x00000000a9c00000, 0x00000000a9d00000|  0%| F|  |TAMS 0x00000000a9c00000, 0x00000000a9c00000| Untracked 
| 157|0x00000000a9d00000, 0x00000000a9d00000, 0x00000000a9e00000|  0%| F|  |TAMS 0x00000000a9d00000, 0x00000000a9d00000| Untracked 
| 158|0x00000000a9e00000, 0x00000000a9e00000, 0x00000000a9f00000|  0%| F|  |TAMS 0x00000000a9e00000, 0x00000000a9e00000| Untracked 
| 159|0x00000000a9f00000, 0x00000000a9f00000, 0x00000000aa000000|  0%| F|  |TAMS 0x00000000a9f00000, 0x00000000a9f00000| Untracked 
| 160|0x00000000aa000000, 0x00000000aa000000, 0x00000000aa100000|  0%| F|  |TAMS 0x00000000aa000000, 0x00000000aa000000| Untracked 
| 161|0x00000000aa100000, 0x00000000aa100000, 0x00000000aa200000|  0%| F|  |TAMS 0x00000000aa100000, 0x00000000aa100000| Untracked 
| 162|0x00000000aa200000, 0x00000000aa200000, 0x00000000aa300000|  0%| F|  |TAMS 0x00000000aa200000, 0x00000000aa200000| Untracked 
| 163|0x00000000aa300000, 0x00000000aa300000, 0x00000000aa400000|  0%| F|  |TAMS 0x00000000aa300000, 0x00000000aa300000| Untracked 
| 164|0x00000000aa400000, 0x00000000aa400000, 0x00000000aa500000|  0%| F|  |TAMS 0x00000000aa400000, 0x00000000aa400000| Untracked 
| 165|0x00000000aa500000, 0x00000000aa500000, 0x00000000aa600000|  0%| F|  |TAMS 0x00000000aa500000, 0x00000000aa500000| Untracked 
| 166|0x00000000aa600000, 0x00000000aa600000, 0x00000000aa700000|  0%| F|  |TAMS 0x00000000aa600000, 0x00000000aa600000| Untracked 
| 167|0x00000000aa700000, 0x00000000aa700000, 0x00000000aa800000|  0%| F|  |TAMS 0x00000000aa700000, 0x00000000aa700000| Untracked 
| 168|0x00000000aa800000, 0x00000000aa800000, 0x00000000aa900000|  0%| F|  |TAMS 0x00000000aa800000, 0x00000000aa800000| Untracked 
| 169|0x00000000aa900000, 0x00000000aa900000, 0x00000000aaa00000|  0%| F|  |TAMS 0x00000000aa900000, 0x00000000aa900000| Untracked 
| 170|0x00000000aaa00000, 0x00000000aaa00000, 0x00000000aab00000|  0%| F|  |TAMS 0x00000000aaa00000, 0x00000000aaa00000| Untracked 
| 171|0x00000000aab00000, 0x00000000aab00000, 0x00000000aac00000|  0%| F|  |TAMS 0x00000000aab00000, 0x00000000aab00000| Untracked 
| 172|0x00000000aac00000, 0x00000000aac00000, 0x00000000aad00000|  0%| F|  |TAMS 0x00000000aac00000, 0x00000000aac00000| Untracked 
| 173|0x00000000aad00000, 0x00000000aad00000, 0x00000000aae00000|  0%| F|  |TAMS 0x00000000aad00000, 0x00000000aad00000| Untracked 
| 174|0x00000000aae00000, 0x00000000aae00000, 0x00000000aaf00000|  0%| F|  |TAMS 0x00000000aae00000, 0x00000000aae00000| Untracked 
| 175|0x00000000aaf00000, 0x00000000aaf00000, 0x00000000ab000000|  0%| F|  |TAMS 0x00000000aaf00000, 0x00000000aaf00000| Untracked 
| 176|0x00000000ab000000, 0x00000000ab000000, 0x00000000ab100000|  0%| F|  |TAMS 0x00000000ab000000, 0x00000000ab000000| Untracked 
| 177|0x00000000ab100000, 0x00000000ab100000, 0x00000000ab200000|  0%| F|  |TAMS 0x00000000ab100000, 0x00000000ab100000| Untracked 
| 178|0x00000000ab200000, 0x00000000ab200000, 0x00000000ab300000|  0%| F|  |TAMS 0x00000000ab200000, 0x00000000ab200000| Untracked 
| 179|0x00000000ab300000, 0x00000000ab300000, 0x00000000ab400000|  0%| F|  |TAMS 0x00000000ab300000, 0x00000000ab300000| Untracked 
| 180|0x00000000ab400000, 0x00000000ab400000, 0x00000000ab500000|  0%| F|  |TAMS 0x00000000ab400000, 0x00000000ab400000| Untracked 
| 181|0x00000000ab500000, 0x00000000ab500000, 0x00000000ab600000|  0%| F|  |TAMS 0x00000000ab500000, 0x00000000ab500000| Untracked 
| 182|0x00000000ab600000, 0x00000000ab600000, 0x00000000ab700000|  0%| F|  |TAMS 0x00000000ab600000, 0x00000000ab600000| Untracked 
| 183|0x00000000ab700000, 0x00000000ab700000, 0x00000000ab800000|  0%| F|  |TAMS 0x00000000ab700000, 0x00000000ab700000| Untracked 
| 184|0x00000000ab800000, 0x00000000ab800000, 0x00000000ab900000|  0%| F|  |TAMS 0x00000000ab800000, 0x00000000ab800000| Untracked 
| 185|0x00000000ab900000, 0x00000000ab900000, 0x00000000aba00000|  0%| F|  |TAMS 0x00000000ab900000, 0x00000000ab900000| Untracked 
| 186|0x00000000aba00000, 0x00000000aba00000, 0x00000000abb00000|  0%| F|  |TAMS 0x00000000aba00000, 0x00000000aba00000| Untracked 
| 187|0x00000000abb00000, 0x00000000abb00000, 0x00000000abc00000|  0%| F|  |TAMS 0x00000000abb00000, 0x00000000abb00000| Untracked 
| 188|0x00000000abc00000, 0x00000000abc00000, 0x00000000abd00000|  0%| F|  |TAMS 0x00000000abc00000, 0x00000000abc00000| Untracked 
| 189|0x00000000abd00000, 0x00000000abd00000, 0x00000000abe00000|  0%| F|  |TAMS 0x00000000abd00000, 0x00000000abd00000| Untracked 
| 190|0x00000000abe00000, 0x00000000abe00000, 0x00000000abf00000|  0%| F|  |TAMS 0x00000000abe00000, 0x00000000abe00000| Untracked 
| 191|0x00000000abf00000, 0x00000000abf00000, 0x00000000ac000000|  0%| F|  |TAMS 0x00000000abf00000, 0x00000000abf00000| Untracked 
| 192|0x00000000ac000000, 0x00000000ac000000, 0x00000000ac100000|  0%| F|  |TAMS 0x00000000ac000000, 0x00000000ac000000| Untracked 
| 193|0x00000000ac100000, 0x00000000ac100000, 0x00000000ac200000|  0%| F|  |TAMS 0x00000000ac100000, 0x00000000ac100000| Untracked 
| 194|0x00000000ac200000, 0x00000000ac200000, 0x00000000ac300000|  0%| F|  |TAMS 0x00000000ac200000, 0x00000000ac200000| Untracked 
| 195|0x00000000ac300000, 0x00000000ac300000, 0x00000000ac400000|  0%| F|  |TAMS 0x00000000ac300000, 0x00000000ac300000| Untracked 
| 196|0x00000000ac400000, 0x00000000ac400000, 0x00000000ac500000|  0%| F|  |TAMS 0x00000000ac400000, 0x00000000ac400000| Untracked 
| 197|0x00000000ac500000, 0x00000000ac500000, 0x00000000ac600000|  0%| F|  |TAMS 0x00000000ac500000, 0x00000000ac500000| Untracked 
| 198|0x00000000ac600000, 0x00000000ac600000, 0x00000000ac700000|  0%| F|  |TAMS 0x00000000ac600000, 0x00000000ac600000| Untracked 
| 199|0x00000000ac700000, 0x00000000ac700000, 0x00000000ac800000|  0%| F|  |TAMS 0x00000000ac700000, 0x00000000ac700000| Untracked 
| 200|0x00000000ac800000, 0x00000000ac800000, 0x00000000ac900000|  0%| F|  |TAMS 0x00000000ac800000, 0x00000000ac800000| Untracked 
| 201|0x00000000ac900000, 0x00000000ac900000, 0x00000000aca00000|  0%| F|  |TAMS 0x00000000ac900000, 0x00000000ac900000| Untracked 
| 202|0x00000000aca00000, 0x00000000aca00000, 0x00000000acb00000|  0%| F|  |TAMS 0x00000000aca00000, 0x00000000aca00000| Untracked 
| 203|0x00000000acb00000, 0x00000000acb00000, 0x00000000acc00000|  0%| F|  |TAMS 0x00000000acb00000, 0x00000000acb00000| Untracked 
| 204|0x00000000acc00000, 0x00000000acc00000, 0x00000000acd00000|  0%| F|  |TAMS 0x00000000acc00000, 0x00000000acc00000| Untracked 
| 205|0x00000000acd00000, 0x00000000acd00000, 0x00000000ace00000|  0%| F|  |TAMS 0x00000000acd00000, 0x00000000acd00000| Untracked 
| 206|0x00000000ace00000, 0x00000000ace00000, 0x00000000acf00000|  0%| F|  |TAMS 0x00000000ace00000, 0x00000000ace00000| Untracked 
| 207|0x00000000acf00000, 0x00000000acf00000, 0x00000000ad000000|  0%| F|  |TAMS 0x00000000acf00000, 0x00000000acf00000| Untracked 
| 208|0x00000000ad000000, 0x00000000ad000000, 0x00000000ad100000|  0%| F|  |TAMS 0x00000000ad000000, 0x00000000ad000000| Untracked 
| 209|0x00000000ad100000, 0x00000000ad100000, 0x00000000ad200000|  0%| F|  |TAMS 0x00000000ad100000, 0x00000000ad100000| Untracked 
| 210|0x00000000ad200000, 0x00000000ad200000, 0x00000000ad300000|  0%| F|  |TAMS 0x00000000ad200000, 0x00000000ad200000| Untracked 
| 211|0x00000000ad300000, 0x00000000ad300000, 0x00000000ad400000|  0%| F|  |TAMS 0x00000000ad300000, 0x00000000ad300000| Untracked 
| 212|0x00000000ad400000, 0x00000000ad400000, 0x00000000ad500000|  0%| F|  |TAMS 0x00000000ad400000, 0x00000000ad400000| Untracked 
| 213|0x00000000ad500000, 0x00000000ad500000, 0x00000000ad600000|  0%| F|  |TAMS 0x00000000ad500000, 0x00000000ad500000| Untracked 
| 214|0x00000000ad600000, 0x00000000ad600000, 0x00000000ad700000|  0%| F|  |TAMS 0x00000000ad600000, 0x00000000ad600000| Untracked 
| 215|0x00000000ad700000, 0x00000000ad700000, 0x00000000ad800000|  0%| F|  |TAMS 0x00000000ad700000, 0x00000000ad700000| Untracked 
| 216|0x00000000ad800000, 0x00000000ad800000, 0x00000000ad900000|  0%| F|  |TAMS 0x00000000ad800000, 0x00000000ad800000| Untracked 
| 217|0x00000000ad900000, 0x00000000ad900000, 0x00000000ada00000|  0%| F|  |TAMS 0x00000000ad900000, 0x00000000ad900000| Untracked 
| 218|0x00000000ada00000, 0x00000000ada00000, 0x00000000adb00000|  0%| F|  |TAMS 0x00000000ada00000, 0x00000000ada00000| Untracked 
| 219|0x00000000adb00000, 0x00000000adb00000, 0x00000000adc00000|  0%| F|  |TAMS 0x00000000adb00000, 0x00000000adb00000| Untracked 
| 220|0x00000000adc00000, 0x00000000adc00000, 0x00000000add00000|  0%| F|  |TAMS 0x00000000adc00000, 0x00000000adc00000| Untracked 
| 221|0x00000000add00000, 0x00000000add00000, 0x00000000ade00000|  0%| F|  |TAMS 0x00000000add00000, 0x00000000add00000| Untracked 
| 222|0x00000000ade00000, 0x00000000ade00000, 0x00000000adf00000|  0%| F|  |TAMS 0x00000000ade00000, 0x00000000ade00000| Untracked 
| 223|0x00000000adf00000, 0x00000000adf00000, 0x00000000ae000000|  0%| F|  |TAMS 0x00000000adf00000, 0x00000000adf00000| Untracked 
| 224|0x00000000ae000000, 0x00000000ae000000, 0x00000000ae100000|  0%| F|  |TAMS 0x00000000ae000000, 0x00000000ae000000| Untracked 
| 225|0x00000000ae100000, 0x00000000ae100000, 0x00000000ae200000|  0%| F|  |TAMS 0x00000000ae100000, 0x00000000ae100000| Untracked 
| 226|0x00000000ae200000, 0x00000000ae200000, 0x00000000ae300000|  0%| F|  |TAMS 0x00000000ae200000, 0x00000000ae200000| Untracked 
| 227|0x00000000ae300000, 0x00000000ae300000, 0x00000000ae400000|  0%| F|  |TAMS 0x00000000ae300000, 0x00000000ae300000| Untracked 
| 228|0x00000000ae400000, 0x00000000ae400000, 0x00000000ae500000|  0%| F|  |TAMS 0x00000000ae400000, 0x00000000ae400000| Untracked 
| 229|0x00000000ae500000, 0x00000000ae500000, 0x00000000ae600000|  0%| F|  |TAMS 0x00000000ae500000, 0x00000000ae500000| Untracked 
| 230|0x00000000ae600000, 0x00000000ae600000, 0x00000000ae700000|  0%| F|  |TAMS 0x00000000ae600000, 0x00000000ae600000| Untracked 
| 231|0x00000000ae700000, 0x00000000ae700000, 0x00000000ae800000|  0%| F|  |TAMS 0x00000000ae700000, 0x00000000ae700000| Untracked 
| 232|0x00000000ae800000, 0x00000000ae800000, 0x00000000ae900000|  0%| F|  |TAMS 0x00000000ae800000, 0x00000000ae800000| Untracked 
| 233|0x00000000ae900000, 0x00000000ae900000, 0x00000000aea00000|  0%| F|  |TAMS 0x00000000ae900000, 0x00000000ae900000| Untracked 
| 234|0x00000000aea00000, 0x00000000aea00000, 0x00000000aeb00000|  0%| F|  |TAMS 0x00000000aea00000, 0x00000000aea00000| Untracked 
| 235|0x00000000aeb00000, 0x00000000aeb00000, 0x00000000aec00000|  0%| F|  |TAMS 0x00000000aeb00000, 0x00000000aeb00000| Untracked 
| 236|0x00000000aec00000, 0x00000000aec00000, 0x00000000aed00000|  0%| F|  |TAMS 0x00000000aec00000, 0x00000000aec00000| Untracked 
| 237|0x00000000aed00000, 0x00000000aed00000, 0x00000000aee00000|  0%| F|  |TAMS 0x00000000aed00000, 0x00000000aed00000| Untracked 
| 238|0x00000000aee00000, 0x00000000aef00000, 0x00000000aef00000|100%| S|CS|TAMS 0x00000000aee00000, 0x00000000aee00000| Complete 
| 239|0x00000000aef00000, 0x00000000af000000, 0x00000000af000000|100%| S|CS|TAMS 0x00000000aef00000, 0x00000000aef00000| Complete 
| 240|0x00000000af000000, 0x00000000af000000, 0x00000000af100000|  0%| F|  |TAMS 0x00000000af000000, 0x00000000af000000| Untracked 
| 241|0x00000000af100000, 0x00000000af100000, 0x00000000af200000|  0%| F|  |TAMS 0x00000000af100000, 0x00000000af100000| Untracked 
| 242|0x00000000af200000, 0x00000000af200000, 0x00000000af300000|  0%| F|  |TAMS 0x00000000af200000, 0x00000000af200000| Untracked 
| 243|0x00000000af300000, 0x00000000af300000, 0x00000000af400000|  0%| F|  |TAMS 0x00000000af300000, 0x00000000af300000| Untracked 
| 244|0x00000000af400000, 0x00000000af400000, 0x00000000af500000|  0%| F|  |TAMS 0x00000000af400000, 0x00000000af400000| Untracked 
| 245|0x00000000af500000, 0x00000000af500000, 0x00000000af600000|  0%| F|  |TAMS 0x00000000af500000, 0x00000000af500000| Untracked 
| 246|0x00000000af600000, 0x00000000af600000, 0x00000000af700000|  0%| F|  |TAMS 0x00000000af600000, 0x00000000af600000| Untracked 
| 247|0x00000000af700000, 0x00000000af700000, 0x00000000af800000|  0%| F|  |TAMS 0x00000000af700000, 0x00000000af700000| Untracked 
| 248|0x00000000af800000, 0x00000000af800000, 0x00000000af900000|  0%| F|  |TAMS 0x00000000af800000, 0x00000000af800000| Untracked 
| 249|0x00000000af900000, 0x00000000af900000, 0x00000000afa00000|  0%| F|  |TAMS 0x00000000af900000, 0x00000000af900000| Untracked 
| 250|0x00000000afa00000, 0x00000000afa00000, 0x00000000afb00000|  0%| F|  |TAMS 0x00000000afa00000, 0x00000000afa00000| Untracked 
| 251|0x00000000afb00000, 0x00000000afb00000, 0x00000000afc00000|  0%| F|  |TAMS 0x00000000afb00000, 0x00000000afb00000| Untracked 
| 252|0x00000000afc00000, 0x00000000afc00000, 0x00000000afd00000|  0%| F|  |TAMS 0x00000000afc00000, 0x00000000afc00000| Untracked 
| 253|0x00000000afd00000, 0x00000000afd00000, 0x00000000afe00000|  0%| F|  |TAMS 0x00000000afd00000, 0x00000000afd00000| Untracked 

Card table byte_map: [0x0000015042ea0000,0x00000150431a0000] _byte_map_base: 0x00000150429a0000

Marking Bits (Prev, Next): (CMBitMap*) 0x000001502bb0ecb0, (CMBitMap*) 0x000001502bb0ec70
 Prev Bits: [0x0000015044ca0000, 0x00000150464a0000)
 Next Bits: [0x00000150434a0000, 0x0000015044ca0000)

Polling page: 0x000001502b280000

Metaspace:

Usage:
  Non-class:     84.26 MB used.
      Class:     13.32 MB used.
       Both:     97.58 MB used.

Virtual space:
  Non-class space:      128.00 MB reserved,      84.75 MB ( 66%) committed,  2 nodes.
      Class space:        1.00 GB reserved,      13.75 MB (  1%) committed,  1 nodes.
             Both:        1.12 GB reserved,      98.50 MB (  9%) committed. 

Chunk freelists:
   Non-Class:  11.14 MB
       Class:  2.23 MB
        Both:  13.38 MB

MaxMetaspaceSize: unlimited
CompressedClassSpaceSize: 1.00 GB
Initial GC threshold: 21.00 MB
Current GC threshold: 164.19 MB
CDS: on
MetaspaceReclaimPolicy: balanced
 - commit_granule_bytes: 65536.
 - commit_granule_words: 8192.
 - virtual_space_node_default_size: 8388608.
 - enlarge_chunks_in_place: 1.
 - new_chunks_are_fully_committed: 0.
 - uncommit_free_chunks: 1.
 - use_allocation_guard: 0.
 - handle_deallocations: 1.


Internal statistics:

num_allocs_failed_limit: 6.
num_arena_births: 1282.
num_arena_deaths: 0.
num_vsnodes_births: 3.
num_vsnodes_deaths: 0.
num_space_committed: 1575.
num_space_uncommitted: 0.
num_chunks_returned_to_freelist: 6.
num_chunks_taken_from_freelist: 5618.
num_chunk_merges: 6.
num_chunk_splits: 3644.
num_chunks_enlarged: 2358.
num_inconsistent_stats: 0.

CodeHeap 'non-profiled nmethods': size=120000Kb used=6278Kb max_used=6278Kb free=113721Kb
 bounds [0x000001503b120000, 0x000001503b750000, 0x0000015042650000]
CodeHeap 'profiled nmethods': size=120000Kb used=21796Kb max_used=21796Kb free=98203Kb
 bounds [0x0000015033650000, 0x0000015034ba0000, 0x000001503ab80000]
CodeHeap 'non-nmethods': size=5760Kb used=2434Kb max_used=2553Kb free=3325Kb
 bounds [0x000001503ab80000, 0x000001503ae20000, 0x000001503b120000]
 total_blobs=12374 nmethods=11407 adapters=879
 compilation: enabled
              stopped_count=0, restarted_count=0
 full_count=0

Compilation events (20 events):
Event: 16.488 Thread 0x000001508f3249f0 nmethod 13058 0x000001503b72c610 code [0x000001503b72ca20, 0x000001503b7320d8]
Event: 16.488 Thread 0x000001508f3249f0 13079       4       java.util.Arrays::hashCode (44 bytes)
Event: 16.492 Thread 0x000001508f3249f0 nmethod 13079 0x000001503b734490 code [0x000001503b734620, 0x000001503b734798]
Event: 16.492 Thread 0x000001508f3249f0 13130       4       java.nio.HeapByteBuffer::getShort (29 bytes)
Event: 16.492 Thread 0x0000015049162dc0 13173       3       com.android.tools.r8.graph.y5::c (60 bytes)
Event: 16.493 Thread 0x0000015049162dc0 nmethod 13173 0x0000015034b98390 code [0x0000015034b985e0, 0x0000015034b99048]
Event: 16.494 Thread 0x0000015049159490 nmethod 13050 0x000001503b734890 code [0x000001503b734ea0, 0x000001503b73ba98]
Event: 16.496 Thread 0x000001508f3249f0 nmethod 13130 0x000001503b73f510 code [0x000001503b73f6a0, 0x000001503b73f7b8]
Event: 16.496 Thread 0x000001508f3249f0 13131       4       jdk.internal.misc.Unsafe::getShortUnaligned (12 bytes)
Event: 16.497 Thread 0x0000015049159490 13129       4       com.android.tools.r8.graph.i6::a (262 bytes)
Event: 16.497 Thread 0x000001508f3249f0 nmethod 13131 0x000001503b73f910 code [0x000001503b73faa0, 0x000001503b73fb58]
Event: 16.497 Thread 0x000001508f3249f0 13139       4       com.android.tools.r8.dex.c0::f (49 bytes)
Event: 16.500 Thread 0x0000015049159490 nmethod 13129 0x000001503b73fc10 code [0x000001503b73fda0, 0x000001503b73ffd8]
Event: 16.500 Thread 0x0000015049159490 13113       4       com.android.tools.r8.internal.s80::D (90 bytes)
Event: 16.506 Thread 0x000001508f3249f0 nmethod 13139 0x000001503b740210 code [0x000001503b7403c0, 0x000001503b740878]
Event: 16.506 Thread 0x0000015049159490 nmethod 13113 0x000001503b740b90 code [0x000001503b740d20, 0x000001503b741078]
Event: 16.506 Thread 0x000001508f3249f0 13171       4       com.android.tools.r8.internal.bp1::a (288 bytes)
Event: 16.506 Thread 0x0000015049159490 13158       4       com.android.tools.r8.internal.f22::b (81 bytes)
Event: 16.510 Thread 0x0000015049159490 nmethod 13158 0x000001503b741290 code [0x000001503b741420, 0x000001503b741638]
Event: 16.510 Thread 0x0000015049159490 13141 % !   4       com.android.tools.r8.dex.a::b @ 599 (3650 bytes)

GC Heap History (20 events):
Event: 14.326 GC heap after
{Heap after GC invocations=38 (full 0):
 garbage-first heap   total 171008K, used 102970K [0x00000000a0000000, 0x0000000100000000)
  region size 1024K, 6 young (6144K), 6 survivors (6144K)
 Metaspace       used 88606K, committed 89472K, reserved 1179648K
  class space    used 12149K, committed 12544K, reserved 1048576K
}
Event: 14.593 GC heap before
{Heap before GC invocations=38 (full 0):
 garbage-first heap   total 171008K, used 138810K [0x00000000a0000000, 0x0000000100000000)
  region size 1024K, 42 young (43008K), 6 survivors (6144K)
 Metaspace       used 88869K, committed 89728K, reserved 1179648K
  class space    used 12185K, committed 12608K, reserved 1048576K
}
Event: 14.598 GC heap after
{Heap after GC invocations=39 (full 0):
 garbage-first heap   total 171008K, used 105605K [0x00000000a0000000, 0x0000000100000000)
  region size 1024K, 3 young (3072K), 3 survivors (3072K)
 Metaspace       used 88869K, committed 89728K, reserved 1179648K
  class space    used 12185K, committed 12608K, reserved 1048576K
}
Event: 15.071 GC heap before
{Heap before GC invocations=39 (full 0):
 garbage-first heap   total 171008K, used 140421K [0x00000000a0000000, 0x0000000100000000)
  region size 1024K, 38 young (38912K), 3 survivors (3072K)
 Metaspace       used 92027K, committed 92864K, reserved 1179648K
  class space    used 12601K, committed 12992K, reserved 1048576K
}
Event: 15.074 GC heap after
{Heap after GC invocations=40 (full 0):
 garbage-first heap   total 171008K, used 106363K [0x00000000a0000000, 0x0000000100000000)
  region size 1024K, 4 young (4096K), 4 survivors (4096K)
 Metaspace       used 92027K, committed 92864K, reserved 1179648K
  class space    used 12601K, committed 12992K, reserved 1048576K
}
Event: 15.508 GC heap before
{Heap before GC invocations=40 (full 0):
 garbage-first heap   total 171008K, used 142203K [0x00000000a0000000, 0x0000000100000000)
  region size 1024K, 40 young (40960K), 4 survivors (4096K)
 Metaspace       used 94766K, committed 95680K, reserved 1179648K
  class space    used 12954K, committed 13376K, reserved 1048576K
}
Event: 15.513 GC heap after
{Heap after GC invocations=41 (full 0):
 garbage-first heap   total 171008K, used 109487K [0x00000000a0000000, 0x0000000100000000)
  region size 1024K, 5 young (5120K), 5 survivors (5120K)
 Metaspace       used 94766K, committed 95680K, reserved 1179648K
  class space    used 12954K, committed 13376K, reserved 1048576K
}
Event: 15.727 GC heap before
{Heap before GC invocations=41 (full 0):
 garbage-first heap   total 171008K, used 142255K [0x00000000a0000000, 0x0000000100000000)
  region size 1024K, 38 young (38912K), 5 survivors (5120K)
 Metaspace       used 95186K, committed 96128K, reserved 1179648K
  class space    used 13004K, committed 13440K, reserved 1048576K
}
Event: 15.732 GC heap after
{Heap after GC invocations=42 (full 0):
 garbage-first heap   total 171008K, used 111139K [0x00000000a0000000, 0x0000000100000000)
  region size 1024K, 2 young (2048K), 2 survivors (2048K)
 Metaspace       used 95186K, committed 96128K, reserved 1179648K
  class space    used 13004K, committed 13440K, reserved 1048576K
}
Event: 15.956 GC heap before
{Heap before GC invocations=42 (full 0):
 garbage-first heap   total 171008K, used 154147K [0x00000000a0000000, 0x0000000100000000)
  region size 1024K, 35 young (35840K), 2 survivors (2048K)
 Metaspace       used 96857K, committed 97792K, reserved 1179648K
  class space    used 13190K, committed 13632K, reserved 1048576K
}
Event: 15.960 GC heap after
{Heap after GC invocations=43 (full 0):
 garbage-first heap   total 171008K, used 124249K [0x00000000a0000000, 0x0000000100000000)
  region size 1024K, 5 young (5120K), 5 survivors (5120K)
 Metaspace       used 96857K, committed 97792K, reserved 1179648K
  class space    used 13190K, committed 13632K, reserved 1048576K
}
Event: 16.232 GC heap before
{Heap before GC invocations=43 (full 0):
 garbage-first heap   total 171008K, used 148825K [0x00000000a0000000, 0x0000000100000000)
  region size 1024K, 28 young (28672K), 5 survivors (5120K)
 Metaspace       used 99460K, committed 100416K, reserved 1179648K
  class space    used 13576K, committed 14016K, reserved 1048576K
}
Event: 16.236 GC heap after
{Heap after GC invocations=44 (full 0):
 garbage-first heap   total 171008K, used 126613K [0x00000000a0000000, 0x0000000100000000)
  region size 1024K, 2 young (2048K), 2 survivors (2048K)
 Metaspace       used 99460K, committed 100416K, reserved 1179648K
  class space    used 13576K, committed 14016K, reserved 1048576K
}
Event: 16.257 GC heap before
{Heap before GC invocations=44 (full 0):
 garbage-first heap   total 171008K, used 133781K [0x00000000a0000000, 0x0000000100000000)
  region size 1024K, 8 young (8192K), 2 survivors (2048K)
 Metaspace       used 99628K, committed 100544K, reserved 1179648K
  class space    used 13601K, committed 14016K, reserved 1048576K
}
Event: 16.259 GC heap after
{Heap after GC invocations=45 (full 0):
 garbage-first heap   total 171008K, used 131050K [0x00000000a0000000, 0x0000000100000000)
  region size 1024K, 3 young (3072K), 3 survivors (3072K)
 Metaspace       used 99628K, committed 100544K, reserved 1179648K
  class space    used 13601K, committed 14016K, reserved 1048576K
}
Event: 16.261 GC heap before
{Heap before GC invocations=45 (full 0):
 garbage-first heap   total 171008K, used 135146K [0x00000000a0000000, 0x0000000100000000)
  region size 1024K, 4 young (4096K), 3 survivors (3072K)
 Metaspace       used 99628K, committed 100544K, reserved 1179648K
  class space    used 13601K, committed 14016K, reserved 1048576K
}
Event: 16.263 GC heap after
{Heap after GC invocations=46 (full 0):
 garbage-first heap   total 171008K, used 131940K [0x00000000a0000000, 0x0000000100000000)
  region size 1024K, 1 young (1024K), 1 survivors (1024K)
 Metaspace       used 99628K, committed 100544K, reserved 1179648K
  class space    used 13601K, committed 14016K, reserved 1048576K
}
Event: 16.429 GC heap before
{Heap before GC invocations=47 (full 0):
 garbage-first heap   total 258048K, used 157540K [0x00000000a0000000, 0x0000000100000000)
  region size 1024K, 11 young (11264K), 1 survivors (1024K)
 Metaspace       used 99923K, committed 100864K, reserved 1179648K
  class space    used 13644K, committed 14080K, reserved 1048576K
}
Event: 16.433 GC heap after
{Heap after GC invocations=48 (full 0):
 garbage-first heap   total 258048K, used 140924K [0x00000000a0000000, 0x0000000100000000)
  region size 1024K, 2 young (2048K), 2 survivors (2048K)
 Metaspace       used 99923K, committed 100864K, reserved 1179648K
  class space    used 13644K, committed 14080K, reserved 1048576K
}
Event: 16.522 GC heap before
{Heap before GC invocations=48 (full 0):
 garbage-first heap   total 258048K, used 151163K [0x00000000a0000000, 0x0000000100000000)
  region size 1024K, 12 young (12288K), 2 survivors (2048K)
 Metaspace       used 99923K, committed 100864K, reserved 1179648K
  class space    used 13644K, committed 14080K, reserved 1048576K
}

Dll operation events (15 events):
Event: 0.009 Loaded shared library C:\Program Files\Java\jdk-17\bin\java.dll
Event: 0.024 Loaded shared library C:\Program Files\Java\jdk-17\bin\jsvml.dll
Event: 0.065 Loaded shared library C:\Program Files\Java\jdk-17\bin\zip.dll
Event: 0.068 Loaded shared library C:\Program Files\Java\jdk-17\bin\instrument.dll
Event: 0.072 Loaded shared library C:\Program Files\Java\jdk-17\bin\net.dll
Event: 0.074 Loaded shared library C:\Program Files\Java\jdk-17\bin\nio.dll
Event: 0.076 Loaded shared library C:\Program Files\Java\jdk-17\bin\zip.dll
Event: 0.333 Loaded shared library C:\Program Files\Java\jdk-17\bin\jimage.dll
Event: 0.484 Loaded shared library C:\Program Files\Java\jdk-17\bin\verify.dll
Event: 0.556 Loaded shared library C:\Users\LEGION\.gradle\native\1def1411415f61bf3af743bc5b6707747c0891f09f0c88961ee8f79bc544acac\windows-amd64\native-platform.dll
Event: 0.584 Loaded shared library C:\Users\LEGION\.gradle\native\0.2.7\x86_64-windows-gnu\gradle-fileevents.dll
Event: 1.613 Loaded shared library C:\Program Files\Java\jdk-17\bin\management.dll
Event: 1.615 Loaded shared library C:\Program Files\Java\jdk-17\bin\management_ext.dll
Event: 1.991 Loaded shared library C:\Program Files\Java\jdk-17\bin\extnet.dll
Event: 2.165 Loaded shared library C:\Program Files\Java\jdk-17\bin\sunmscapi.dll

Deoptimization events (20 events):
Event: 16.044 Thread 0x000001504983c970 DEOPT PACKING pc=0x000001503b4bdd34 sp=0x00000001ecafc2c0
Event: 16.044 Thread 0x000001504983c970 DEOPT UNPACKING pc=0x000001503abd69a3 sp=0x00000001ecafc258 mode 2
Event: 16.051 Thread 0x000001504983c970 Uncommon trap: trap_request=0xffffff45 fr.pc=0x000001503b584f24 relative=0x0000000000000404
Event: 16.051 Thread 0x000001504983c970 Uncommon trap: reason=unstable_if action=reinterpret pc=0x000001503b584f24 method=java.util.stream.StreamOpFlag.getMask(I)I @ 1 c2
Event: 16.051 Thread 0x000001504983c970 DEOPT PACKING pc=0x000001503b584f24 sp=0x00000001ecafd510
Event: 16.051 Thread 0x000001504983c970 DEOPT UNPACKING pc=0x000001503abd69a3 sp=0x00000001ecafd400 mode 2
Event: 16.136 Thread 0x000001504983c970 Uncommon trap: trap_request=0xffffff45 fr.pc=0x000001503b45175c relative=0x000000000000029c
Event: 16.136 Thread 0x000001504983c970 Uncommon trap: reason=unstable_if action=reinterpret pc=0x000001503b45175c method=com.google.common.collect.MapMakerInternalMap$Segment.getEntry(Ljava/lang/Object;I)Lcom/google/common/collect/MapMakerInternalMap$InternalEntry; @ 63 c2
Event: 16.136 Thread 0x000001504983c970 DEOPT PACKING pc=0x000001503b45175c sp=0x00000001ecaf9c40
Event: 16.136 Thread 0x000001504983c970 DEOPT UNPACKING pc=0x000001503abd69a3 sp=0x00000001ecaf9be8 mode 2
Event: 16.250 Thread 0x000001504983c970 Uncommon trap: trap_request=0xffffff45 fr.pc=0x000001503b26c108 relative=0x00000000000000e8
Event: 16.250 Thread 0x000001504983c970 Uncommon trap: reason=unstable_if action=reinterpret pc=0x000001503b26c108 method=jdk.internal.misc.Unsafe.convEndian(ZS)S @ 4 c2
Event: 16.250 Thread 0x000001504983c970 DEOPT PACKING pc=0x000001503b26c108 sp=0x00000001ecafd720
Event: 16.250 Thread 0x000001504983c970 DEOPT UNPACKING pc=0x000001503abd69a3 sp=0x00000001ecafd4b8 mode 2
Event: 16.250 Thread 0x000001504983c970 Uncommon trap: trap_request=0xffffff45 fr.pc=0x000001503b26c518 relative=0x0000000000000078
Event: 16.250 Thread 0x000001504983c970 Uncommon trap: reason=unstable_if action=reinterpret pc=0x000001503b26c518 method=jdk.internal.misc.Unsafe.convEndian(ZS)S @ 4 c2
Event: 16.250 Thread 0x000001504983c970 DEOPT PACKING pc=0x000001503b26c518 sp=0x00000001ecafd600
Event: 16.250 Thread 0x000001504983c970 DEOPT UNPACKING pc=0x000001503abd69a3 sp=0x00000001ecafd508 mode 2
Event: 16.374 Thread 0x000001504983c970 DEOPT PACKING pc=0x0000015034b0f9d0 sp=0x00000001ecafd780
Event: 16.374 Thread 0x000001504983c970 DEOPT UNPACKING pc=0x000001503abd7143 sp=0x00000001ecafcc28 mode 0

Classes loaded (20 events):
Event: 15.866 Loading class java/util/zip/ZipInputStream
Event: 15.866 Loading class java/util/zip/ZipInputStream done
Event: 15.953 Loading class java/io/UTFDataFormatException
Event: 15.953 Loading class java/io/UTFDataFormatException done
Event: 16.039 Loading class java/util/concurrent/Executors$DelegatedScheduledExecutorService
Event: 16.039 Loading class java/util/concurrent/Executors$DelegatedExecutorService
Event: 16.039 Loading class java/util/concurrent/Executors$DelegatedExecutorService done
Event: 16.039 Loading class java/util/concurrent/Executors$DelegatedScheduledExecutorService done
Event: 16.043 Loading class java/lang/ProcessImpl
Event: 16.044 Loading class java/lang/ProcessImpl done
Event: 16.054 Loading class java/lang/ProcessHandleImpl
Event: 16.055 Loading class java/lang/ProcessHandleImpl done
Event: 16.056 Loading class java/lang/ProcessImpl$2
Event: 16.056 Loading class java/lang/ProcessImpl$2 done
Event: 16.056 Loading class java/lang/Process$PipeInputStream
Event: 16.057 Loading class java/lang/Process$PipeInputStream done
Event: 16.059 Loading class jdk/internal/event/ProcessStartEvent
Event: 16.059 Loading class jdk/internal/event/ProcessStartEvent done
Event: 16.220 Loading class java/nio/BufferUnderflowException
Event: 16.220 Loading class java/nio/BufferUnderflowException done

Classes unloaded (0 events):
No events

Classes redefined (0 events):
No events

Internal exceptions (20 events):
Event: 15.944 Thread 0x0000015095b29550 Exception <a 'sun/nio/fs/WindowsException'{0x00000000a87567c0}> (0x00000000a87567c0) 
thrown [s\src\hotspot\share\prims\jni.cpp, line 516]
Event: 15.944 Thread 0x0000015095b29550 Exception <a 'sun/nio/fs/WindowsException'{0x00000000a8756938}> (0x00000000a8756938) 
thrown [s\src\hotspot\share\prims\jni.cpp, line 516]
Event: 15.945 Thread 0x0000015095b29550 Exception <a 'sun/nio/fs/WindowsException'{0x00000000a8757a38}> (0x00000000a8757a38) 
thrown [s\src\hotspot\share\prims\jni.cpp, line 516]
Event: 15.945 Thread 0x0000015095b29550 Exception <a 'sun/nio/fs/WindowsException'{0x00000000a8758900}> (0x00000000a8758900) 
thrown [s\src\hotspot\share\prims\jni.cpp, line 516]
Event: 15.945 Thread 0x0000015095b29550 Exception <a 'sun/nio/fs/WindowsException'{0x00000000a8758a90}> (0x00000000a8758a90) 
thrown [s\src\hotspot\share\prims\jni.cpp, line 516]
Event: 15.945 Thread 0x0000015095b29550 Exception <a 'sun/nio/fs/WindowsException'{0x00000000a8759b30}> (0x00000000a8759b30) 
thrown [s\src\hotspot\share\prims\jni.cpp, line 516]
Event: 15.945 Thread 0x0000015095b29550 Exception <a 'sun/nio/fs/WindowsException'{0x00000000a875a9c8}> (0x00000000a875a9c8) 
thrown [s\src\hotspot\share\prims\jni.cpp, line 516]
Event: 15.945 Thread 0x0000015095b29550 Exception <a 'sun/nio/fs/WindowsException'{0x00000000a875ab28}> (0x00000000a875ab28) 
thrown [s\src\hotspot\share\prims\jni.cpp, line 516]
Event: 15.945 Thread 0x0000015095b29550 Exception <a 'sun/nio/fs/WindowsException'{0x00000000a875bc08}> (0x00000000a875bc08) 
thrown [s\src\hotspot\share\prims\jni.cpp, line 516]
Event: 15.956 Thread 0x0000015095b29550 Exception <a 'java/lang/NoSuchMethodError'{0x00000000a86d18c0}: static Lcom/android/builder/internal/aapt/AaptOptions;.<clinit>()V> (0x00000000a86d18c0) 
thrown [s\src\hotspot\share\prims\jni.cpp, line 1112]
Event: 15.961 Thread 0x0000015095b29550 Exception <a 'java/lang/NoSuchMethodError'{0x00000000afd1dc38}: static Ljava/lang/Object;.<clinit>()V> (0x00000000afd1dc38) 
thrown [s\src\hotspot\share\prims\jni.cpp, line 1112]
Event: 15.963 Thread 0x0000015095b29550 Exception <a 'java/lang/NoSuchMethodError'{0x00000000afd4eb18}: static Lcom/android/build/api/variant/impl/SerializableApplicationMultiOutputHandler;.<clinit>()V> (0x00000000afd4eb18) 
thrown [s\src\hotspot\share\prims\jni.cpp, line 1112]
Event: 15.964 Thread 0x0000015095b29550 Exception <a 'java/lang/NoSuchMethodError'{0x00000000afd79058}: static Lcom/android/build/api/variant/impl/VariantOutputImpl$SerializedForm;.<clinit>()V> (0x00000000afd79058) 
thrown [s\src\hotspot\share\prims\jni.cpp, line 1112]
Event: 15.966 Thread 0x0000015095b29550 Exception <a 'java/lang/NoSuchMethodError'{0x00000000afda28e0}: static Lcom/android/build/api/variant/impl/VariantOutputConfigurationImpl;.<clinit>()V> (0x00000000afda28e0) 
thrown [s\src\hotspot\share\prims\jni.cpp, line 1112]
Event: 16.053 Thread 0x000001504983d8a0 Exception <a 'java/lang/NoSuchMethodError'{0x00000000a9d9db00}: 'void java.lang.invoke.DirectMethodHandle$Holder.invokeStatic(java.lang.Object, long)'> (0x00000000a9d9db00) 
thrown [s\src\hotspot\share\interpreter\linkResolver.cpp, line 759]
Event: 16.055 Thread 0x000001504983d8a0 Exception <a 'java/lang/NoSuchMethodError'{0x00000000a9dbf4c0}: 'java.lang.Object java.lang.invoke.DirectMethodHandle$Holder.invokeStatic(java.lang.Object, java.lang.Object, long, java.lang.Object)'> (0x00000000a9dbf4c0) 
thrown [s\src\hotspot\share\interpreter\linkResolver.cpp, line 759]
Event: 16.056 Thread 0x000001504983d8a0 Exception <a 'java/lang/NoSuchMethodError'{0x00000000a9dc3b00}: 'java.lang.Object java.lang.invoke.DirectMethodHandle$Holder.invokeStaticInit(java.lang.Object, java.lang.Object, long, java.lang.Object)'> (0x00000000a9dc3b00) 
thrown [s\src\hotspot\share\interpreter\linkResolver.cpp, line 759]
Event: 16.247 Thread 0x000001504983c970 Exception <a 'java/lang/NoSuchMethodError'{0x00000000aa5050c0}: 'java.lang.Object java.lang.invoke.DirectMethodHandle$Holder.invokeStaticInit(java.lang.Object, java.lang.Object, java.lang.Object, java.lang.Object, java.lang.Object, java.lang.Object, java.lang.Object, java.lang.Object, java.lang.Object, java.lang.Object, java.lang.Object, java.lang.Object, java.lang.Object, java.lang.Object, java.lang.Object, java.lang.Object, java.lang.Object, java.lang.Object, java.lang.Object, java.lang.Object, int, java
Event: 16.249 Thread 0x000001504983c970 Exception <a 'java/lang/IncompatibleClassChangeError'{0x00000000aa51f640}: Found class java.lang.Object, but interface was expected> (0x00000000aa51f640) 
thrown [s\src\hotspot\share\interpreter\linkResolver.cpp, line 826]
Event: 16.249 Thread 0x000001504983c970 Exception <a 'java/lang/IncompatibleClassChangeError'{0x00000000aa52b310}: Found class java.lang.Object, but interface was expected> (0x00000000aa52b310) 
thrown [s\src\hotspot\share\interpreter\linkResolver.cpp, line 826]

VM Operations (20 events):
Event: 15.960 Executing VM operation: G1CollectForAllocation done
Event: 15.987 Executing VM operation: HandshakeAllThreads
Event: 15.988 Executing VM operation: HandshakeAllThreads done
Event: 16.058 Executing VM operation: HandshakeAllThreads
Event: 16.059 Executing VM operation: HandshakeAllThreads done
Event: 16.145 Executing VM operation: HandshakeAllThreads
Event: 16.146 Executing VM operation: HandshakeAllThreads done
Event: 16.232 Executing VM operation: G1CollectForAllocation
Event: 16.236 Executing VM operation: G1CollectForAllocation done
Event: 16.256 Executing VM operation: G1TryInitiateConcMark
Event: 16.259 Executing VM operation: G1TryInitiateConcMark done
Event: 16.261 Executing VM operation: G1TryInitiateConcMark
Event: 16.263 Executing VM operation: G1TryInitiateConcMark done
Event: 16.361 Executing VM operation: G1PauseRemark
Event: 16.367 Executing VM operation: G1PauseRemark done
Event: 16.410 Executing VM operation: G1PauseCleanup
Event: 16.411 Executing VM operation: G1PauseCleanup done
Event: 16.429 Executing VM operation: G1CollectForAllocation
Event: 16.433 Executing VM operation: G1CollectForAllocation done
Event: 16.522 Executing VM operation: G1CollectForAllocation

Memory protections (0 events):
No events

Nmethod flushes (20 events):
Event: 12.423 Thread 0x00000150491636d0 flushing osr nmethod 0x000001503444eb90
Event: 12.423 Thread 0x00000150491636d0 flushing  nmethod 0x0000015034453c90
Event: 12.423 Thread 0x00000150491636d0 flushing  nmethod 0x0000015034458e10
Event: 12.423 Thread 0x00000150491636d0 flushing  nmethod 0x0000015034459390
Event: 12.423 Thread 0x00000150491636d0 flushing  nmethod 0x0000015034459f10
Event: 12.423 Thread 0x00000150491636d0 flushing  nmethod 0x0000015034465410
Event: 12.423 Thread 0x00000150491636d0 flushing  nmethod 0x0000015034467910
Event: 12.423 Thread 0x00000150491636d0 flushing  nmethod 0x000001503446da90
Event: 12.423 Thread 0x00000150491636d0 flushing  nmethod 0x0000015034476310
Event: 12.423 Thread 0x00000150491636d0 flushing  nmethod 0x000001503448ab90
Event: 12.424 Thread 0x00000150491636d0 flushing  nmethod 0x000001503450fd90
Event: 12.424 Thread 0x00000150491636d0 flushing osr nmethod 0x000001503452fd10
Event: 12.424 Thread 0x00000150491636d0 flushing  nmethod 0x000001503458d590
Event: 12.424 Thread 0x00000150491636d0 flushing  nmethod 0x00000150345bc310
Event: 12.424 Thread 0x00000150491636d0 flushing  nmethod 0x0000015034641510
Event: 12.424 Thread 0x00000150491636d0 flushing  nmethod 0x0000015034643090
Event: 12.424 Thread 0x00000150491636d0 flushing  nmethod 0x000001503466cf90
Event: 12.424 Thread 0x00000150491636d0 flushing  nmethod 0x000001503466f510
Event: 12.424 Thread 0x00000150491636d0 flushing  nmethod 0x000001503468d710
Event: 15.618 Thread 0x00000150491636d0 flushing  nmethod 0x000001503b368310

Events (20 events):
Event: 14.665 Thread 0x0000015095b29550 Thread added: 0x0000015095a09c00
Event: 14.665 Thread 0x0000015095b29550 Thread added: 0x0000015095a0a620
Event: 14.666 Thread 0x0000015095b29550 Thread added: 0x0000015095a0a110
Event: 14.666 Thread 0x0000015095b29550 Thread added: 0x0000015095a0ab30
Event: 14.666 Thread 0x0000015095b29550 Thread added: 0x00000150940e85d0
Event: 15.429 Thread 0x0000015095b29550 Thread added: 0x000001504983d390
Event: 15.674 Thread 0x0000015049ae7470 Thread added: 0x0000015096187ef0
Event: 15.697 Thread 0x0000015049ae7e90 Thread added: 0x00000150940e5330
Event: 15.709 Thread 0x0000015096187ef0 Thread added: 0x0000015095b170d0
Event: 15.710 Thread 0x0000015096187ef0 Thread added: 0x0000015095b175e0
Event: 15.712 Thread 0x0000015096187ef0 Thread added: 0x0000015095b17af0
Event: 15.714 Thread 0x0000015096187ef0 Thread added: 0x0000015095b18a20
Event: 15.716 Thread 0x0000015096187ef0 Thread added: 0x00000150949a6f40
Event: 15.719 Thread 0x0000015096187ef0 Thread added: 0x000001504983d8a0
Event: 15.723 Thread 0x0000015096187ef0 Thread added: 0x00000150948848f0
Event: 15.724 Thread 0x000001504983d390 Thread added: 0x000001504983c970
Event: 15.724 Thread 0x000001504983d390 Thread added: 0x000001504983ddb0
Event: 16.041 Thread 0x000001504983d8a0 Thread added: 0x00000150949a6010
Event: 16.061 Thread 0x000001504983d8a0 Thread added: 0x00000150949a6520
Event: 16.061 Thread 0x000001504983d8a0 Thread added: 0x00000150949a4bd0


Dynamic libraries:
0x00007ff703b00000 - 0x00007ff703b0e000 	C:\Program Files\Java\jdk-17\bin\java.exe
0x00007ff8e1470000 - 0x00007ff8e1668000 	C:\WINDOWS\SYSTEM32\ntdll.dll
0x00007ff8e0c00000 - 0x00007ff8e0cc2000 	C:\WINDOWS\System32\KERNEL32.DLL
0x00007ff8deb00000 - 0x00007ff8dedf6000 	C:\WINDOWS\System32\KERNELBASE.dll
0x00007ff8df230000 - 0x00007ff8df330000 	C:\WINDOWS\System32\ucrtbase.dll
0x00007ff8af3d0000 - 0x00007ff8af3e8000 	C:\Program Files\Java\jdk-17\bin\jli.dll
0x00007ff8ae750000 - 0x00007ff8ae76e000 	C:\Program Files\Java\jdk-17\bin\VCRUNTIME140.dll
0x00007ff8e0740000 - 0x00007ff8e08e1000 	C:\WINDOWS\System32\USER32.dll
0x00007ff8def50000 - 0x00007ff8def72000 	C:\WINDOWS\System32\win32u.dll
0x00007ff8c9c70000 - 0x00007ff8c9f0b000 	C:\WINDOWS\WinSxS\amd64_microsoft.windows.common-controls_6595b64144ccf1df_6.0.19041.6456_none_60b8a6cb71f64256\COMCTL32.dll
0x00007ff8e0330000 - 0x00007ff8e035b000 	C:\WINDOWS\System32\GDI32.dll
0x00007ff8e06a0000 - 0x00007ff8e073e000 	C:\WINDOWS\System32\msvcrt.dll
0x00007ff8dee00000 - 0x00007ff8def19000 	C:\WINDOWS\System32\gdi32full.dll
0x00007ff8df100000 - 0x00007ff8df19d000 	C:\WINDOWS\System32\msvcp_win.dll
0x00007ff8df570000 - 0x00007ff8df59f000 	C:\WINDOWS\System32\IMM32.DLL
0x00007ff8b12e0000 - 0x00007ff8b12ec000 	C:\Program Files\Java\jdk-17\bin\vcruntime140_1.dll
0x00007ff88cd00000 - 0x00007ff88cd8d000 	C:\Program Files\Java\jdk-17\bin\msvcp140.dll
0x00007ff84de40000 - 0x00007ff84eaac000 	C:\Program Files\Java\jdk-17\bin\server\jvm.dll
0x00007ff8dfe80000 - 0x00007ff8dff31000 	C:\WINDOWS\System32\ADVAPI32.dll
0x00007ff8df5c0000 - 0x00007ff8df65f000 	C:\WINDOWS\System32\sechost.dll
0x00007ff8e08f0000 - 0x00007ff8e0a10000 	C:\WINDOWS\System32\RPCRT4.dll
0x00007ff8def20000 - 0x00007ff8def47000 	C:\WINDOWS\System32\bcrypt.dll
0x00007ff8e0620000 - 0x00007ff8e068b000 	C:\WINDOWS\System32\WS2_32.dll
0x00007ff8de000000 - 0x00007ff8de04b000 	C:\WINDOWS\SYSTEM32\POWRPROF.dll
0x00007ff8c9f10000 - 0x00007ff8c9f37000 	C:\WINDOWS\SYSTEM32\WINMM.dll
0x00007ff8d7820000 - 0x00007ff8d782a000 	C:\WINDOWS\SYSTEM32\VERSION.dll
0x00007ff8ddec0000 - 0x00007ff8dded2000 	C:\WINDOWS\SYSTEM32\UMPDC.dll
0x00007ff8dd2d0000 - 0x00007ff8dd2e2000 	C:\WINDOWS\SYSTEM32\kernel.appcore.dll
0x00007ff8b1010000 - 0x00007ff8b101a000 	C:\Program Files\Java\jdk-17\bin\jimage.dll
0x00007ff8dc6a0000 - 0x00007ff8dc8a1000 	C:\WINDOWS\SYSTEM32\DBGHELP.DLL
0x00007ff8c2920000 - 0x00007ff8c2954000 	C:\WINDOWS\SYSTEM32\dbgcore.DLL
0x00007ff8df1a0000 - 0x00007ff8df222000 	C:\WINDOWS\System32\bcryptPrimitives.dll
0x00007ff8b0450000 - 0x00007ff8b045e000 	C:\Program Files\Java\jdk-17\bin\instrument.dll
0x00007ff8a97d0000 - 0x00007ff8a97f5000 	C:\Program Files\Java\jdk-17\bin\java.dll
0x00007ff88c010000 - 0x00007ff88c0e7000 	C:\Program Files\Java\jdk-17\bin\jsvml.dll
0x00007ff8df710000 - 0x00007ff8dfe80000 	C:\WINDOWS\System32\SHELL32.dll
0x00007ff8dcb10000 - 0x00007ff8dd2b5000 	C:\WINDOWS\SYSTEM32\windows.storage.dll
0x00007ff8dffd0000 - 0x00007ff8e0324000 	C:\WINDOWS\System32\combase.dll
0x00007ff8de450000 - 0x00007ff8de47b000 	C:\WINDOWS\SYSTEM32\Wldp.dll
0x00007ff8e0480000 - 0x00007ff8e054d000 	C:\WINDOWS\System32\OLEAUT32.dll
0x00007ff8e0b50000 - 0x00007ff8e0bfd000 	C:\WINDOWS\System32\SHCORE.dll
0x00007ff8e0f60000 - 0x00007ff8e0fbb000 	C:\WINDOWS\System32\shlwapi.dll
0x00007ff8dea30000 - 0x00007ff8dea54000 	C:\WINDOWS\SYSTEM32\profapi.dll
0x00007ff8adb70000 - 0x00007ff8adb88000 	C:\Program Files\Java\jdk-17\bin\zip.dll
0x00007ff8ada60000 - 0x00007ff8ada7a000 	C:\Program Files\Java\jdk-17\bin\net.dll
0x00007ff8d5e10000 - 0x00007ff8d5f1a000 	C:\WINDOWS\SYSTEM32\WINHTTP.dll
0x00007ff8de230000 - 0x00007ff8de29a000 	C:\WINDOWS\system32\mswsock.dll
0x00007ff8ad260000 - 0x00007ff8ad276000 	C:\Program Files\Java\jdk-17\bin\nio.dll
0x00007ff8b0030000 - 0x00007ff8b0040000 	C:\Program Files\Java\jdk-17\bin\verify.dll
0x00007ff8a9b90000 - 0x00007ff8a9bb7000 	C:\Users\LEGION\.gradle\native\1def1411415f61bf3af743bc5b6707747c0891f09f0c88961ee8f79bc544acac\windows-amd64\native-platform.dll
0x00007ff88cc80000 - 0x00007ff88ccf8000 	C:\Users\LEGION\.gradle\native\0.2.7\x86_64-windows-gnu\gradle-fileevents.dll
0x00007ff8afbc0000 - 0x00007ff8afbca000 	C:\Program Files\Java\jdk-17\bin\management.dll
0x00007ff8afad0000 - 0x00007ff8afadc000 	C:\Program Files\Java\jdk-17\bin\management_ext.dll
0x00007ff8e05b0000 - 0x00007ff8e05b8000 	C:\WINDOWS\System32\PSAPI.DLL
0x00007ff8ddee0000 - 0x00007ff8ddf1b000 	C:\WINDOWS\SYSTEM32\IPHLPAPI.DLL
0x00007ff8e0690000 - 0x00007ff8e0698000 	C:\WINDOWS\System32\NSI.dll
0x00007ff8d7800000 - 0x00007ff8d7817000 	C:\WINDOWS\SYSTEM32\dhcpcsvc6.DLL
0x00007ff8d7bc0000 - 0x00007ff8d7bdd000 	C:\WINDOWS\SYSTEM32\dhcpcsvc.DLL
0x00007ff8ddf20000 - 0x00007ff8ddfea000 	C:\WINDOWS\SYSTEM32\DNSAPI.dll
0x00007ff8ae710000 - 0x00007ff8ae719000 	C:\Program Files\Java\jdk-17\bin\extnet.dll
0x00007ff8de7e0000 - 0x00007ff8de7f8000 	C:\WINDOWS\SYSTEM32\CRYPTSP.dll
0x00007ff8ddb00000 - 0x00007ff8ddb38000 	C:\WINDOWS\system32\rsaenh.dll
0x00007ff8de9f0000 - 0x00007ff8dea1e000 	C:\WINDOWS\SYSTEM32\USERENV.dll
0x00007ff8de3c0000 - 0x00007ff8de3cc000 	C:\WINDOWS\SYSTEM32\CRYPTBASE.dll
0x00007ff8ac600000 - 0x00007ff8ac60e000 	C:\Program Files\Java\jdk-17\bin\sunmscapi.dll
0x00007ff8df330000 - 0x00007ff8df48d000 	C:\WINDOWS\System32\CRYPT32.dll
0x00007ff8de4c0000 - 0x00007ff8de4e7000 	C:\WINDOWS\SYSTEM32\ncrypt.dll
0x00007ff8de480000 - 0x00007ff8de4bb000 	C:\WINDOWS\SYSTEM32\NTASN1.dll
0x00007ff8b3380000 - 0x00007ff8b3387000 	C:\WINDOWS\system32\wshunix.dll

dbghelp: loaded successfully - version: 4.0.5 - missing functions: none
symbol engine: initialized successfully - sym options: 0x614 - pdb path: .;C:\Program Files\Java\jdk-17\bin;C:\WINDOWS\SYSTEM32;C:\WINDOWS\WinSxS\amd64_microsoft.windows.common-controls_6595b64144ccf1df_6.0.19041.6456_none_60b8a6cb71f64256;C:\Program Files\Java\jdk-17\bin\server;C:\Users\LEGION\.gradle\native\1def1411415f61bf3af743bc5b6707747c0891f09f0c88961ee8f79bc544acac\windows-amd64;C:\Users\LEGION\.gradle\native\0.2.7\x86_64-windows-gnu

VM Arguments:
jvm_args: --add-opens=java.base/java.lang=ALL-UNNAMED --add-opens=java.base/java.lang.invoke=ALL-UNNAMED --add-opens=java.base/java.util=ALL-UNNAMED --add-opens=java.prefs/java.util.prefs=ALL-UNNAMED --add-exports=jdk.compiler/com.sun.tools.javac.api=ALL-UNNAMED --add-exports=jdk.compiler/com.sun.tools.javac.util=ALL-UNNAMED --add-opens=java.base/java.util=ALL-UNNAMED --add-opens=java.prefs/java.util.prefs=ALL-UNNAMED --add-opens=java.base/java.nio.charset=ALL-UNNAMED --add-opens=java.base/java.net=ALL-UNNAMED --add-opens=java.base/java.util.concurrent.atomic=ALL-UNNAMED --add-opens=java.xml/javax.xml.namespace=ALL-UNNAMED -Xmx1536m -Dfile.encoding=UTF-8 -Duser.country=US -Duser.language=en -Duser.variant -javaagent:C:\Users\LEGION\.gradle\wrapper\dists\gradle-8.13-bin\5xuhj0ry160q40clulazy9h7d\gradle-8.13\lib\agents\gradle-instrumentation-agent-8.13.jar 
java_command: org.gradle.launcher.daemon.bootstrap.GradleDaemon 8.13
java_class_path (initial): C:\Users\LEGION\.gradle\wrapper\dists\gradle-8.13-bin\5xuhj0ry160q40clulazy9h7d\gradle-8.13\lib\gradle-daemon-main-8.13.jar
Launcher Type: SUN_STANDARD

[Global flags]
     intx CICompilerCount                          = 4                                         {product} {ergonomic}
     uint ConcGCThreads                            = 3                                         {product} {ergonomic}
     uint G1ConcRefinementThreads                  = 10                                        {product} {ergonomic}
   size_t G1HeapRegionSize                         = 1048576                                   {product} {ergonomic}
    uintx GCDrainStackTargetSize                   = 64                                        {product} {ergonomic}
   size_t InitialHeapSize                          = 266338304                                 {product} {ergonomic}
   size_t MarkStackSize                            = 4194304                                   {product} {ergonomic}
   size_t MaxHeapSize                              = 1610612736                                {product} {command line}
   size_t MaxNewSize                               = 965738496                                 {product} {ergonomic}
   size_t MinHeapDeltaBytes                        = 1048576                                   {product} {ergonomic}
   size_t MinHeapSize                              = 8388608                                   {product} {ergonomic}
    uintx NonNMethodCodeHeapSize                   = 5839372                                {pd product} {ergonomic}
    uintx NonProfiledCodeHeapSize                  = 122909434                              {pd product} {ergonomic}
    uintx ProfiledCodeHeapSize                     = 122909434                              {pd product} {ergonomic}
    uintx ReservedCodeCacheSize                    = 251658240                              {pd product} {ergonomic}
     bool SegmentedCodeCache                       = true                                      {product} {ergonomic}
   size_t SoftMaxHeapSize                          = 1610612736                             {manageable} {ergonomic}
     bool UseCompressedClassPointers               = true                           {product lp64_product} {ergonomic}
     bool UseCompressedOops                        = true                           {product lp64_product} {ergonomic}
     bool UseG1GC                                  = true                                      {product} {ergonomic}
     bool UseLargePagesIndividualAllocation        = false                                  {pd product} {ergonomic}

Logging:
Log output configuration:
 #0: stdout all=warning uptime,level,tags
 #1: stderr all=off uptime,level,tags

Environment Variables:
JAVA_HOME=C:\Program Files\Java\jdk-17
PATH=C:\Program Files\Java\jdk-17\bin;C:\Program Files\Eclipse Adoptium\jdk-25.0.4.7-hotspot\bin;C:\Program Files (x86)\ActiveState Komodo IDE 12\;C:\ProgramData\Oracle\Java\javapath;C:\Windows\system32;C:\Windows;C:\Windows\System32\Wbem;C:\Windows\System32\WindowsPowerShell\v1.0\;C:\Windows\System32\OpenSSH\;C:\Program Files\dotnet\;C:\Program Files\Microsoft SQL Server\130\Tools\Binn\;C:\Program Files\Microsoft SQL Server\Client SDK\ODBC\170\Tools\Binn\;F:\Microsoft VS Code\bin;C:\Program Files\NVIDIA Corporation\NVIDIA NvDLISR;C:\WINDOWS\system32;C:\WINDOWS;C:\WINDOWS\System32\Wbem;C:\WINDOWS\System32\WindowsPowerShell\v1.0\;C:\WINDOWS\System32\OpenSSH\;C:\Program Files\PuTTY\;C:\Program Files\WireSock VPN Client\bin\;C:\flutter\bin;C:\Program Files\Git\cmd;C:\Users\LEGION\Desktop\include;C:\Users\LEGION\Desktop\lib;C:\Program Files\Git\cmd;C:\Program Files\Git\bin;C:\Users\LEGION\AppData\Local\Programs\Python\Launcher\;C:\Users\LEGION\AppData\Local\Programs\Python\Python310\Scripts\;C:\Users\LEGION\AppData\Local\Programs\Python\Python310\;C:\Users\LEGION\AppData\Local\Programs\Python\Python310\python.exe;C:\Users\LEGION\AppData\Local\GitHubDesktop\bin;C:\Users\LEGION\AppData\Local\Programs\Ollama;C:\Users\LEGION\flutter\bin;F:\cursor\resources\app\bin
USERNAME=LEGION
OS=Windows_NT
PROCESSOR_IDENTIFIER=Intel64 Family 6 Model 165 Stepping 2, GenuineIntel
TMP=C:\Users\LEGION\AppData\Local\Temp
TEMP=C:\Users\LEGION\AppData\Local\Temp



Periodic native trim disabled


---------------  S Y S T E M  ---------------

OS:
 Windows 10 , 64 bit Build 19041 (10.0.19041.5915)
OS uptime: 0 days 2:43 hours
Hyper-V role detected

CPU: total 12 (initial active 12) (6 cores per cpu, 2 threads per core) family 6 model 165 stepping 2 microcode 0xec, cx8, cmov, fxsr, ht, mmx, 3dnowpref, sse, sse2, sse3, ssse3, sse4.1, sse4.2, popcnt, lzcnt, tsc, tscinvbit, avx, avx2, aes, erms, clmul, bmi1, bmi2, adx, fma, vzeroupper, clflush, clflushopt, hv
Processor Information for all 12 processors :
  Max Mhz: 2592, Current Mhz: 2592, Mhz Limit: 2592

Memory: 4k page, system-wide physical 16251M (290M free)
TotalPageFile size 30526M (AvailPageFile size 74M)
current process WorkingSet (physical memory assigned to process): 467M, peak: 472M
current process commit charge ("private bytes"): 592M, peak: 751M

vm_info: OpenJDK 64-Bit Server VM (17.0.20+8) for windows-amd64 JRE (17.0.20+8), built on Jul 22 2026 00:41:45 by "admin" with MS VC++ 17.12 (VS2022)

END.
