#
# There is insufficient memory for the Java Runtime Environment to continue.
# Native memory allocation (malloc) failed to allocate 1534384 bytes. Error detail: Chunk::new
# Possible reasons:
#   The system is out of physical RAM or swap space
#   This process is running with CompressedOops enabled, and the Java Heap may be blocking the growth of the native heap
# Possible solutions:
#   Reduce memory load on the system
#   Increase physical memory or swap space
#   Check if swap backing store is full
#   Decrease Java heap size (-Xmx/-Xms)
#   Decrease number of Java threads
#   Decrease Java thread stack sizes (-Xss)
#   Set larger code cache with -XX:ReservedCodeCacheSize=
#   JVM is running with Unscaled Compressed Oops mode in which the Java heap is
#     placed in the first 4GB address space. The Java Heap base address is the
#     maximum limit for the native heap growth. Please use -XX:HeapBaseMinAddress
#     to set the Java Heap base and to place the Java Heap above 4GB virtual address.
# This output file may be truncated or incomplete.
#
#  Out of Memory Error (arena.cpp:191), pid=24556, tid=14040
#
# JRE version: OpenJDK Runtime Environment Temurin-17.0.20+8 (17.0.20+8) (build 17.0.20+8)
# Java VM: OpenJDK 64-Bit Server VM Temurin-17.0.20+8 (17.0.20+8, mixed mode, sharing, tiered, compressed oops, compressed class ptrs, g1 gc, windows-amd64)
# No core dump will be written. Minidumps are not enabled by default on client versions of Windows
#

---------------  S U M M A R Y ------------

Command Line: --add-opens=java.base/java.lang=ALL-UNNAMED --add-opens=java.base/java.lang.invoke=ALL-UNNAMED --add-opens=java.base/java.util=ALL-UNNAMED --add-opens=java.prefs/java.util.prefs=ALL-UNNAMED --add-exports=jdk.compiler/com.sun.tools.javac.api=ALL-UNNAMED --add-exports=jdk.compiler/com.sun.tools.javac.util=ALL-UNNAMED --add-opens=java.base/java.util=ALL-UNNAMED --add-opens=java.prefs/java.util.prefs=ALL-UNNAMED --add-opens=java.base/java.nio.charset=ALL-UNNAMED --add-opens=java.base/java.net=ALL-UNNAMED --add-opens=java.base/java.util.concurrent.atomic=ALL-UNNAMED --add-opens=java.xml/javax.xml.namespace=ALL-UNNAMED -Xmx1536m -Dfile.encoding=windows-1252 -Duser.country=US -Duser.language=en -Duser.variant -javaagent:C:\Users\LEGION\.gradle\wrapper\dists\gradle-8.13-bin\5xuhj0ry160q40clulazy9h7d\gradle-8.13\lib\agents\gradle-instrumentation-agent-8.13.jar org.gradle.launcher.daemon.bootstrap.GradleDaemon 8.13

Host: Intel(R) Core(TM) i7-10750H CPU @ 2.60GHz, 12 cores, 15G,  Windows 10 , 64 bit Build 19041 (10.0.19041.5915)
Time: Sun Aug 16 10:51:37 2026 Iran Standard Time elapsed time: 974.632909 seconds (0d 0h 16m 14s)

---------------  T H R E A D  ---------------

Current thread (0x00000133eebc98c0):  JavaThread "C2 CompilerThread1" daemon [_thread_in_native, id=14040, stack(0x000000160a300000,0x000000160a400000)]


Current CompileTask:
C2:974633 30436       4       groovyjarjarantlr4.v4.runtime.atn.PredictionContext::join (569 bytes)

Stack: [0x000000160a300000,0x000000160a400000]
Native frames: (J=compiled Java code, j=interpreted, Vv=VM code, C=native code)
V  [jvm.dll+0x684d39]
V  [jvm.dll+0x83a565]
V  [jvm.dll+0x83bfde]
V  [jvm.dll+0x83c663]
V  [jvm.dll+0x2490cf]
V  [jvm.dll+0xad536]
V  [jvm.dll+0xadbdc]
V  [jvm.dll+0x368dbe]
V  [jvm.dll+0x1bc539]
V  [jvm.dll+0x21a030]
V  [jvm.dll+0x21931f]
V  [jvm.dll+0x1a49e0]
V  [jvm.dll+0x229a6a]
V  [jvm.dll+0x227c1b]
V  [jvm.dll+0x7f0d18]
V  [jvm.dll+0x7eb17c]
V  [jvm.dll+0x683c07]
C  [ucrtbase.dll+0x21bb2]
C  [KERNEL32.DLL+0x17374]
C  [ntdll.dll+0x4cc91]


---------------  P R O C E S S  ---------------

Threads class SMR info:
_java_thread_list=0x00000133f0376410, length=193, elements={
0x00000133849d10c0, 0x00000133a202fe20, 0x00000133a20315d0, 0x00000133a204c510,
0x00000133a204f5c0, 0x00000133a204fe90, 0x00000133a2050760, 0x00000133a2055430,
0x00000133a2168090, 0x00000133a21685b0, 0x00000133a225ba00, 0x00000133a2314ed0,
0x00000133e8be6ae0, 0x00000133a2792b00, 0x00000133e9457040, 0x00000133e80dfd60,
0x00000133e80e0270, 0x00000133e80e0780, 0x00000133eb06c1d0, 0x00000133eb0703a0,
0x00000133eb06d610, 0x00000133eb06cbf0, 0x00000133eb070dc0, 0x00000133eb0712d0,
0x00000133ebe2a490, 0x00000133ebe2eb70, 0x00000133ebe2a9a0, 0x00000133ebc3d2a0,
0x00000133ebc3be60, 0x00000133ee886e50, 0x00000133f016a700, 0x00000133f016f800,
0x00000133f016e3c0, 0x00000133f016e8d0, 0x00000133f016deb0, 0x00000133f016a1f0,
0x00000133f016ca70, 0x00000133f016ede0, 0x00000133f016ac10, 0x00000133f016d490,
0x00000133f016c560, 0x00000133f0168390, 0x00000133f016d9a0, 0x00000133f016bb40,
0x00000133f016f2f0, 0x00000133f016b120, 0x00000133f01697d0, 0x00000133f016c050,
0x00000133f016fd10, 0x00000133f01688a0, 0x00000133f0170220, 0x00000133f0168db0,
0x00000133f0170730, 0x00000133f0171150, 0x00000133f0172fb0, 0x00000133f0176760,
0x00000133f01734c0, 0x00000133f0175d40, 0x00000133f0176250, 0x00000133f01739d0,
0x00000133f0174900, 0x00000133f0177ba0, 0x00000133f0171660, 0x00000133f0172080,
0x00000133f0173ee0, 0x00000133f0177180, 0x00000133f0176c70, 0x00000133f0172aa0,
0x00000133f0172590, 0x00000133f0175320, 0x00000133f0175830, 0x00000133f0177690,
0x00000133f0170c40, 0x00000133ef800e90, 0x00000133ef8013a0, 0x00000133ef7fd6e0,
0x00000133ef7fff60, 0x00000133ef800980, 0x00000133ef7ff030, 0x00000133ef801dc0,
0x00000133ef7fdbf0, 0x00000133ef7fccc0, 0x00000133ef7fd1d0, 0x00000133ef800470,
0x00000133ef7fe100, 0x00000133ef803200, 0x00000133ef8022d0, 0x00000133ef8027e0,
0x00000133ef7fc7b0, 0x00000133ef7ff540, 0x00000133ef7fe610, 0x00000133ef7ffa50,
0x00000133ef802cf0, 0x00000133ef803710, 0x00000133ef7fc2a0, 0x00000133ef803c20,
0x00000133ee88d390, 0x00000133ee88d8a0, 0x00000133ee8891c0, 0x00000133ee88b530,
0x00000133ee887360, 0x00000133ee886940, 0x00000133ee88e2c0, 0x00000133ee887870,
0x00000133ee88b020, 0x00000133ee888290, 0x00000133ee8896d0, 0x00000133ee88a600,
0x00000133ee88a0f0, 0x00000133ee88bf50, 0x00000133ee889be0, 0x00000133ee888cb0,
0x00000133ee88ab10, 0x00000133ee88ba40, 0x00000133ee88c460, 0x00000133ebe28120,
0x00000133ebe29f80, 0x00000133ebe2d730, 0x00000133ebe2dc40, 0x00000133ebe28630,
0x00000133ebe28b40, 0x00000133ebe2e150, 0x00000133ebe2aeb0, 0x00000133ebe2bde0,
0x00000133ebe2b3c0, 0x00000133ebe29050, 0x00000133ebe2b8d0, 0x00000133ebe29560,
0x00000133ebe29a70, 0x00000133ebe2d220, 0x00000133ebe2e660, 0x00000133ebe2c800,
0x00000133ebe2cd10, 0x00000133ed23b280, 0x00000133ed239e40, 0x00000133ed23e010,
0x00000133ed23ad70, 0x00000133ed240890, 0x00000133ed23fe70, 0x00000133ed23cbd0,
0x00000133ed23e520, 0x00000133ed239420, 0x00000133ed23bca0, 0x00000133ed23c1b0,
0x00000133ed23ea30, 0x00000133ed23ef40, 0x00000133ed23f450, 0x00000133ed23f960,
0x00000133eb06b7b0, 0x00000133eb06ef60, 0x00000133eb06b2a0, 0x00000133eb0717e0,
0x00000133eb06fe90, 0x00000133eb06f980, 0x00000133eb0708b0, 0x00000133eb06bcc0,
0x00000133eb072710, 0x00000133ebc38bc0, 0x00000133ebc3fb20, 0x00000133ebc3aa20,
0x00000133ebc3b440, 0x00000133ebc40030, 0x00000133ebc395e0, 0x00000133ebc39af0,
0x00000133ebc3a000, 0x00000133ebc3a510, 0x00000133ebc3c880, 0x00000133e80dee30,
0x00000133e80e11a0, 0x00000133e80df850, 0x00000133e80e25e0, 0x00000133e80df340,
0x00000133e80e16b0, 0x00000133e80e1bc0, 0x00000133eb06c6e0, 0x00000133ee0b29b0,
0x00000133ee0b75a0, 0x00000133ee0b2ec0, 0x00000133ee0b5230, 0x00000133ee0b1060,
0x00000133ee0b84d0, 0x00000133ee0b7090, 0x00000133ee0b6160, 0x00000133ee0b89e0,
0x00000133ee0b38e0, 0x00000133ee0b4810, 0x00000133ee0b6670, 0x00000133ee0b1a80,
0x00000133ee0b9400, 0x00000133eebc98c0, 0x00000133ed13e080, 0x00000133ee0bcbb0,
0x00000133ee0bd0c0
}

Java Threads: ( => current thread )
  0x00000133849d10c0 JavaThread "main" [_thread_blocked, id=18920, stack(0x0000001672d00000,0x0000001672e00000)]
  0x00000133a202fe20 JavaThread "Reference Handler" daemon [_thread_blocked, id=6820, stack(0x0000001673400000,0x0000001673500000)]
  0x00000133a20315d0 JavaThread "Finalizer" daemon [_thread_blocked, id=20544, stack(0x0000001673500000,0x0000001673600000)]
  0x00000133a204c510 JavaThread "Signal Dispatcher" daemon [_thread_blocked, id=2240, stack(0x0000001673600000,0x0000001673700000)]
  0x00000133a204f5c0 JavaThread "Attach Listener" daemon [_thread_blocked, id=23640, stack(0x0000001673700000,0x0000001673800000)]
  0x00000133a204fe90 JavaThread "Service Thread" daemon [_thread_blocked, id=21496, stack(0x0000001673800000,0x0000001673900000)]
  0x00000133a2050760 JavaThread "Monitor Deflation Thread" daemon [_thread_blocked, id=25168, stack(0x0000001673900000,0x0000001673a00000)]
  0x00000133a2055430 JavaThread "C2 CompilerThread0" daemon [_thread_in_native, id=14916, stack(0x0000001673a00000,0x0000001673b00000)]
  0x00000133a2168090 JavaThread "C1 CompilerThread0" daemon [_thread_blocked, id=20684, stack(0x0000001673b00000,0x0000001673c00000)]
  0x00000133a21685b0 JavaThread "Sweeper thread" daemon [_thread_blocked, id=25552, stack(0x0000001673c00000,0x0000001673d00000)]
  0x00000133a225ba00 JavaThread "Common-Cleaner" daemon [_thread_blocked, id=22120, stack(0x0000001673d00000,0x0000001673e00000)]
  0x00000133a2314ed0 JavaThread "Notification Thread" daemon [_thread_blocked, id=18480, stack(0x0000001673e00000,0x0000001673f00000)]
  0x00000133e8be6ae0 JavaThread "Daemon health stats" [_thread_blocked, id=17908, stack(0x0000001674100000,0x0000001674200000)]
  0x00000133a2792b00 JavaThread "Incoming local TCP Connector on port 8939" [_thread_in_native, id=13812, stack(0x0000001674700000,0x0000001674800000)]
  0x00000133e9457040 JavaThread "Daemon periodic checks" [_thread_blocked, id=21044, stack(0x0000001674800000,0x0000001674900000)]
  0x00000133e80dfd60 JavaThread "Cache worker for journal cache (C:\Users\LEGION\.gradle\caches\journal-1)" [_thread_blocked, id=23696, stack(0x0000001675000000,0x0000001675100000)]
  0x00000133e80e0270 JavaThread "File lock request listener" [_thread_in_native, id=19292, stack(0x0000001675100000,0x0000001675200000)]
  0x00000133e80e0780 JavaThread "Cache worker for file hash cache (C:\Users\LEGION\.gradle\caches\8.13\fileHashes)" [_thread_blocked, id=23368, stack(0x0000001675200000,0x0000001675300000)]
  0x00000133eb06c1d0 JavaThread "File watcher server" daemon [_thread_in_native, id=23840, stack(0x0000001675c00000,0x0000001675d00000)]
  0x00000133eb0703a0 JavaThread "File watcher consumer" daemon [_thread_blocked, id=25728, stack(0x0000001675d00000,0x0000001675e00000)]
  0x00000133eb06d610 JavaThread "jar transforms" [_thread_blocked, id=7876, stack(0x0000001675e00000,0x0000001675f00000)]
  0x00000133eb06cbf0 JavaThread "Cache worker for file content cache (C:\Users\LEGION\.gradle\caches\8.13\fileContent)" [_thread_blocked, id=23000, stack(0x0000001676000000,0x0000001676100000)]
  0x00000133eb070dc0 JavaThread "jar transforms Thread 2" [_thread_blocked, id=24056, stack(0x0000001676400000,0x0000001676500000)]
  0x00000133eb0712d0 JavaThread "jar transforms Thread 3" [_thread_blocked, id=9376, stack(0x0000001676500000,0x0000001676600000)]
  0x00000133ebe2a490 JavaThread "jar transforms Thread 4" [_thread_blocked, id=9308, stack(0x0000001678700000,0x0000001678800000)]
  0x00000133ebe2eb70 JavaThread "jar transforms Thread 5" [_thread_blocked, id=16168, stack(0x0000001678800000,0x0000001678900000)]
  0x00000133ebe2a9a0 JavaThread "jar transforms Thread 6" [_thread_blocked, id=5536, stack(0x0000001678900000,0x0000001678a00000)]
  0x00000133ebc3d2a0 JavaThread "Memory manager" [_thread_blocked, id=8584, stack(0x0000001678a00000,0x0000001678b00000)]
  0x00000133ebc3be60 JavaThread "pool-3-thread-1" [_thread_blocked, id=11808, stack(0x0000001678b00000,0x0000001678c00000)]
  0x00000133ee886e50 JavaThread "Cache worker for Java compile cache (C:\Users\LEGION\.gradle\caches\8.13\javaCompile)" [_thread_blocked, id=21008, stack(0x000000167f200000,0x000000167f300000)]
  0x00000133f016a700 JavaThread "Daemon Thread 2" [_thread_blocked, id=14944, stack(0x0000001600000000,0x0000001600100000)]
  0x00000133f016f800 JavaThread "Handler for socket connection from /127.0.0.1:8939 to /127.0.0.1:10642" [_thread_in_native, id=9900, stack(0x0000001600100000,0x0000001600200000)]
  0x00000133f016e3c0 JavaThread "Cancel handler" [_thread_blocked, id=23008, stack(0x0000001600200000,0x0000001600300000)]
  0x00000133f016e8d0 JavaThread "Daemon worker Thread 2" [_thread_blocked, id=24060, stack(0x0000001600300000,0x0000001600400000)]
  0x00000133f016deb0 JavaThread "Asynchronous log dispatcher for DefaultDaemonConnection: socket connection from /127.0.0.1:8939 to /127.0.0.1:10642" [_thread_blocked, id=12524, stack(0x0000001600400000,0x0000001600500000)]
  0x00000133f016a1f0 JavaThread "Stdin handler" [_thread_blocked, id=21952, stack(0x0000001600500000,0x0000001600600000)]
  0x00000133f016ca70 JavaThread "Daemon client event forwarder" [_thread_blocked, id=25340, stack(0x0000001600600000,0x0000001600700000)]
  0x00000133f016ede0 JavaThread "Cache worker for file hash cache (C:\Users\LEGION\Backgammon-game\.gradle\8.13\fileHashes)" [_thread_blocked, id=21548, stack(0x0000001600800000,0x0000001600900000)]
  0x00000133f016ac10 JavaThread "Cache worker for Build Output Cleanup Cache (C:\Users\LEGION\Backgammon-game\.gradle\buildOutputCleanup)" [_thread_blocked, id=22276, stack(0x0000001600900000,0x0000001600a00000)]
  0x00000133f016d490 JavaThread "Cache worker for checksums cache (C:\Users\LEGION\Backgammon-game\.gradle\8.13\checksums)" [_thread_blocked, id=15796, stack(0x0000001600a00000,0x0000001600b00000)]
  0x00000133f016c560 JavaThread "Cache worker for cache directory md-supplier (C:\Users\LEGION\.gradle\caches\8.13\md-supplier)" [_thread_blocked, id=10388, stack(0x0000001600b00000,0x0000001600c00000)]
  0x00000133f0168390 JavaThread "Cache worker for cache directory md-rule (C:\Users\LEGION\.gradle\caches\8.13\md-rule)" [_thread_blocked, id=11484, stack(0x0000001600c00000,0x0000001600d00000)]
  0x00000133f016d9a0 JavaThread "Problems report writer" [_thread_blocked, id=5860, stack(0x0000001600d00000,0x0000001600e00000)]
  0x00000133f016bb40 JavaThread "Unconstrained build operations" [_thread_blocked, id=25564, stack(0x0000001600e00000,0x0000001600f00000)]
  0x00000133f016f2f0 JavaThread "Unconstrained build operations Thread 2" [_thread_blocked, id=8124, stack(0x0000001600f00000,0x0000001601000000)]
  0x00000133f016b120 JavaThread "Unconstrained build operations Thread 3" [_thread_blocked, id=10824, stack(0x0000001601000000,0x0000001601100000)]
  0x00000133f01697d0 JavaThread "Unconstrained build operations Thread 4" [_thread_blocked, id=4004, stack(0x0000001601100000,0x0000001601200000)]
  0x00000133f016c050 JavaThread "Unconstrained build operations Thread 5" [_thread_blocked, id=21644, stack(0x0000001601200000,0x0000001601300000)]
  0x00000133f016fd10 JavaThread "Unconstrained build operations Thread 6" [_thread_blocked, id=24340, stack(0x0000001601300000,0x0000001601400000)]
  0x00000133f01688a0 JavaThread "Unconstrained build operations Thread 7" [_thread_blocked, id=17500, stack(0x0000001601400000,0x0000001601500000)]
  0x00000133f0170220 JavaThread "Unconstrained build operations Thread 8" [_thread_blocked, id=1200, stack(0x0000001601600000,0x0000001601700000)]
  0x00000133f0168db0 JavaThread "Unconstrained build operations Thread 9" [_thread_blocked, id=13936, stack(0x0000001601700000,0x0000001601800000)]
  0x00000133f0170730 JavaThread "Unconstrained build operations Thread 10" [_thread_blocked, id=9732, stack(0x0000001601800000,0x0000001601900000)]
  0x00000133f0171150 JavaThread "Unconstrained build operations Thread 11" [_thread_blocked, id=23528, stack(0x0000001601900000,0x0000001601a00000)]
  0x00000133f0172fb0 JavaThread "Unconstrained build operations Thread 12" [_thread_blocked, id=25120, stack(0x0000001601a00000,0x0000001601b00000)]
  0x00000133f0176760 JavaThread "Unconstrained build operations Thread 13" [_thread_blocked, id=14080, stack(0x0000001601b00000,0x0000001601c00000)]
  0x00000133f01734c0 JavaThread "Unconstrained build operations Thread 14" [_thread_blocked, id=23964, stack(0x0000001601c00000,0x0000001601d00000)]
  0x00000133f0175d40 JavaThread "Unconstrained build operations Thread 15" [_thread_blocked, id=21720, stack(0x0000001601d00000,0x0000001601e00000)]
  0x00000133f0176250 JavaThread "Unconstrained build operations Thread 16" [_thread_blocked, id=21948, stack(0x0000001601e00000,0x0000001601f00000)]
  0x00000133f01739d0 JavaThread "Unconstrained build operations Thread 17" [_thread_blocked, id=22996, stack(0x0000001601f00000,0x0000001602000000)]
  0x00000133f0174900 JavaThread "Unconstrained build operations Thread 18" [_thread_blocked, id=21072, stack(0x0000001602000000,0x0000001602100000)]
  0x00000133f0177ba0 JavaThread "Unconstrained build operations Thread 19" [_thread_blocked, id=23260, stack(0x0000001602100000,0x0000001602200000)]
  0x00000133f0171660 JavaThread "Unconstrained build operations Thread 20" [_thread_blocked, id=9592, stack(0x0000001602200000,0x0000001602300000)]
  0x00000133f0172080 JavaThread "Unconstrained build operations Thread 21" [_thread_blocked, id=8360, stack(0x0000001602300000,0x0000001602400000)]
  0x00000133f0173ee0 JavaThread "Unconstrained build operations Thread 22" [_thread_blocked, id=26132, stack(0x0000001602400000,0x0000001602500000)]
  0x00000133f0177180 JavaThread "pool-7-thread-1" [_thread_blocked, id=18712, stack(0x0000001602500000,0x0000001602600000)]
  0x00000133f0176c70 JavaThread "build event listener" [_thread_blocked, id=11040, stack(0x0000001602600000,0x0000001602700000)]
  0x00000133f0172aa0 JavaThread "included builds" [_thread_blocked, id=22044, stack(0x0000001602700000,0x0000001602800000)]
  0x00000133f0172590 JavaThread "Execution worker" [_thread_blocked, id=18468, stack(0x0000001602800000,0x0000001602900000)]
  0x00000133f0175320 JavaThread "Execution worker Thread 2" [_thread_blocked, id=21168, stack(0x0000001602900000,0x0000001602a00000)]
  0x00000133f0175830 JavaThread "Execution worker Thread 3" [_thread_blocked, id=2540, stack(0x0000001602a00000,0x0000001602b00000)]
  0x00000133f0177690 JavaThread "Execution worker Thread 4" [_thread_blocked, id=16196, stack(0x0000001602b00000,0x0000001602c00000)]
  0x00000133f0170c40 JavaThread "Execution worker Thread 5" [_thread_blocked, id=22316, stack(0x0000001602c00000,0x0000001602d00000)]
  0x00000133ef800e90 JavaThread "Execution worker Thread 6" [_thread_blocked, id=23740, stack(0x0000001602d00000,0x0000001602e00000)]
  0x00000133ef8013a0 JavaThread "Execution worker Thread 7" [_thread_blocked, id=20664, stack(0x0000001602e00000,0x0000001602f00000)]
  0x00000133ef7fd6e0 JavaThread "Execution worker Thread 8" [_thread_blocked, id=24292, stack(0x0000001602f00000,0x0000001603000000)]
  0x00000133ef7fff60 JavaThread "Execution worker Thread 9" [_thread_blocked, id=23500, stack(0x0000001603000000,0x0000001603100000)]
  0x00000133ef800980 JavaThread "Execution worker Thread 10" [_thread_blocked, id=22560, stack(0x0000001603100000,0x0000001603200000)]
  0x00000133ef7ff030 JavaThread "Execution worker Thread 11" [_thread_blocked, id=1708, stack(0x0000001603200000,0x0000001603300000)]
  0x00000133ef801dc0 JavaThread "Cache worker for execution history cache (C:\Users\LEGION\Backgammon-game\.gradle\8.13\executionHistory)" [_thread_blocked, id=17296, stack(0x0000001603300000,0x0000001603400000)]
  0x00000133ef7fdbf0 JavaThread "Unconstrained build operations Thread 23" [_thread_blocked, id=18252, stack(0x0000001603400000,0x0000001603500000)]
  0x00000133ef7fccc0 JavaThread "Unconstrained build operations Thread 24" [_thread_blocked, id=6720, stack(0x0000001603500000,0x0000001603600000)]
  0x00000133ef7fd1d0 JavaThread "Unconstrained build operations Thread 25" [_thread_blocked, id=23736, stack(0x0000001603600000,0x0000001603700000)]
  0x00000133ef800470 JavaThread "Unconstrained build operations Thread 26" [_thread_blocked, id=24324, stack(0x0000001603700000,0x0000001603800000)]
  0x00000133ef7fe100 JavaThread "Unconstrained build operations Thread 27" [_thread_blocked, id=24256, stack(0x0000001603800000,0x0000001603900000)]
  0x00000133ef803200 JavaThread "Unconstrained build operations Thread 28" [_thread_blocked, id=9532, stack(0x0000001603900000,0x0000001603a00000)]
  0x00000133ef8022d0 JavaThread "Unconstrained build operations Thread 29" [_thread_blocked, id=17480, stack(0x0000001603a00000,0x0000001603b00000)]
  0x00000133ef8027e0 JavaThread "Unconstrained build operations Thread 30" [_thread_blocked, id=25292, stack(0x0000001603b00000,0x0000001603c00000)]
  0x00000133ef7fc7b0 JavaThread "Unconstrained build operations Thread 31" [_thread_blocked, id=18704, stack(0x0000001603c00000,0x0000001603d00000)]
  0x00000133ef7ff540 JavaThread "Unconstrained build operations Thread 32" [_thread_blocked, id=22236, stack(0x0000001603d00000,0x0000001603e00000)]
  0x00000133ef7fe610 JavaThread "Unconstrained build operations Thread 33" [_thread_blocked, id=23336, stack(0x0000001603e00000,0x0000001603f00000)]
  0x00000133ef7ffa50 JavaThread "WorkerExecutor Queue" [_thread_blocked, id=19856, stack(0x0000001603f00000,0x0000001604000000)]
  0x00000133ef802cf0 JavaThread "WorkerExecutor Queue Thread 2" [_thread_blocked, id=15336, stack(0x0000001604000000,0x0000001604100000)]
  0x00000133ef803710 JavaThread "WorkerExecutor Queue Thread 3" [_thread_blocked, id=20936, stack(0x0000001604100000,0x0000001604200000)]
  0x00000133ef7fc2a0 JavaThread "WorkerExecutor Queue Thread 4" [_thread_blocked, id=20784, stack(0x0000001604200000,0x0000001604300000)]
  0x00000133ef803c20 JavaThread "WorkerExecutor Queue Thread 5" [_thread_blocked, id=14048, stack(0x0000001604300000,0x0000001604400000)]
  0x00000133ee88d390 JavaThread "WorkerExecutor Queue Thread 6" [_thread_blocked, id=21352, stack(0x0000001604400000,0x0000001604500000)]
  0x00000133ee88d8a0 JavaThread "WorkerExecutor Queue Thread 7" [_thread_blocked, id=22572, stack(0x0000001604500000,0x0000001604600000)]
  0x00000133ee8891c0 JavaThread "WorkerExecutor Queue Thread 8" [_thread_blocked, id=21240, stack(0x0000001604600000,0x0000001604700000)]
  0x00000133ee88b530 JavaThread "WorkerExecutor Queue Thread 9" [_thread_blocked, id=21016, stack(0x0000001604700000,0x0000001604800000)]
  0x00000133ee887360 JavaThread "WorkerExecutor Queue Thread 10" [_thread_blocked, id=25896, stack(0x0000001604800000,0x0000001604900000)]
  0x00000133ee886940 JavaThread "WorkerExecutor Queue Thread 11" [_thread_in_Java, id=20940, stack(0x0000001604900000,0x0000001604a00000)]
  0x00000133ee88e2c0 JavaThread "WorkerExecutor Queue Thread 12" [_thread_blocked, id=3712, stack(0x0000001604a00000,0x0000001604b00000)]
  0x00000133ee887870 JavaThread "Unconstrained build operations Thread 34" [_thread_blocked, id=24116, stack(0x0000001604b00000,0x0000001604c00000)]
  0x00000133ee88b020 JavaThread "pool-8-thread-1" [_thread_blocked, id=22812, stack(0x0000001604c00000,0x0000001604d00000)]
  0x00000133ee888290 JavaThread "stderr" [_thread_in_native, id=22968, stack(0x0000001604d00000,0x0000001604e00000)]
  0x00000133ee8896d0 JavaThread "stdout" [_thread_in_native, id=5512, stack(0x0000001604e00000,0x0000001604f00000)]
  0x00000133ee88a600 JavaThread "Unconstrained build operations Thread 35" [_thread_blocked, id=22928, stack(0x0000001604f00000,0x0000001605000000)]
  0x00000133ee88a0f0 JavaThread "Unconstrained build operations Thread 36" [_thread_blocked, id=26448, stack(0x0000001605000000,0x0000001605100000)]
  0x00000133ee88bf50 JavaThread "Unconstrained build operations Thread 37" [_thread_blocked, id=16212, stack(0x0000001605100000,0x0000001605200000)]
  0x00000133ee889be0 JavaThread "Unconstrained build operations Thread 38" [_thread_blocked, id=16092, stack(0x0000001605200000,0x0000001605300000)]
  0x00000133ee888cb0 JavaThread "Unconstrained build operations Thread 39" [_thread_blocked, id=24472, stack(0x0000001605300000,0x0000001605400000)]
  0x00000133ee88ab10 JavaThread "Unconstrained build operations Thread 40" [_thread_blocked, id=24204, stack(0x0000001605400000,0x0000001605500000)]
  0x00000133ee88ba40 JavaThread "Unconstrained build operations Thread 41" [_thread_blocked, id=7204, stack(0x0000001605500000,0x0000001605600000)]
  0x00000133ee88c460 JavaThread "Unconstrained build operations Thread 42" [_thread_blocked, id=25708, stack(0x0000001605600000,0x0000001605700000)]
  0x00000133ebe28120 JavaThread "Unconstrained build operations Thread 43" [_thread_blocked, id=19844, stack(0x0000001605700000,0x0000001605800000)]
  0x00000133ebe29f80 JavaThread "Build operations" [_thread_blocked, id=3916, stack(0x0000001605800000,0x0000001605900000)]
  0x00000133ebe2d730 JavaThread "Build operations Thread 2" [_thread_blocked, id=8768, stack(0x0000001605900000,0x0000001605a00000)]
  0x00000133ebe2dc40 JavaThread "Build operations Thread 3" [_thread_blocked, id=7416, stack(0x0000001605a00000,0x0000001605b00000)]
  0x00000133ebe28630 JavaThread "Build operations Thread 4" [_thread_blocked, id=23932, stack(0x0000001605b00000,0x0000001605c00000)]
  0x00000133ebe28b40 JavaThread "Build operations Thread 5" [_thread_blocked, id=23948, stack(0x0000001605c00000,0x0000001605d00000)]
  0x00000133ebe2e150 JavaThread "Build operations Thread 6" [_thread_blocked, id=21624, stack(0x0000001605d00000,0x0000001605e00000)]
  0x00000133ebe2aeb0 JavaThread "Build operations Thread 7" [_thread_blocked, id=19568, stack(0x0000001605e00000,0x0000001605f00000)]
  0x00000133ebe2bde0 JavaThread "Build operations Thread 8" [_thread_blocked, id=4868, stack(0x0000001605f00000,0x0000001606000000)]
  0x00000133ebe2b3c0 JavaThread "Build operations Thread 9" [_thread_blocked, id=15960, stack(0x0000001606000000,0x0000001606100000)]
  0x00000133ebe29050 JavaThread "Build operations Thread 10" [_thread_blocked, id=21708, stack(0x0000001606100000,0x0000001606200000)]
  0x00000133ebe2b8d0 JavaThread "Build operations Thread 11" [_thread_blocked, id=18004, stack(0x0000001606200000,0x0000001606300000)]
  0x00000133ebe29560 JavaThread "Unconstrained build operations Thread 44" [_thread_blocked, id=13496, stack(0x0000001606300000,0x0000001606400000)]
  0x00000133ebe29a70 JavaThread "Unconstrained build operations Thread 45" [_thread_blocked, id=24888, stack(0x0000001606400000,0x0000001606500000)]
  0x00000133ebe2d220 JavaThread "Unconstrained build operations Thread 46" [_thread_blocked, id=23924, stack(0x0000001606500000,0x0000001606600000)]
  0x00000133ebe2e660 JavaThread "Unconstrained build operations Thread 47" [_thread_blocked, id=15212, stack(0x0000001606600000,0x0000001606700000)]
  0x00000133ebe2c800 JavaThread "Unconstrained build operations Thread 48" [_thread_blocked, id=25324, stack(0x0000001606700000,0x0000001606800000)]
  0x00000133ebe2cd10 JavaThread "Unconstrained build operations Thread 49" [_thread_blocked, id=6992, stack(0x0000001606800000,0x0000001606900000)]
  0x00000133ed23b280 JavaThread "Unconstrained build operations Thread 50" [_thread_blocked, id=25196, stack(0x0000001606900000,0x0000001606a00000)]
  0x00000133ed239e40 JavaThread "Unconstrained build operations Thread 51" [_thread_blocked, id=22164, stack(0x0000001606a00000,0x0000001606b00000)]
  0x00000133ed23e010 JavaThread "Unconstrained build operations Thread 52" [_thread_blocked, id=22772, stack(0x0000001606b00000,0x0000001606c00000)]
  0x00000133ed23ad70 JavaThread "Unconstrained build operations Thread 53" [_thread_blocked, id=2928, stack(0x0000001606c00000,0x0000001606d00000)]
  0x00000133ed240890 JavaThread "Unconstrained build operations Thread 54" [_thread_blocked, id=24536, stack(0x0000001606d00000,0x0000001606e00000)]
  0x00000133ed23fe70 JavaThread "Unconstrained build operations Thread 55" [_thread_blocked, id=22320, stack(0x0000001606e00000,0x0000001606f00000)]
  0x00000133ed23cbd0 JavaThread "Unconstrained build operations Thread 56" [_thread_blocked, id=7528, stack(0x0000001606f00000,0x0000001607000000)]
  0x00000133ed23e520 JavaThread "Unconstrained build operations Thread 57" [_thread_blocked, id=6412, stack(0x0000001607000000,0x0000001607100000)]
  0x00000133ed239420 JavaThread "Unconstrained build operations Thread 58" [_thread_blocked, id=25736, stack(0x0000001607100000,0x0000001607200000)]
  0x00000133ed23bca0 JavaThread "Unconstrained build operations Thread 59" [_thread_blocked, id=22792, stack(0x0000001607200000,0x0000001607300000)]
  0x00000133ed23c1b0 JavaThread "Unconstrained build operations Thread 60" [_thread_blocked, id=25684, stack(0x0000001607300000,0x0000001607400000)]
  0x00000133ed23ea30 JavaThread "Unconstrained build operations Thread 61" [_thread_blocked, id=6784, stack(0x0000001607400000,0x0000001607500000)]
  0x00000133ed23ef40 JavaThread "Unconstrained build operations Thread 62" [_thread_blocked, id=16740, stack(0x0000001607500000,0x0000001607600000)]
  0x00000133ed23f450 JavaThread "Unconstrained build operations Thread 63" [_thread_blocked, id=25456, stack(0x0000001607600000,0x0000001607700000)]
  0x00000133ed23f960 JavaThread "Unconstrained build operations Thread 64" [_thread_blocked, id=2224, stack(0x0000001607700000,0x0000001607800000)]
  0x00000133eb06b7b0 JavaThread "Unconstrained build operations Thread 65" [_thread_blocked, id=6744, stack(0x0000001607800000,0x0000001607900000)]
  0x00000133eb06ef60 JavaThread "Unconstrained build operations Thread 66" [_thread_blocked, id=23604, stack(0x0000001607900000,0x0000001607a00000)]
  0x00000133eb06b2a0 JavaThread "Unconstrained build operations Thread 67" [_thread_blocked, id=16956, stack(0x0000001607a00000,0x0000001607b00000)]
  0x00000133eb0717e0 JavaThread "Unconstrained build operations Thread 68" [_thread_blocked, id=22368, stack(0x0000001607b00000,0x0000001607c00000)]
  0x00000133eb06fe90 JavaThread "Unconstrained build operations Thread 69" [_thread_blocked, id=3664, stack(0x0000001607c00000,0x0000001607d00000)]
  0x00000133eb06f980 JavaThread "Unconstrained build operations Thread 70" [_thread_blocked, id=24548, stack(0x0000001607d00000,0x0000001607e00000)]
  0x00000133eb0708b0 JavaThread "Unconstrained build operations Thread 71" [_thread_blocked, id=9044, stack(0x0000001607e00000,0x0000001607f00000)]
  0x00000133eb06bcc0 JavaThread "Unconstrained build operations Thread 72" [_thread_blocked, id=12816, stack(0x0000001607f00000,0x0000001608000000)]
  0x00000133eb072710 JavaThread "Unconstrained build operations Thread 73" [_thread_blocked, id=14580, stack(0x0000001608000000,0x0000001608100000)]
  0x00000133ebc38bc0 JavaThread "Unconstrained build operations Thread 74" [_thread_blocked, id=3220, stack(0x0000001608100000,0x0000001608200000)]
  0x00000133ebc3fb20 JavaThread "Unconstrained build operations Thread 75" [_thread_blocked, id=11568, stack(0x0000001608200000,0x0000001608300000)]
  0x00000133ebc3aa20 JavaThread "Unconstrained build operations Thread 76" [_thread_blocked, id=18536, stack(0x0000001608300000,0x0000001608400000)]
  0x00000133ebc3b440 JavaThread "Unconstrained build operations Thread 77" [_thread_blocked, id=15776, stack(0x0000001608400000,0x0000001608500000)]
  0x00000133ebc40030 JavaThread "Unconstrained build operations Thread 78" [_thread_blocked, id=15512, stack(0x0000001608500000,0x0000001608600000)]
  0x00000133ebc395e0 JavaThread "Unconstrained build operations Thread 79" [_thread_blocked, id=292, stack(0x0000001608600000,0x0000001608700000)]
  0x00000133ebc39af0 JavaThread "Unconstrained build operations Thread 80" [_thread_blocked, id=25096, stack(0x0000001608700000,0x0000001608800000)]
  0x00000133ebc3a000 JavaThread "Unconstrained build operations Thread 81" [_thread_blocked, id=25780, stack(0x0000001608800000,0x0000001608900000)]
  0x00000133ebc3a510 JavaThread "Unconstrained build operations Thread 82" [_thread_blocked, id=20284, stack(0x0000001608900000,0x0000001608a00000)]
  0x00000133ebc3c880 JavaThread "Unconstrained build operations Thread 83" [_thread_blocked, id=26596, stack(0x0000001608a00000,0x0000001608b00000)]
  0x00000133e80dee30 JavaThread "Unconstrained build operations Thread 84" [_thread_blocked, id=14476, stack(0x0000001608b00000,0x0000001608c00000)]
  0x00000133e80e11a0 JavaThread "Unconstrained build operations Thread 85" [_thread_blocked, id=13728, stack(0x0000001608c00000,0x0000001608d00000)]
  0x00000133e80df850 JavaThread "Unconstrained build operations Thread 86" [_thread_blocked, id=5772, stack(0x0000001608d00000,0x0000001608e00000)]
  0x00000133e80e25e0 JavaThread "Unconstrained build operations Thread 87" [_thread_blocked, id=1916, stack(0x0000001608e00000,0x0000001608f00000)]
  0x00000133e80df340 JavaThread "Unconstrained build operations Thread 88" [_thread_blocked, id=6384, stack(0x0000001608f00000,0x0000001609000000)]
  0x00000133e80e16b0 JavaThread "Unconstrained build operations Thread 89" [_thread_blocked, id=22232, stack(0x0000001609000000,0x0000001609100000)]
  0x00000133e80e1bc0 JavaThread "Unconstrained build operations Thread 90" [_thread_blocked, id=22508, stack(0x0000001609100000,0x0000001609200000)]
  0x00000133eb06c6e0 JavaThread "Unconstrained build operations Thread 91" [_thread_blocked, id=21216, stack(0x0000001609200000,0x0000001609300000)]
  0x00000133ee0b29b0 JavaThread "Unconstrained build operations Thread 92" [_thread_blocked, id=22048, stack(0x0000001609300000,0x0000001609400000)]
  0x00000133ee0b75a0 JavaThread "Unconstrained build operations Thread 93" [_thread_blocked, id=12516, stack(0x0000001609400000,0x0000001609500000)]
  0x00000133ee0b2ec0 JavaThread "Unconstrained build operations Thread 94" [_thread_blocked, id=11640, stack(0x0000001609500000,0x0000001609600000)]
  0x00000133ee0b5230 JavaThread "Unconstrained build operations Thread 95" [_thread_blocked, id=8772, stack(0x0000001609600000,0x0000001609700000)]
  0x00000133ee0b1060 JavaThread "Unconstrained build operations Thread 96" [_thread_blocked, id=23828, stack(0x0000001609700000,0x0000001609800000)]
  0x00000133ee0b84d0 JavaThread "Unconstrained build operations Thread 97" [_thread_blocked, id=7032, stack(0x0000001609800000,0x0000001609900000)]
  0x00000133ee0b7090 JavaThread "Java2D Disposer" daemon [_thread_blocked, id=19492, stack(0x0000001600700000,0x0000001600800000)]
  0x00000133ee0b6160 JavaThread "AWT-Windows" daemon [_thread_in_native, id=20344, stack(0x0000001609a00000,0x0000001609b00000)]
  0x00000133ee0b89e0 JavaThread "DefaultDispatcher-worker-1" daemon [_thread_blocked, id=688, stack(0x0000001609d00000,0x0000001609e00000)]
  0x00000133ee0b38e0 JavaThread "DefaultDispatcher-worker-2" daemon [_thread_blocked, id=14880, stack(0x0000001609e00000,0x0000001609f00000)]
  0x00000133ee0b4810 JavaThread "DefaultDispatcher-worker-3" daemon [_thread_blocked, id=13708, stack(0x0000001609f00000,0x000000160a000000)]
  0x00000133ee0b6670 JavaThread "DefaultDispatcher-worker-4" daemon [_thread_blocked, id=19928, stack(0x000000160a000000,0x000000160a100000)]
  0x00000133ee0b1a80 JavaThread "DefaultDispatcher-worker-5" daemon [_thread_blocked, id=17952, stack(0x000000160a100000,0x000000160a200000)]
  0x00000133ee0b9400 JavaThread "DefaultDispatcher-worker-6" daemon [_thread_blocked, id=10116, stack(0x000000160a200000,0x000000160a300000)]
=>0x00000133eebc98c0 JavaThread "C2 CompilerThread1" daemon [_thread_in_native, id=14040, stack(0x000000160a300000,0x000000160a400000)]
  0x00000133ed13e080 JavaThread "C2 CompilerThread2" daemon [_thread_in_native, id=2160, stack(0x0000001609900000,0x0000001609a00000)]
  0x00000133ee0bcbb0 JavaThread "Periodic tasks thread" daemon [_thread_blocked, id=25088, stack(0x0000001609c00000,0x0000001609d00000)]
  0x00000133ee0bd0c0 JavaThread "ApplicationImpl pooled thread 1" [_thread_blocked, id=15908, stack(0x000000160a400000,0x000000160a500000)]

Other Threads:
  0x00000133a202c980 VMThread "VM Thread" [stack: 0x0000001673300000,0x0000001673400000] [id=13056]
  0x00000133849d1f90 WatcherThread [stack: 0x0000001673f00000,0x0000001674000000] [id=19040]
  0x0000013384a1dd40 GCTaskThread "GC Thread#0" [stack: 0x0000001672e00000,0x0000001672f00000] [id=7804]
  0x00000133a28000b0 GCTaskThread "GC Thread#1" [stack: 0x0000001674200000,0x0000001674300000] [id=8384]
  0x00000133a2974510 GCTaskThread "GC Thread#2" [stack: 0x0000001674300000,0x0000001674400000] [id=21628]
  0x00000133a23f8940 GCTaskThread "GC Thread#3" [stack: 0x0000001674400000,0x0000001674500000] [id=24156]
  0x00000133a29a9420 GCTaskThread "GC Thread#4" [stack: 0x0000001674500000,0x0000001674600000] [id=24692]
  0x00000133a24750e0 GCTaskThread "GC Thread#5" [stack: 0x0000001674600000,0x0000001674700000] [id=25076]
  0x00000133a2d5cf10 GCTaskThread "GC Thread#6" [stack: 0x0000001675600000,0x0000001675700000] [id=13356]
  0x00000133a2d5e510 GCTaskThread "GC Thread#7" [stack: 0x0000001675700000,0x0000001675800000] [id=26100]
  0x00000133a2d5dcd0 GCTaskThread "GC Thread#8" [stack: 0x0000001675800000,0x0000001675900000] [id=15856]
  0x00000133a2d5d750 GCTaskThread "GC Thread#9" [stack: 0x0000001675900000,0x0000001675a00000] [id=14412]
  0x0000013384a2bbb0 ConcurrentGCThread "G1 Main Marker" [stack: 0x0000001672f00000,0x0000001673000000] [id=1540]
  0x0000013384a2c4e0 ConcurrentGCThread "G1 Conc#0" [stack: 0x0000001673000000,0x0000001673100000] [id=14712]
  0x00000133a2d5da10 ConcurrentGCThread "G1 Conc#1" [stack: 0x0000001675a00000,0x0000001675b00000] [id=16056]
  0x00000133a2d5df90 ConcurrentGCThread "G1 Conc#2" [stack: 0x0000001675b00000,0x0000001675c00000] [id=16892]
  0x0000013384a8e7d0 ConcurrentGCThread "G1 Refine#0" [stack: 0x0000001673100000,0x0000001673200000] [id=23172]
  0x00000133ed237710 ConcurrentGCThread "G1 Refine#1" [stack: 0x0000001601500000,0x0000001601600000] [id=9488]
  0x00000133a1ee8300 ConcurrentGCThread "G1 Service" [stack: 0x0000001673200000,0x0000001673300000] [id=20512]

Threads with active compile tasks:
C2 CompilerThread0  974689 30686 %     4       groovyjarjarantlr4.v4.runtime.atn.ParserATNSimulator::computeTargetState @ 190 (617 bytes)
C2 CompilerThread1  974689 30436       4       groovyjarjarantlr4.v4.runtime.atn.PredictionContext::join (569 bytes)
C2 CompilerThread2  974689 30606       4       groovyjarjarantlr4.v4.runtime.atn.PredictionContext::getCachedContext (297 bytes)

VM state: not at safepoint (normal execution)

VM Mutex/Monitor currently owned by a thread: None

Heap address: 0x00000000a0000000, size: 1536 MB, Compressed Oops mode: 32-bit

CDS archive(s) mapped at: [0x00000133a3000000-0x00000133a3bb0000-0x00000133a3bb0000), size 12255232, SharedBaseAddress: 0x00000133a3000000, ArchiveRelocationMode: 1.
Compressed class space mapped at: 0x00000133a4000000-0x00000133e4000000, reserved size: 1073741824
Narrow klass base: 0x00000133a3000000, Narrow klass shift: 0, Narrow klass range: 0x100000000

GC Precious Log:
 CPUs: 12 total, 12 available
 Memory: 16251M
 Large Page Support: Disabled
 NUMA Support: Disabled
 Compressed Oops: Enabled (32-bit)
 Heap Region Size: 1M
 Heap Min Capacity: 8M
 Heap Initial Capacity: 254M
 Heap Max Capacity: 1536M
 Pre-touch: Disabled
 Parallel Workers: 10
 Concurrent Workers: 3
 Concurrent Refinement Workers: 10
 Periodic GC: Disabled

Heap:
 garbage-first heap   total 370688K, used 300400K [0x00000000a0000000, 0x0000000100000000)
  region size 1024K, 82 young (83968K), 5 survivors (5120K)
 Metaspace       used 203197K, committed 204352K, reserved 1245184K
  class space    used 24963K, committed 25536K, reserved 1048576K

Heap Regions: E=young(eden), S=young(survivor), O=old, HS=humongous(starts), HC=humongous(continues), CS=collection set, F=free, OA=open archive, CA=closed archive, TAMS=top-at-mark-start (previous, next)
|   0|0x00000000a0000000, 0x00000000a0100000, 0x00000000a0100000|100%|HS|  |TAMS 0x00000000a0100000, 0x00000000a0000000| Complete 
|   1|0x00000000a0100000, 0x00000000a0200000, 0x00000000a0200000|100%|HC|  |TAMS 0x00000000a0200000, 0x00000000a0100000| Complete 
|   2|0x00000000a0200000, 0x00000000a0300000, 0x00000000a0300000|100%|HC|  |TAMS 0x00000000a0300000, 0x00000000a0200000| Complete 
|   3|0x00000000a0300000, 0x00000000a0400000, 0x00000000a0400000|100%| O|  |TAMS 0x00000000a0400000, 0x00000000a0300000| Untracked 
|   4|0x00000000a0400000, 0x00000000a0500000, 0x00000000a0500000|100%| O|  |TAMS 0x00000000a0500000, 0x00000000a0400000| Untracked 
|   5|0x00000000a0500000, 0x00000000a0600000, 0x00000000a0600000|100%| O|  |TAMS 0x00000000a0600000, 0x00000000a0500000| Untracked 
|   6|0x00000000a0600000, 0x00000000a0700000, 0x00000000a0700000|100%|HS|  |TAMS 0x00000000a0700000, 0x00000000a0600000| Complete 
|   7|0x00000000a0700000, 0x00000000a0800000, 0x00000000a0800000|100%| O|  |TAMS 0x00000000a0800000, 0x00000000a0700000| Untracked 
|   8|0x00000000a0800000, 0x00000000a0900000, 0x00000000a0900000|100%| O|  |TAMS 0x00000000a0900000, 0x00000000a0800000| Untracked 
|   9|0x00000000a0900000, 0x00000000a0a00000, 0x00000000a0a00000|100%| O|  |TAMS 0x00000000a0a00000, 0x00000000a0900000| Untracked 
|  10|0x00000000a0a00000, 0x00000000a0b00000, 0x00000000a0b00000|100%| O|  |TAMS 0x00000000a0b00000, 0x00000000a0a00000| Untracked 
|  11|0x00000000a0b00000, 0x00000000a0c00000, 0x00000000a0c00000|100%| O|  |TAMS 0x00000000a0c00000, 0x00000000a0b00000| Untracked 
|  12|0x00000000a0c00000, 0x00000000a0d00000, 0x00000000a0d00000|100%| O|  |TAMS 0x00000000a0d00000, 0x00000000a0c00000| Untracked 
|  13|0x00000000a0d00000, 0x00000000a0e00000, 0x00000000a0e00000|100%| O|  |TAMS 0x00000000a0e00000, 0x00000000a0d00000| Untracked 
|  14|0x00000000a0e00000, 0x00000000a0f00000, 0x00000000a0f00000|100%| O|  |TAMS 0x00000000a0f00000, 0x00000000a0e00000| Untracked 
|  15|0x00000000a0f00000, 0x00000000a1000000, 0x00000000a1000000|100%| O|  |TAMS 0x00000000a1000000, 0x00000000a0f00000| Untracked 
|  16|0x00000000a1000000, 0x00000000a1100000, 0x00000000a1100000|100%| O|  |TAMS 0x00000000a1100000, 0x00000000a1000000| Untracked 
|  17|0x00000000a1100000, 0x00000000a1200000, 0x00000000a1200000|100%| O|  |TAMS 0x00000000a1200000, 0x00000000a1100000| Untracked 
|  18|0x00000000a1200000, 0x00000000a1300000, 0x00000000a1300000|100%| O|  |TAMS 0x00000000a1300000, 0x00000000a1200000| Untracked 
|  19|0x00000000a1300000, 0x00000000a1400000, 0x00000000a1400000|100%| O|  |TAMS 0x00000000a1400000, 0x00000000a1300000| Untracked 
|  20|0x00000000a1400000, 0x00000000a1500000, 0x00000000a1500000|100%| O|  |TAMS 0x00000000a1500000, 0x00000000a1400000| Untracked 
|  21|0x00000000a1500000, 0x00000000a1600000, 0x00000000a1600000|100%| O|  |TAMS 0x00000000a1600000, 0x00000000a1500000| Untracked 
|  22|0x00000000a1600000, 0x00000000a1700000, 0x00000000a1700000|100%| O|  |TAMS 0x00000000a1700000, 0x00000000a1600000| Untracked 
|  23|0x00000000a1700000, 0x00000000a1800000, 0x00000000a1800000|100%| O|  |TAMS 0x00000000a1800000, 0x00000000a1700000| Untracked 
|  24|0x00000000a1800000, 0x00000000a1900000, 0x00000000a1900000|100%| O|  |TAMS 0x00000000a1900000, 0x00000000a1800000| Untracked 
|  25|0x00000000a1900000, 0x00000000a1a00000, 0x00000000a1a00000|100%| O|  |TAMS 0x00000000a1a00000, 0x00000000a1900000| Untracked 
|  26|0x00000000a1a00000, 0x00000000a1b00000, 0x00000000a1b00000|100%| O|  |TAMS 0x00000000a1b00000, 0x00000000a1a00000| Untracked 
|  27|0x00000000a1b00000, 0x00000000a1c00000, 0x00000000a1c00000|100%| O|  |TAMS 0x00000000a1c00000, 0x00000000a1b00000| Untracked 
|  28|0x00000000a1c00000, 0x00000000a1d00000, 0x00000000a1d00000|100%| O|  |TAMS 0x00000000a1d00000, 0x00000000a1c00000| Untracked 
|  29|0x00000000a1d00000, 0x00000000a1e00000, 0x00000000a1e00000|100%| O|  |TAMS 0x00000000a1e00000, 0x00000000a1d00000| Untracked 
|  30|0x00000000a1e00000, 0x00000000a1f00000, 0x00000000a1f00000|100%| O|  |TAMS 0x00000000a1f00000, 0x00000000a1e00000| Untracked 
|  31|0x00000000a1f00000, 0x00000000a2000000, 0x00000000a2000000|100%| O|  |TAMS 0x00000000a2000000, 0x00000000a1f00000| Untracked 
|  32|0x00000000a2000000, 0x00000000a2100000, 0x00000000a2100000|100%| O|  |TAMS 0x00000000a2100000, 0x00000000a2000000| Untracked 
|  33|0x00000000a2100000, 0x00000000a2200000, 0x00000000a2200000|100%| O|  |TAMS 0x00000000a2200000, 0x00000000a2100000| Untracked 
|  34|0x00000000a2200000, 0x00000000a2300000, 0x00000000a2300000|100%| O|  |TAMS 0x00000000a2300000, 0x00000000a2200000| Untracked 
|  35|0x00000000a2300000, 0x00000000a2400000, 0x00000000a2400000|100%| O|  |TAMS 0x00000000a2400000, 0x00000000a2300000| Untracked 
|  36|0x00000000a2400000, 0x00000000a2500000, 0x00000000a2500000|100%| O|  |TAMS 0x00000000a2500000, 0x00000000a2400000| Untracked 
|  37|0x00000000a2500000, 0x00000000a2600000, 0x00000000a2600000|100%| O|  |TAMS 0x00000000a2500000, 0x00000000a2500000| Untracked 
|  38|0x00000000a2600000, 0x00000000a2700000, 0x00000000a2700000|100%| O|  |TAMS 0x00000000a2600000, 0x00000000a2600000| Untracked 
|  39|0x00000000a2700000, 0x00000000a2800000, 0x00000000a2800000|100%| O|  |TAMS 0x00000000a2800000, 0x00000000a2700000| Untracked 
|  40|0x00000000a2800000, 0x00000000a2900000, 0x00000000a2900000|100%| O|  |TAMS 0x00000000a2900000, 0x00000000a2800000| Untracked 
|  41|0x00000000a2900000, 0x00000000a2a00000, 0x00000000a2a00000|100%| O|  |TAMS 0x00000000a2900000, 0x00000000a2900000| Untracked 
|  42|0x00000000a2a00000, 0x00000000a2b00000, 0x00000000a2b00000|100%|HS|  |TAMS 0x00000000a2b00000, 0x00000000a2a00000| Complete 
|  43|0x00000000a2b00000, 0x00000000a2c00000, 0x00000000a2c00000|100%|HS|  |TAMS 0x00000000a2c00000, 0x00000000a2b00000| Complete 
|  44|0x00000000a2c00000, 0x00000000a2d00000, 0x00000000a2d00000|100%|HS|  |TAMS 0x00000000a2d00000, 0x00000000a2c00000| Complete 
|  45|0x00000000a2d00000, 0x00000000a2e00000, 0x00000000a2e00000|100%|HS|  |TAMS 0x00000000a2e00000, 0x00000000a2d00000| Complete 
|  46|0x00000000a2e00000, 0x00000000a2f00000, 0x00000000a2f00000|100%| O|  |TAMS 0x00000000a2f00000, 0x00000000a2e00000| Untracked 
|  47|0x00000000a2f00000, 0x00000000a3000000, 0x00000000a3000000|100%|HS|  |TAMS 0x00000000a3000000, 0x00000000a2f00000| Complete 
|  48|0x00000000a3000000, 0x00000000a3100000, 0x00000000a3100000|100%|HS|  |TAMS 0x00000000a3100000, 0x00000000a3000000| Complete 
|  49|0x00000000a3100000, 0x00000000a3200000, 0x00000000a3200000|100%| O|  |TAMS 0x00000000a3200000, 0x00000000a3100000| Untracked 
|  50|0x00000000a3200000, 0x00000000a3300000, 0x00000000a3300000|100%| O|  |TAMS 0x00000000a3300000, 0x00000000a3200000| Untracked 
|  51|0x00000000a3300000, 0x00000000a3400000, 0x00000000a3400000|100%| O|  |TAMS 0x00000000a3400000, 0x00000000a3300000| Untracked 
|  52|0x00000000a3400000, 0x00000000a3500000, 0x00000000a3500000|100%| O|  |TAMS 0x00000000a3500000, 0x00000000a3400000| Untracked 
|  53|0x00000000a3500000, 0x00000000a3600000, 0x00000000a3600000|100%| O|  |TAMS 0x00000000a3600000, 0x00000000a3500000| Untracked 
|  54|0x00000000a3600000, 0x00000000a3700000, 0x00000000a3700000|100%| O|  |TAMS 0x00000000a3700000, 0x00000000a3600000| Untracked 
|  55|0x00000000a3700000, 0x00000000a3800000, 0x00000000a3800000|100%| O|  |TAMS 0x00000000a3800000, 0x00000000a3700000| Untracked 
|  56|0x00000000a3800000, 0x00000000a3900000, 0x00000000a3900000|100%| O|  |TAMS 0x00000000a3900000, 0x00000000a3800000| Untracked 
|  57|0x00000000a3900000, 0x00000000a3a00000, 0x00000000a3a00000|100%| O|  |TAMS 0x00000000a3a00000, 0x00000000a3900000| Untracked 
|  58|0x00000000a3a00000, 0x00000000a3b00000, 0x00000000a3b00000|100%| O|  |TAMS 0x00000000a3b00000, 0x00000000a3a00000| Untracked 
|  59|0x00000000a3b00000, 0x00000000a3c00000, 0x00000000a3c00000|100%|HS|  |TAMS 0x00000000a3c00000, 0x00000000a3b00000| Complete 
|  60|0x00000000a3c00000, 0x00000000a3d00000, 0x00000000a3d00000|100%| O|  |TAMS 0x00000000a3d00000, 0x00000000a3c00000| Untracked 
|  61|0x00000000a3d00000, 0x00000000a3e00000, 0x00000000a3e00000|100%| O|  |TAMS 0x00000000a3e00000, 0x00000000a3d00000| Untracked 
|  62|0x00000000a3e00000, 0x00000000a3f00000, 0x00000000a3f00000|100%| O|  |TAMS 0x00000000a3f00000, 0x00000000a3e00000| Untracked 
|  63|0x00000000a3f00000, 0x00000000a4000000, 0x00000000a4000000|100%| O|  |TAMS 0x00000000a4000000, 0x00000000a3f00000| Untracked 
|  64|0x00000000a4000000, 0x00000000a4100000, 0x00000000a4100000|100%| O|  |TAMS 0x00000000a4100000, 0x00000000a4000000| Untracked 
|  65|0x00000000a4100000, 0x00000000a4200000, 0x00000000a4200000|100%| O|  |TAMS 0x00000000a4200000, 0x00000000a4100000| Untracked 
|  66|0x00000000a4200000, 0x00000000a4300000, 0x00000000a4300000|100%| O|  |TAMS 0x00000000a4300000, 0x00000000a4200000| Untracked 
|  67|0x00000000a4300000, 0x00000000a4400000, 0x00000000a4400000|100%| O|  |TAMS 0x00000000a4400000, 0x00000000a4300000| Untracked 
|  68|0x00000000a4400000, 0x00000000a4500000, 0x00000000a4500000|100%| O|  |TAMS 0x00000000a4500000, 0x00000000a4400000| Untracked 
|  69|0x00000000a4500000, 0x00000000a4600000, 0x00000000a4600000|100%| O|  |TAMS 0x00000000a4600000, 0x00000000a4500000| Untracked 
|  70|0x00000000a4600000, 0x00000000a4700000, 0x00000000a4700000|100%| O|  |TAMS 0x00000000a4700000, 0x00000000a4600000| Untracked 
|  71|0x00000000a4700000, 0x00000000a4800000, 0x00000000a4800000|100%| O|  |TAMS 0x00000000a4800000, 0x00000000a4700000| Untracked 
|  72|0x00000000a4800000, 0x00000000a4900000, 0x00000000a4900000|100%| O|  |TAMS 0x00000000a4900000, 0x00000000a4800000| Untracked 
|  73|0x00000000a4900000, 0x00000000a4a00000, 0x00000000a4a00000|100%| O|  |TAMS 0x00000000a4a00000, 0x00000000a4900000| Untracked 
|  74|0x00000000a4a00000, 0x00000000a4b00000, 0x00000000a4b00000|100%| O|  |TAMS 0x00000000a4b00000, 0x00000000a4a00000| Untracked 
|  75|0x00000000a4b00000, 0x00000000a4c00000, 0x00000000a4c00000|100%| O|  |TAMS 0x00000000a4c00000, 0x00000000a4b00000| Untracked 
|  76|0x00000000a4c00000, 0x00000000a4d00000, 0x00000000a4d00000|100%| O|  |TAMS 0x00000000a4d00000, 0x00000000a4c00000| Untracked 
|  77|0x00000000a4d00000, 0x00000000a4e00000, 0x00000000a4e00000|100%| O|  |TAMS 0x00000000a4e00000, 0x00000000a4d00000| Untracked 
|  78|0x00000000a4e00000, 0x00000000a4f00000, 0x00000000a4f00000|100%| O|  |TAMS 0x00000000a4f00000, 0x00000000a4e00000| Untracked 
|  79|0x00000000a4f00000, 0x00000000a5000000, 0x00000000a5000000|100%| O|  |TAMS 0x00000000a5000000, 0x00000000a4f00000| Untracked 
|  80|0x00000000a5000000, 0x00000000a5100000, 0x00000000a5100000|100%| O|  |TAMS 0x00000000a5100000, 0x00000000a5000000| Untracked 
|  81|0x00000000a5100000, 0x00000000a5200000, 0x00000000a5200000|100%| O|  |TAMS 0x00000000a5200000, 0x00000000a5100000| Untracked 
|  82|0x00000000a5200000, 0x00000000a5300000, 0x00000000a5300000|100%| O|  |TAMS 0x00000000a5300000, 0x00000000a5200000| Untracked 
|  83|0x00000000a5300000, 0x00000000a5400000, 0x00000000a5400000|100%| O|  |TAMS 0x00000000a5300000, 0x00000000a5300000| Untracked 
|  84|0x00000000a5400000, 0x00000000a5500000, 0x00000000a5500000|100%| O|  |TAMS 0x00000000a5500000, 0x00000000a5400000| Untracked 
|  85|0x00000000a5500000, 0x00000000a5600000, 0x00000000a5600000|100%| O|  |TAMS 0x00000000a5600000, 0x00000000a5500000| Untracked 
|  86|0x00000000a5600000, 0x00000000a5700000, 0x00000000a5700000|100%| O|  |TAMS 0x00000000a5700000, 0x00000000a5600000| Untracked 
|  87|0x00000000a5700000, 0x00000000a5800000, 0x00000000a5800000|100%| O|  |TAMS 0x00000000a5800000, 0x00000000a5700000| Untracked 
|  88|0x00000000a5800000, 0x00000000a5900000, 0x00000000a5900000|100%| O|  |TAMS 0x00000000a5900000, 0x00000000a5800000| Untracked 
|  89|0x00000000a5900000, 0x00000000a5a00000, 0x00000000a5a00000|100%| O|  |TAMS 0x00000000a5a00000, 0x00000000a5900000| Untracked 
|  90|0x00000000a5a00000, 0x00000000a5b00000, 0x00000000a5b00000|100%| O|  |TAMS 0x00000000a5b00000, 0x00000000a5a00000| Untracked 
|  91|0x00000000a5b00000, 0x00000000a5c00000, 0x00000000a5c00000|100%| O|  |TAMS 0x00000000a5c00000, 0x00000000a5b00000| Untracked 
|  92|0x00000000a5c00000, 0x00000000a5d00000, 0x00000000a5d00000|100%| O|  |TAMS 0x00000000a5d00000, 0x00000000a5c00000| Untracked 
|  93|0x00000000a5d00000, 0x00000000a5e00000, 0x00000000a5e00000|100%| O|  |TAMS 0x00000000a5e00000, 0x00000000a5d00000| Untracked 
|  94|0x00000000a5e00000, 0x00000000a5f00000, 0x00000000a5f00000|100%| O|  |TAMS 0x00000000a5e00000, 0x00000000a5e00000| Untracked 
|  95|0x00000000a5f00000, 0x00000000a6000000, 0x00000000a6000000|100%| O|  |TAMS 0x00000000a5f00000, 0x00000000a5f00000| Untracked 
|  96|0x00000000a6000000, 0x00000000a6100000, 0x00000000a6100000|100%| O|  |TAMS 0x00000000a6100000, 0x00000000a6000000| Untracked 
|  97|0x00000000a6100000, 0x00000000a6200000, 0x00000000a6200000|100%| O|  |TAMS 0x00000000a6200000, 0x00000000a6100000| Untracked 
|  98|0x00000000a6200000, 0x00000000a6300000, 0x00000000a6300000|100%| O|  |TAMS 0x00000000a6300000, 0x00000000a6200000| Untracked 
|  99|0x00000000a6300000, 0x00000000a6300000, 0x00000000a6400000|  0%| F|  |TAMS 0x00000000a6300000, 0x00000000a6300000| Untracked 
| 100|0x00000000a6400000, 0x00000000a6500000, 0x00000000a6500000|100%| O|  |TAMS 0x00000000a6500000, 0x00000000a6400000| Untracked 
| 101|0x00000000a6500000, 0x00000000a6600000, 0x00000000a6600000|100%| O|  |TAMS 0x00000000a6500000, 0x00000000a6500000| Untracked 
| 102|0x00000000a6600000, 0x00000000a6700000, 0x00000000a6700000|100%| O|  |TAMS 0x00000000a6600000, 0x00000000a6600000| Untracked 
| 103|0x00000000a6700000, 0x00000000a6800000, 0x00000000a6800000|100%| O|  |TAMS 0x00000000a6700000, 0x00000000a6700000| Untracked 
| 104|0x00000000a6800000, 0x00000000a6900000, 0x00000000a6900000|100%| O|  |TAMS 0x00000000a6800000, 0x00000000a6800000| Untracked 
| 105|0x00000000a6900000, 0x00000000a6a00000, 0x00000000a6a00000|100%| O|  |TAMS 0x00000000a6a00000, 0x00000000a6900000| Untracked 
| 106|0x00000000a6a00000, 0x00000000a6b00000, 0x00000000a6b00000|100%| O|  |TAMS 0x00000000a6b00000, 0x00000000a6a00000| Untracked 
| 107|0x00000000a6b00000, 0x00000000a6c00000, 0x00000000a6c00000|100%| O|  |TAMS 0x00000000a6b00000, 0x00000000a6b00000| Untracked 
| 108|0x00000000a6c00000, 0x00000000a6d00000, 0x00000000a6d00000|100%| O|  |TAMS 0x00000000a6c00000, 0x00000000a6c00000| Untracked 
| 109|0x00000000a6d00000, 0x00000000a6e00000, 0x00000000a6e00000|100%| O|  |TAMS 0x00000000a6d00000, 0x00000000a6d00000| Untracked 
| 110|0x00000000a6e00000, 0x00000000a6f00000, 0x00000000a6f00000|100%| O|  |TAMS 0x00000000a6e00000, 0x00000000a6e00000| Untracked 
| 111|0x00000000a6f00000, 0x00000000a7000000, 0x00000000a7000000|100%| O|  |TAMS 0x00000000a6f00000, 0x00000000a6f00000| Untracked 
| 112|0x00000000a7000000, 0x00000000a7100000, 0x00000000a7100000|100%| O|  |TAMS 0x00000000a7000000, 0x00000000a7000000| Untracked 
| 113|0x00000000a7100000, 0x00000000a7200000, 0x00000000a7200000|100%| O|  |TAMS 0x00000000a7200000, 0x00000000a7100000| Untracked 
| 114|0x00000000a7200000, 0x00000000a7300000, 0x00000000a7300000|100%| O|  |TAMS 0x00000000a7300000, 0x00000000a7200000| Untracked 
| 115|0x00000000a7300000, 0x00000000a7400000, 0x00000000a7400000|100%| O|  |TAMS 0x00000000a7400000, 0x00000000a7300000| Untracked 
| 116|0x00000000a7400000, 0x00000000a7500000, 0x00000000a7500000|100%| O|  |TAMS 0x00000000a7400000, 0x00000000a7400000| Untracked 
| 117|0x00000000a7500000, 0x00000000a7600000, 0x00000000a7600000|100%| O|  |TAMS 0x00000000a7600000, 0x00000000a7500000| Untracked 
| 118|0x00000000a7600000, 0x00000000a7700000, 0x00000000a7700000|100%| O|  |TAMS 0x00000000a7700000, 0x00000000a7600000| Untracked 
| 119|0x00000000a7700000, 0x00000000a7800000, 0x00000000a7800000|100%| O|  |TAMS 0x00000000a7800000, 0x00000000a7700000| Untracked 
| 120|0x00000000a7800000, 0x00000000a78e6000, 0x00000000a7900000| 89%| O|  |TAMS 0x00000000a7800000, 0x00000000a7800000| Untracked 
| 121|0x00000000a7900000, 0x00000000a7900000, 0x00000000a7a00000|  0%| F|  |TAMS 0x00000000a7900000, 0x00000000a7900000| Untracked 
| 122|0x00000000a7a00000, 0x00000000a7b00000, 0x00000000a7b00000|100%| O|  |TAMS 0x00000000a7a00000, 0x00000000a7a00000| Untracked 
| 123|0x00000000a7b00000, 0x00000000a7c00000, 0x00000000a7c00000|100%| O|  |TAMS 0x00000000a7b00000, 0x00000000a7b00000| Untracked 
| 124|0x00000000a7c00000, 0x00000000a7d00000, 0x00000000a7d00000|100%| O|  |TAMS 0x00000000a7c00000, 0x00000000a7c00000| Untracked 
| 125|0x00000000a7d00000, 0x00000000a7e00000, 0x00000000a7e00000|100%| O|  |TAMS 0x00000000a7d00000, 0x00000000a7d00000| Untracked 
| 126|0x00000000a7e00000, 0x00000000a7f00000, 0x00000000a7f00000|100%| O|  |TAMS 0x00000000a7f00000, 0x00000000a7e00000| Untracked 
| 127|0x00000000a7f00000, 0x00000000a7f00000, 0x00000000a8000000|  0%| F|  |TAMS 0x00000000a7f00000, 0x00000000a7f00000| Untracked 
| 128|0x00000000a8000000, 0x00000000a8100000, 0x00000000a8100000|100%| O|  |TAMS 0x00000000a8000000, 0x00000000a8000000| Untracked 
| 129|0x00000000a8100000, 0x00000000a8200000, 0x00000000a8200000|100%| O|  |TAMS 0x00000000a8200000, 0x00000000a8100000| Untracked 
| 130|0x00000000a8200000, 0x00000000a8300000, 0x00000000a8300000|100%| O|  |TAMS 0x00000000a8300000, 0x00000000a8200000| Untracked 
| 131|0x00000000a8300000, 0x00000000a8400000, 0x00000000a8400000|100%| O|  |TAMS 0x00000000a8400000, 0x00000000a8300000| Untracked 
| 132|0x00000000a8400000, 0x00000000a8500000, 0x00000000a8500000|100%| O|  |TAMS 0x00000000a8500000, 0x00000000a8400000| Untracked 
| 133|0x00000000a8500000, 0x00000000a8600000, 0x00000000a8600000|100%| O|  |TAMS 0x00000000a8600000, 0x00000000a8500000| Untracked 
| 134|0x00000000a8600000, 0x00000000a8700000, 0x00000000a8700000|100%| O|  |TAMS 0x00000000a8700000, 0x00000000a8600000| Untracked 
| 135|0x00000000a8700000, 0x00000000a8800000, 0x00000000a8800000|100%| O|  |TAMS 0x00000000a8800000, 0x00000000a8700000| Untracked 
| 136|0x00000000a8800000, 0x00000000a8900000, 0x00000000a8900000|100%| O|  |TAMS 0x00000000a8800000, 0x00000000a8800000| Untracked 
| 137|0x00000000a8900000, 0x00000000a8a00000, 0x00000000a8a00000|100%| O|  |TAMS 0x00000000a8a00000, 0x00000000a8900000| Untracked 
| 138|0x00000000a8a00000, 0x00000000a8b00000, 0x00000000a8b00000|100%| O|  |TAMS 0x00000000a8b00000, 0x00000000a8a00000| Untracked 
| 139|0x00000000a8b00000, 0x00000000a8c00000, 0x00000000a8c00000|100%| O|  |TAMS 0x00000000a8c00000, 0x00000000a8b00000| Untracked 
| 140|0x00000000a8c00000, 0x00000000a8d00000, 0x00000000a8d00000|100%|HS|  |TAMS 0x00000000a8d00000, 0x00000000a8c00000| Complete 
| 141|0x00000000a8d00000, 0x00000000a8e00000, 0x00000000a8e00000|100%|HC|  |TAMS 0x00000000a8e00000, 0x00000000a8d00000| Complete 
| 142|0x00000000a8e00000, 0x00000000a8f00000, 0x00000000a8f00000|100%|HC|  |TAMS 0x00000000a8f00000, 0x00000000a8e00000| Complete 
| 143|0x00000000a8f00000, 0x00000000a9000000, 0x00000000a9000000|100%|HS|  |TAMS 0x00000000a9000000, 0x00000000a8f00000| Complete 
| 144|0x00000000a9000000, 0x00000000a9100000, 0x00000000a9100000|100%|HC|  |TAMS 0x00000000a9100000, 0x00000000a9000000| Complete 
| 145|0x00000000a9100000, 0x00000000a9200000, 0x00000000a9200000|100%|HC|  |TAMS 0x00000000a9200000, 0x00000000a9100000| Complete 
| 146|0x00000000a9200000, 0x00000000a9300000, 0x00000000a9300000|100%| O|  |TAMS 0x00000000a9300000, 0x00000000a9200000| Untracked 
| 147|0x00000000a9300000, 0x00000000a9400000, 0x00000000a9400000|100%| O|  |TAMS 0x00000000a9400000, 0x00000000a9300000| Untracked 
| 148|0x00000000a9400000, 0x00000000a9500000, 0x00000000a9500000|100%| O|  |TAMS 0x00000000a9500000, 0x00000000a9400000| Untracked 
| 149|0x00000000a9500000, 0x00000000a9600000, 0x00000000a9600000|100%| O|  |TAMS 0x00000000a9600000, 0x00000000a9500000| Untracked 
| 150|0x00000000a9600000, 0x00000000a9700000, 0x00000000a9700000|100%| O|  |TAMS 0x00000000a9700000, 0x00000000a9600000| Untracked 
| 151|0x00000000a9700000, 0x00000000a9800000, 0x00000000a9800000|100%| O|  |TAMS 0x00000000a9800000, 0x00000000a9700000| Untracked 
| 152|0x00000000a9800000, 0x00000000a9900000, 0x00000000a9900000|100%| O|  |TAMS 0x00000000a9900000, 0x00000000a9800000| Untracked 
| 153|0x00000000a9900000, 0x00000000a9a00000, 0x00000000a9a00000|100%| O|  |TAMS 0x00000000a9a00000, 0x00000000a9900000| Untracked 
| 154|0x00000000a9a00000, 0x00000000a9b00000, 0x00000000a9b00000|100%| O|  |TAMS 0x00000000a9b00000, 0x00000000a9a00000| Untracked 
| 155|0x00000000a9b00000, 0x00000000a9c00000, 0x00000000a9c00000|100%| O|  |TAMS 0x00000000a9c00000, 0x00000000a9b00000| Untracked 
| 156|0x00000000a9c00000, 0x00000000a9d00000, 0x00000000a9d00000|100%| O|  |TAMS 0x00000000a9d00000, 0x00000000a9c00000| Untracked 
| 157|0x00000000a9d00000, 0x00000000a9e00000, 0x00000000a9e00000|100%| O|  |TAMS 0x00000000a9e00000, 0x00000000a9d00000| Untracked 
| 158|0x00000000a9e00000, 0x00000000a9f00000, 0x00000000a9f00000|100%| O|  |TAMS 0x00000000a9f00000, 0x00000000a9e00000| Untracked 
| 159|0x00000000a9f00000, 0x00000000aa000000, 0x00000000aa000000|100%| O|  |TAMS 0x00000000aa000000, 0x00000000a9f00000| Untracked 
| 160|0x00000000aa000000, 0x00000000aa100000, 0x00000000aa100000|100%| O|  |TAMS 0x00000000aa100000, 0x00000000aa000000| Untracked 
| 161|0x00000000aa100000, 0x00000000aa200000, 0x00000000aa200000|100%| O|  |TAMS 0x00000000aa200000, 0x00000000aa100000| Untracked 
| 162|0x00000000aa200000, 0x00000000aa300000, 0x00000000aa300000|100%| O|  |TAMS 0x00000000aa300000, 0x00000000aa200000| Untracked 
| 163|0x00000000aa300000, 0x00000000aa400000, 0x00000000aa400000|100%| O|  |TAMS 0x00000000aa400000, 0x00000000aa300000| Untracked 
| 164|0x00000000aa400000, 0x00000000aa500000, 0x00000000aa500000|100%| O|  |TAMS 0x00000000aa500000, 0x00000000aa400000| Untracked 
| 165|0x00000000aa500000, 0x00000000aa600000, 0x00000000aa600000|100%| O|  |TAMS 0x00000000aa600000, 0x00000000aa500000| Untracked 
| 166|0x00000000aa600000, 0x00000000aa700000, 0x00000000aa700000|100%| O|  |TAMS 0x00000000aa700000, 0x00000000aa600000| Untracked 
| 167|0x00000000aa700000, 0x00000000aa800000, 0x00000000aa800000|100%| O|  |TAMS 0x00000000aa800000, 0x00000000aa700000| Untracked 
| 168|0x00000000aa800000, 0x00000000aa900000, 0x00000000aa900000|100%| O|  |TAMS 0x00000000aa900000, 0x00000000aa800000| Untracked 
| 169|0x00000000aa900000, 0x00000000aaa00000, 0x00000000aaa00000|100%| O|  |TAMS 0x00000000aaa00000, 0x00000000aa900000| Untracked 
| 170|0x00000000aaa00000, 0x00000000aab00000, 0x00000000aab00000|100%| O|  |TAMS 0x00000000aab00000, 0x00000000aaa00000| Untracked 
| 171|0x00000000aab00000, 0x00000000aac00000, 0x00000000aac00000|100%| O|  |TAMS 0x00000000aac00000, 0x00000000aab00000| Untracked 
| 172|0x00000000aac00000, 0x00000000aad00000, 0x00000000aad00000|100%| O|  |TAMS 0x00000000aad00000, 0x00000000aac00000| Untracked 
| 173|0x00000000aad00000, 0x00000000aae00000, 0x00000000aae00000|100%| O|  |TAMS 0x00000000aae00000, 0x00000000aad00000| Untracked 
| 174|0x00000000aae00000, 0x00000000aaf00000, 0x00000000aaf00000|100%| O|  |TAMS 0x00000000aaf00000, 0x00000000aae00000| Untracked 
| 175|0x00000000aaf00000, 0x00000000ab000000, 0x00000000ab000000|100%| O|  |TAMS 0x00000000ab000000, 0x00000000aaf00000| Untracked 
| 176|0x00000000ab000000, 0x00000000ab100000, 0x00000000ab100000|100%|HS|  |TAMS 0x00000000ab100000, 0x00000000ab000000| Complete 
| 177|0x00000000ab100000, 0x00000000ab200000, 0x00000000ab200000|100%|HC|  |TAMS 0x00000000ab200000, 0x00000000ab100000| Complete 
| 178|0x00000000ab200000, 0x00000000ab300000, 0x00000000ab300000|100%| O|  |TAMS 0x00000000ab300000, 0x00000000ab200000| Untracked 
| 179|0x00000000ab300000, 0x00000000ab400000, 0x00000000ab400000|100%| O|  |TAMS 0x00000000ab400000, 0x00000000ab300000| Untracked 
| 180|0x00000000ab400000, 0x00000000ab500000, 0x00000000ab500000|100%| O|  |TAMS 0x00000000ab500000, 0x00000000ab400000| Untracked 
| 181|0x00000000ab500000, 0x00000000ab600000, 0x00000000ab600000|100%| O|  |TAMS 0x00000000ab600000, 0x00000000ab500000| Untracked 
| 182|0x00000000ab600000, 0x00000000ab700000, 0x00000000ab700000|100%| O|  |TAMS 0x00000000ab700000, 0x00000000ab600000| Untracked 
| 183|0x00000000ab700000, 0x00000000ab800000, 0x00000000ab800000|100%| O|  |TAMS 0x00000000ab800000, 0x00000000ab700000| Untracked 
| 184|0x00000000ab800000, 0x00000000ab900000, 0x00000000ab900000|100%| O|  |TAMS 0x00000000ab900000, 0x00000000ab800000| Untracked 
| 185|0x00000000ab900000, 0x00000000aba00000, 0x00000000aba00000|100%| O|  |TAMS 0x00000000aba00000, 0x00000000ab900000| Untracked 
| 186|0x00000000aba00000, 0x00000000abb00000, 0x00000000abb00000|100%| O|  |TAMS 0x00000000abb00000, 0x00000000aba00000| Untracked 
| 187|0x00000000abb00000, 0x00000000abc00000, 0x00000000abc00000|100%| O|  |TAMS 0x00000000abc00000, 0x00000000abb00000| Untracked 
| 188|0x00000000abc00000, 0x00000000abd00000, 0x00000000abd00000|100%| O|  |TAMS 0x00000000abd00000, 0x00000000abc00000| Untracked 
| 189|0x00000000abd00000, 0x00000000abe00000, 0x00000000abe00000|100%| O|  |TAMS 0x00000000abe00000, 0x00000000abd00000| Untracked 
| 190|0x00000000abe00000, 0x00000000abf00000, 0x00000000abf00000|100%|HS|  |TAMS 0x00000000abf00000, 0x00000000abe00000| Complete 
| 191|0x00000000abf00000, 0x00000000ac000000, 0x00000000ac000000|100%|HC|  |TAMS 0x00000000ac000000, 0x00000000abf00000| Complete 
| 192|0x00000000ac000000, 0x00000000ac100000, 0x00000000ac100000|100%| O|  |TAMS 0x00000000ac100000, 0x00000000ac000000| Untracked 
| 193|0x00000000ac100000, 0x00000000ac200000, 0x00000000ac200000|100%| O|  |TAMS 0x00000000ac200000, 0x00000000ac100000| Untracked 
| 194|0x00000000ac200000, 0x00000000ac300000, 0x00000000ac300000|100%| O|  |TAMS 0x00000000ac300000, 0x00000000ac200000| Untracked 
| 195|0x00000000ac300000, 0x00000000ac400000, 0x00000000ac400000|100%| O|  |TAMS 0x00000000ac400000, 0x00000000ac300000| Untracked 
| 196|0x00000000ac400000, 0x00000000ac500000, 0x00000000ac500000|100%| O|  |TAMS 0x00000000ac500000, 0x00000000ac400000| Untracked 
| 197|0x00000000ac500000, 0x00000000ac600000, 0x00000000ac600000|100%| O|  |TAMS 0x00000000ac600000, 0x00000000ac500000| Untracked 
| 198|0x00000000ac600000, 0x00000000ac700000, 0x00000000ac700000|100%| O|  |TAMS 0x00000000ac700000, 0x00000000ac600000| Untracked 
| 199|0x00000000ac700000, 0x00000000ac800000, 0x00000000ac800000|100%| O|  |TAMS 0x00000000ac800000, 0x00000000ac700000| Untracked 
| 200|0x00000000ac800000, 0x00000000ac900000, 0x00000000ac900000|100%| O|  |TAMS 0x00000000ac900000, 0x00000000ac800000| Untracked 
| 201|0x00000000ac900000, 0x00000000aca00000, 0x00000000aca00000|100%| O|  |TAMS 0x00000000ac9c8e00, 0x00000000ac900000| Untracked 
| 202|0x00000000aca00000, 0x00000000acb00000, 0x00000000acb00000|100%| O|  |TAMS 0x00000000aca00000, 0x00000000aca00000| Untracked 
| 203|0x00000000acb00000, 0x00000000acc00000, 0x00000000acc00000|100%| O|  |TAMS 0x00000000acb00000, 0x00000000acb00000| Untracked 
| 204|0x00000000acc00000, 0x00000000acd00000, 0x00000000acd00000|100%| O|  |TAMS 0x00000000acc00000, 0x00000000acc00000| Untracked 
| 205|0x00000000acd00000, 0x00000000ace00000, 0x00000000ace00000|100%| O|  |TAMS 0x00000000ace00000, 0x00000000acd00000| Untracked 
| 206|0x00000000ace00000, 0x00000000acf00000, 0x00000000acf00000|100%| O|  |TAMS 0x00000000acf00000, 0x00000000ace00000| Untracked 
| 207|0x00000000acf00000, 0x00000000ad000000, 0x00000000ad000000|100%| O|  |TAMS 0x00000000ad000000, 0x00000000acf00000| Untracked 
| 208|0x00000000ad000000, 0x00000000ad100000, 0x00000000ad100000|100%| O|  |TAMS 0x00000000ad000000, 0x00000000ad000000| Untracked 
| 209|0x00000000ad100000, 0x00000000ad200000, 0x00000000ad200000|100%| O|  |TAMS 0x00000000ad100000, 0x00000000ad100000| Untracked 
| 210|0x00000000ad200000, 0x00000000ad300000, 0x00000000ad300000|100%| O|  |TAMS 0x00000000ad200000, 0x00000000ad200000| Untracked 
| 211|0x00000000ad300000, 0x00000000ad400000, 0x00000000ad400000|100%| O|  |TAMS 0x00000000ad300000, 0x00000000ad300000| Untracked 
| 212|0x00000000ad400000, 0x00000000ad500000, 0x00000000ad500000|100%| O|  |TAMS 0x00000000ad400000, 0x00000000ad400000| Untracked 
| 213|0x00000000ad500000, 0x00000000ad600000, 0x00000000ad600000|100%| O|  |TAMS 0x00000000ad500000, 0x00000000ad500000| Untracked 
| 214|0x00000000ad600000, 0x00000000ad700000, 0x00000000ad700000|100%| O|  |TAMS 0x00000000ad600000, 0x00000000ad600000| Untracked 
| 215|0x00000000ad700000, 0x00000000ad800000, 0x00000000ad800000|100%| O|  |TAMS 0x00000000ad700000, 0x00000000ad700000| Untracked 
| 216|0x00000000ad800000, 0x00000000ad800000, 0x00000000ad900000|  0%| F|  |TAMS 0x00000000ad800000, 0x00000000ad800000| Untracked 
| 217|0x00000000ad900000, 0x00000000ad900000, 0x00000000ada00000|  0%| F|  |TAMS 0x00000000ad900000, 0x00000000ad900000| Untracked 
| 218|0x00000000ada00000, 0x00000000ada00000, 0x00000000adb00000|  0%| F|  |TAMS 0x00000000ada00000, 0x00000000ada00000| Untracked 
| 219|0x00000000adb00000, 0x00000000adb00000, 0x00000000adc00000|  0%| F|  |TAMS 0x00000000adb00000, 0x00000000adb00000| Untracked 
| 220|0x00000000adc00000, 0x00000000adc00000, 0x00000000add00000|  0%| F|  |TAMS 0x00000000adc00000, 0x00000000adc00000| Untracked 
| 221|0x00000000add00000, 0x00000000add00000, 0x00000000ade00000|  0%| F|  |TAMS 0x00000000add00000, 0x00000000add00000| Untracked 
| 222|0x00000000ade00000, 0x00000000ade00000, 0x00000000adf00000|  0%| F|  |TAMS 0x00000000ade00000, 0x00000000ade00000| Untracked 
| 223|0x00000000adf00000, 0x00000000adf00000, 0x00000000ae000000|  0%| F|  |TAMS 0x00000000adf00000, 0x00000000adf00000| Untracked 
| 224|0x00000000ae000000, 0x00000000ae000000, 0x00000000ae100000|  0%| F|  |TAMS 0x00000000ae000000, 0x00000000ae000000| Untracked 
| 225|0x00000000ae100000, 0x00000000ae100000, 0x00000000ae200000|  0%| F|  |TAMS 0x00000000ae100000, 0x00000000ae100000| Untracked 
| 226|0x00000000ae200000, 0x00000000ae200000, 0x00000000ae300000|  0%| F|  |TAMS 0x00000000ae200000, 0x00000000ae200000| Untracked 
| 227|0x00000000ae300000, 0x00000000ae300000, 0x00000000ae400000|  0%| F|  |TAMS 0x00000000ae300000, 0x00000000ae300000| Untracked 
| 228|0x00000000ae400000, 0x00000000ae400000, 0x00000000ae500000|  0%| F|  |TAMS 0x00000000ae400000, 0x00000000ae400000| Untracked 
| 229|0x00000000ae500000, 0x00000000ae500000, 0x00000000ae600000|  0%| F|  |TAMS 0x00000000ae500000, 0x00000000ae500000| Untracked 
| 230|0x00000000ae600000, 0x00000000ae600000, 0x00000000ae700000|  0%| F|  |TAMS 0x00000000ae600000, 0x00000000ae600000| Untracked 
| 231|0x00000000ae700000, 0x00000000ae700000, 0x00000000ae800000|  0%| F|  |TAMS 0x00000000ae700000, 0x00000000ae700000| Untracked 
| 232|0x00000000ae800000, 0x00000000ae800000, 0x00000000ae900000|  0%| F|  |TAMS 0x00000000ae800000, 0x00000000ae800000| Untracked 
| 233|0x00000000ae900000, 0x00000000ae900000, 0x00000000aea00000|  0%| F|  |TAMS 0x00000000ae900000, 0x00000000ae900000| Untracked 
| 234|0x00000000aea00000, 0x00000000aea00000, 0x00000000aeb00000|  0%| F|  |TAMS 0x00000000aea00000, 0x00000000aea00000| Untracked 
| 235|0x00000000aeb00000, 0x00000000aeb00000, 0x00000000aec00000|  0%| F|  |TAMS 0x00000000aeb00000, 0x00000000aeb00000| Untracked 
| 236|0x00000000aec00000, 0x00000000aec00000, 0x00000000aed00000|  0%| F|  |TAMS 0x00000000aec00000, 0x00000000aec00000| Untracked 
| 237|0x00000000aed00000, 0x00000000aed00000, 0x00000000aee00000|  0%| F|  |TAMS 0x00000000aed00000, 0x00000000aed00000| Untracked 
| 238|0x00000000aee00000, 0x00000000aee00000, 0x00000000aef00000|  0%| F|  |TAMS 0x00000000aee00000, 0x00000000aee00000| Untracked 
| 239|0x00000000aef00000, 0x00000000aef00000, 0x00000000af000000|  0%| F|  |TAMS 0x00000000aef00000, 0x00000000aef00000| Untracked 
| 240|0x00000000af000000, 0x00000000af000000, 0x00000000af100000|  0%| F|  |TAMS 0x00000000af000000, 0x00000000af000000| Untracked 
| 241|0x00000000af100000, 0x00000000af100000, 0x00000000af200000|  0%| F|  |TAMS 0x00000000af100000, 0x00000000af100000| Untracked 
| 242|0x00000000af200000, 0x00000000af200000, 0x00000000af300000|  0%| F|  |TAMS 0x00000000af200000, 0x00000000af200000| Untracked 
| 243|0x00000000af300000, 0x00000000af300000, 0x00000000af400000|  0%| F|  |TAMS 0x00000000af300000, 0x00000000af300000| Untracked 
| 244|0x00000000af400000, 0x00000000af400000, 0x00000000af500000|  0%| F|  |TAMS 0x00000000af400000, 0x00000000af400000| Untracked 
| 245|0x00000000af500000, 0x00000000af500000, 0x00000000af600000|  0%| F|  |TAMS 0x00000000af500000, 0x00000000af500000| Untracked 
| 246|0x00000000af600000, 0x00000000af600000, 0x00000000af700000|  0%| F|  |TAMS 0x00000000af600000, 0x00000000af600000| Untracked 
| 247|0x00000000af700000, 0x00000000af700000, 0x00000000af800000|  0%| F|  |TAMS 0x00000000af700000, 0x00000000af700000| Untracked 
| 248|0x00000000af800000, 0x00000000af800000, 0x00000000af900000|  0%| F|  |TAMS 0x00000000af800000, 0x00000000af800000| Untracked 
| 249|0x00000000af900000, 0x00000000af900000, 0x00000000afa00000|  0%| F|  |TAMS 0x00000000af900000, 0x00000000af900000| Untracked 
| 250|0x00000000afa00000, 0x00000000afa00000, 0x00000000afb00000|  0%| F|  |TAMS 0x00000000afa00000, 0x00000000afa00000| Untracked 
| 251|0x00000000afb00000, 0x00000000afb00000, 0x00000000afc00000|  0%| F|  |TAMS 0x00000000afb00000, 0x00000000afb00000| Untracked 
| 252|0x00000000afc00000, 0x00000000afc00000, 0x00000000afd00000|  0%| F|  |TAMS 0x00000000afc00000, 0x00000000afc00000| Untracked 
| 253|0x00000000afd00000, 0x00000000afd00000, 0x00000000afe00000|  0%| F|  |TAMS 0x00000000afd00000, 0x00000000afd00000| Untracked 
| 254|0x00000000afe00000, 0x00000000afe00000, 0x00000000aff00000|  0%| F|  |TAMS 0x00000000afe00000, 0x00000000afe00000| Untracked 
| 255|0x00000000aff00000, 0x00000000aff00000, 0x00000000b0000000|  0%| F|  |TAMS 0x00000000aff00000, 0x00000000aff00000| Untracked 
| 256|0x00000000b0000000, 0x00000000b0000000, 0x00000000b0100000|  0%| F|  |TAMS 0x00000000b0000000, 0x00000000b0000000| Untracked 
| 257|0x00000000b0100000, 0x00000000b0100000, 0x00000000b0200000|  0%| F|  |TAMS 0x00000000b0100000, 0x00000000b0100000| Untracked 
| 258|0x00000000b0200000, 0x00000000b0200000, 0x00000000b0300000|  0%| F|  |TAMS 0x00000000b0200000, 0x00000000b0200000| Untracked 
| 259|0x00000000b0300000, 0x00000000b0300000, 0x00000000b0400000|  0%| F|  |TAMS 0x00000000b0300000, 0x00000000b0300000| Untracked 
| 260|0x00000000b0400000, 0x00000000b0400000, 0x00000000b0500000|  0%| F|  |TAMS 0x00000000b0400000, 0x00000000b0400000| Untracked 
| 261|0x00000000b0500000, 0x00000000b0500000, 0x00000000b0600000|  0%| F|  |TAMS 0x00000000b0500000, 0x00000000b0500000| Untracked 
| 262|0x00000000b0600000, 0x00000000b0600000, 0x00000000b0700000|  0%| F|  |TAMS 0x00000000b0600000, 0x00000000b0600000| Untracked 
| 263|0x00000000b0700000, 0x00000000b0700000, 0x00000000b0800000|  0%| F|  |TAMS 0x00000000b0700000, 0x00000000b0700000| Untracked 
| 264|0x00000000b0800000, 0x00000000b0800000, 0x00000000b0900000|  0%| F|  |TAMS 0x00000000b0800000, 0x00000000b0800000| Untracked 
| 265|0x00000000b0900000, 0x00000000b0900000, 0x00000000b0a00000|  0%| F|  |TAMS 0x00000000b0900000, 0x00000000b0900000| Untracked 
| 266|0x00000000b0a00000, 0x00000000b0a00000, 0x00000000b0b00000|  0%| F|  |TAMS 0x00000000b0a00000, 0x00000000b0a00000| Untracked 
| 267|0x00000000b0b00000, 0x00000000b0b00000, 0x00000000b0c00000|  0%| F|  |TAMS 0x00000000b0b00000, 0x00000000b0b00000| Untracked 
| 268|0x00000000b0c00000, 0x00000000b0c00000, 0x00000000b0d00000|  0%| F|  |TAMS 0x00000000b0c00000, 0x00000000b0c00000| Untracked 
| 269|0x00000000b0d00000, 0x00000000b0d00000, 0x00000000b0e00000|  0%| F|  |TAMS 0x00000000b0d00000, 0x00000000b0d00000| Untracked 
| 270|0x00000000b0e00000, 0x00000000b0e00000, 0x00000000b0f00000|  0%| F|  |TAMS 0x00000000b0e00000, 0x00000000b0e00000| Untracked 
| 271|0x00000000b0f00000, 0x00000000b0f00000, 0x00000000b1000000|  0%| F|  |TAMS 0x00000000b0f00000, 0x00000000b0f00000| Untracked 
| 272|0x00000000b1000000, 0x00000000b1000000, 0x00000000b1100000|  0%| F|  |TAMS 0x00000000b1000000, 0x00000000b1000000| Untracked 
| 273|0x00000000b1100000, 0x00000000b1100000, 0x00000000b1200000|  0%| F|  |TAMS 0x00000000b1100000, 0x00000000b1100000| Untracked 
| 274|0x00000000b1200000, 0x00000000b1276190, 0x00000000b1300000| 46%| S|CS|TAMS 0x00000000b1200000, 0x00000000b1200000| Complete 
| 275|0x00000000b1300000, 0x00000000b1400000, 0x00000000b1400000|100%| S|CS|TAMS 0x00000000b1300000, 0x00000000b1300000| Complete 
| 276|0x00000000b1400000, 0x00000000b1500000, 0x00000000b1500000|100%| S|CS|TAMS 0x00000000b1400000, 0x00000000b1400000| Complete 
| 277|0x00000000b1500000, 0x00000000b1600000, 0x00000000b1600000|100%| S|CS|TAMS 0x00000000b1500000, 0x00000000b1500000| Complete 
| 278|0x00000000b1600000, 0x00000000b1700000, 0x00000000b1700000|100%| S|CS|TAMS 0x00000000b1600000, 0x00000000b1600000| Complete 
| 279|0x00000000b1700000, 0x00000000b1700000, 0x00000000b1800000|  0%| F|  |TAMS 0x00000000b1700000, 0x00000000b1700000| Untracked 
| 280|0x00000000b1800000, 0x00000000b1800000, 0x00000000b1900000|  0%| F|  |TAMS 0x00000000b1800000, 0x00000000b1800000| Untracked 
| 281|0x00000000b1900000, 0x00000000b1900000, 0x00000000b1a00000|  0%| F|  |TAMS 0x00000000b1900000, 0x00000000b1900000| Untracked 
| 282|0x00000000b1a00000, 0x00000000b1a00000, 0x00000000b1b00000|  0%| F|  |TAMS 0x00000000b1a00000, 0x00000000b1a00000| Untracked 
| 283|0x00000000b1b00000, 0x00000000b1b00000, 0x00000000b1c00000|  0%| F|  |TAMS 0x00000000b1b00000, 0x00000000b1b00000| Untracked 
| 284|0x00000000b1c00000, 0x00000000b1d00000, 0x00000000b1d00000|100%| E|  |TAMS 0x00000000b1c00000, 0x00000000b1c00000| Complete 
| 285|0x00000000b1d00000, 0x00000000b1e00000, 0x00000000b1e00000|100%| E|CS|TAMS 0x00000000b1d00000, 0x00000000b1d00000| Complete 
| 286|0x00000000b1e00000, 0x00000000b1f00000, 0x00000000b1f00000|100%| E|CS|TAMS 0x00000000b1e00000, 0x00000000b1e00000| Complete 
| 287|0x00000000b1f00000, 0x00000000b2000000, 0x00000000b2000000|100%| E|CS|TAMS 0x00000000b1f00000, 0x00000000b1f00000| Complete 
| 288|0x00000000b2000000, 0x00000000b2100000, 0x00000000b2100000|100%| E|CS|TAMS 0x00000000b2000000, 0x00000000b2000000| Complete 
| 289|0x00000000b2100000, 0x00000000b2200000, 0x00000000b2200000|100%| E|CS|TAMS 0x00000000b2100000, 0x00000000b2100000| Complete 
| 290|0x00000000b2200000, 0x00000000b2300000, 0x00000000b2300000|100%| E|CS|TAMS 0x00000000b2200000, 0x00000000b2200000| Complete 
| 291|0x00000000b2300000, 0x00000000b2400000, 0x00000000b2400000|100%| E|CS|TAMS 0x00000000b2300000, 0x00000000b2300000| Complete 
| 292|0x00000000b2400000, 0x00000000b2500000, 0x00000000b2500000|100%| E|CS|TAMS 0x00000000b2400000, 0x00000000b2400000| Complete 
| 293|0x00000000b2500000, 0x00000000b2600000, 0x00000000b2600000|100%| E|CS|TAMS 0x00000000b2500000, 0x00000000b2500000| Complete 
| 294|0x00000000b2600000, 0x00000000b2700000, 0x00000000b2700000|100%| E|CS|TAMS 0x00000000b2600000, 0x00000000b2600000| Complete 
| 295|0x00000000b2700000, 0x00000000b2800000, 0x00000000b2800000|100%| E|CS|TAMS 0x00000000b2700000, 0x00000000b2700000| Complete 
| 296|0x00000000b2800000, 0x00000000b2900000, 0x00000000b2900000|100%| E|CS|TAMS 0x00000000b2800000, 0x00000000b2800000| Complete 
| 297|0x00000000b2900000, 0x00000000b2a00000, 0x00000000b2a00000|100%| E|CS|TAMS 0x00000000b2900000, 0x00000000b2900000| Complete 
| 298|0x00000000b2a00000, 0x00000000b2b00000, 0x00000000b2b00000|100%| E|CS|TAMS 0x00000000b2a00000, 0x00000000b2a00000| Complete 
| 299|0x00000000b2b00000, 0x00000000b2c00000, 0x00000000b2c00000|100%| E|CS|TAMS 0x00000000b2b00000, 0x00000000b2b00000| Complete 
| 300|0x00000000b2c00000, 0x00000000b2d00000, 0x00000000b2d00000|100%| E|CS|TAMS 0x00000000b2c00000, 0x00000000b2c00000| Complete 
| 301|0x00000000b2d00000, 0x00000000b2e00000, 0x00000000b2e00000|100%| E|CS|TAMS 0x00000000b2d00000, 0x00000000b2d00000| Complete 
| 302|0x00000000b2e00000, 0x00000000b2f00000, 0x00000000b2f00000|100%| E|CS|TAMS 0x00000000b2e00000, 0x00000000b2e00000| Complete 
| 303|0x00000000b2f00000, 0x00000000b3000000, 0x00000000b3000000|100%| E|CS|TAMS 0x00000000b2f00000, 0x00000000b2f00000| Complete 
| 304|0x00000000b3000000, 0x00000000b3100000, 0x00000000b3100000|100%| E|CS|TAMS 0x00000000b3000000, 0x00000000b3000000| Complete 
| 305|0x00000000b3100000, 0x00000000b3200000, 0x00000000b3200000|100%| E|CS|TAMS 0x00000000b3100000, 0x00000000b3100000| Complete 
| 306|0x00000000b3200000, 0x00000000b3300000, 0x00000000b3300000|100%| E|CS|TAMS 0x00000000b3200000, 0x00000000b3200000| Complete 
| 307|0x00000000b3300000, 0x00000000b3400000, 0x00000000b3400000|100%| E|CS|TAMS 0x00000000b3300000, 0x00000000b3300000| Complete 
| 308|0x00000000b3400000, 0x00000000b3500000, 0x00000000b3500000|100%| E|CS|TAMS 0x00000000b3400000, 0x00000000b3400000| Complete 
| 309|0x00000000b3500000, 0x00000000b3600000, 0x00000000b3600000|100%| E|CS|TAMS 0x00000000b3500000, 0x00000000b3500000| Complete 
| 310|0x00000000b3600000, 0x00000000b3700000, 0x00000000b3700000|100%| E|CS|TAMS 0x00000000b3600000, 0x00000000b3600000| Complete 
| 311|0x00000000b3700000, 0x00000000b3800000, 0x00000000b3800000|100%| E|CS|TAMS 0x00000000b3700000, 0x00000000b3700000| Complete 
| 312|0x00000000b3800000, 0x00000000b3900000, 0x00000000b3900000|100%| E|CS|TAMS 0x00000000b3800000, 0x00000000b3800000| Complete 
| 313|0x00000000b3900000, 0x00000000b3a00000, 0x00000000b3a00000|100%| E|CS|TAMS 0x00000000b3900000, 0x00000000b3900000| Complete 
| 314|0x00000000b3a00000, 0x00000000b3b00000, 0x00000000b3b00000|100%| E|CS|TAMS 0x00000000b3a00000, 0x00000000b3a00000| Complete 
| 315|0x00000000b3b00000, 0x00000000b3c00000, 0x00000000b3c00000|100%| E|CS|TAMS 0x00000000b3b00000, 0x00000000b3b00000| Complete 
| 316|0x00000000b3c00000, 0x00000000b3d00000, 0x00000000b3d00000|100%| E|CS|TAMS 0x00000000b3c00000, 0x00000000b3c00000| Complete 
| 317|0x00000000b3d00000, 0x00000000b3e00000, 0x00000000b3e00000|100%| E|CS|TAMS 0x00000000b3d00000, 0x00000000b3d00000| Complete 
| 318|0x00000000b3e00000, 0x00000000b3f00000, 0x00000000b3f00000|100%| E|CS|TAMS 0x00000000b3e00000, 0x00000000b3e00000| Complete 
| 319|0x00000000b3f00000, 0x00000000b4000000, 0x00000000b4000000|100%| E|CS|TAMS 0x00000000b3f00000, 0x00000000b3f00000| Complete 
| 320|0x00000000b4000000, 0x00000000b4100000, 0x00000000b4100000|100%| E|CS|TAMS 0x00000000b4000000, 0x00000000b4000000| Complete 
| 321|0x00000000b4100000, 0x00000000b4200000, 0x00000000b4200000|100%| E|CS|TAMS 0x00000000b4100000, 0x00000000b4100000| Complete 
| 322|0x00000000b4200000, 0x00000000b4300000, 0x00000000b4300000|100%| E|CS|TAMS 0x00000000b4200000, 0x00000000b4200000| Complete 
| 323|0x00000000b4300000, 0x00000000b4400000, 0x00000000b4400000|100%| E|CS|TAMS 0x00000000b4300000, 0x00000000b4300000| Complete 
| 324|0x00000000b4400000, 0x00000000b4500000, 0x00000000b4500000|100%| E|CS|TAMS 0x00000000b4400000, 0x00000000b4400000| Complete 
| 325|0x00000000b4500000, 0x00000000b4600000, 0x00000000b4600000|100%| E|CS|TAMS 0x00000000b4500000, 0x00000000b4500000| Complete 
| 326|0x00000000b4600000, 0x00000000b4700000, 0x00000000b4700000|100%| E|CS|TAMS 0x00000000b4600000, 0x00000000b4600000| Complete 
| 327|0x00000000b4700000, 0x00000000b4800000, 0x00000000b4800000|100%| E|CS|TAMS 0x00000000b4700000, 0x00000000b4700000| Complete 
| 328|0x00000000b4800000, 0x00000000b4900000, 0x00000000b4900000|100%| E|CS|TAMS 0x00000000b4800000, 0x00000000b4800000| Complete 
| 329|0x00000000b4900000, 0x00000000b4a00000, 0x00000000b4a00000|100%| E|CS|TAMS 0x00000000b4900000, 0x00000000b4900000| Complete 
| 330|0x00000000b4a00000, 0x00000000b4b00000, 0x00000000b4b00000|100%| E|CS|TAMS 0x00000000b4a00000, 0x00000000b4a00000| Complete 
| 331|0x00000000b4b00000, 0x00000000b4c00000, 0x00000000b4c00000|100%| E|CS|TAMS 0x00000000b4b00000, 0x00000000b4b00000| Complete 
| 332|0x00000000b4c00000, 0x00000000b4d00000, 0x00000000b4d00000|100%| E|CS|TAMS 0x00000000b4c00000, 0x00000000b4c00000| Complete 
| 333|0x00000000b4d00000, 0x00000000b4e00000, 0x00000000b4e00000|100%| E|CS|TAMS 0x00000000b4d00000, 0x00000000b4d00000| Complete 
| 334|0x00000000b4e00000, 0x00000000b4f00000, 0x00000000b4f00000|100%| E|CS|TAMS 0x00000000b4e00000, 0x00000000b4e00000| Complete 
| 335|0x00000000b4f00000, 0x00000000b5000000, 0x00000000b5000000|100%| E|CS|TAMS 0x00000000b4f00000, 0x00000000b4f00000| Complete 
| 336|0x00000000b5000000, 0x00000000b5100000, 0x00000000b5100000|100%| E|CS|TAMS 0x00000000b5000000, 0x00000000b5000000| Complete 
| 337|0x00000000b5100000, 0x00000000b5200000, 0x00000000b5200000|100%| E|CS|TAMS 0x00000000b5100000, 0x00000000b5100000| Complete 
| 338|0x00000000b5200000, 0x00000000b5300000, 0x00000000b5300000|100%| E|CS|TAMS 0x00000000b5200000, 0x00000000b5200000| Complete 
| 339|0x00000000b5300000, 0x00000000b5400000, 0x00000000b5400000|100%| E|CS|TAMS 0x00000000b5300000, 0x00000000b5300000| Complete 
| 340|0x00000000b5400000, 0x00000000b5500000, 0x00000000b5500000|100%| E|CS|TAMS 0x00000000b5400000, 0x00000000b5400000| Complete 
| 341|0x00000000b5500000, 0x00000000b5600000, 0x00000000b5600000|100%| E|CS|TAMS 0x00000000b5500000, 0x00000000b5500000| Complete 
| 342|0x00000000b5600000, 0x00000000b5700000, 0x00000000b5700000|100%| E|CS|TAMS 0x00000000b5600000, 0x00000000b5600000| Complete 
| 343|0x00000000b5700000, 0x00000000b5800000, 0x00000000b5800000|100%| E|CS|TAMS 0x00000000b5700000, 0x00000000b5700000| Complete 
| 344|0x00000000b5800000, 0x00000000b5900000, 0x00000000b5900000|100%| E|CS|TAMS 0x00000000b5800000, 0x00000000b5800000| Complete 
| 345|0x00000000b5900000, 0x00000000b5a00000, 0x00000000b5a00000|100%| E|CS|TAMS 0x00000000b5900000, 0x00000000b5900000| Complete 
| 346|0x00000000b5a00000, 0x00000000b5b00000, 0x00000000b5b00000|100%| E|CS|TAMS 0x00000000b5a00000, 0x00000000b5a00000| Complete 
| 347|0x00000000b5b00000, 0x00000000b5c00000, 0x00000000b5c00000|100%| E|CS|TAMS 0x00000000b5b00000, 0x00000000b5b00000| Complete 
| 348|0x00000000b5c00000, 0x00000000b5d00000, 0x00000000b5d00000|100%| E|CS|TAMS 0x00000000b5c00000, 0x00000000b5c00000| Complete 
| 349|0x00000000b5d00000, 0x00000000b5e00000, 0x00000000b5e00000|100%| E|CS|TAMS 0x00000000b5d00000, 0x00000000b5d00000| Complete 
| 350|0x00000000b5e00000, 0x00000000b5f00000, 0x00000000b5f00000|100%| E|CS|TAMS 0x00000000b5e00000, 0x00000000b5e00000| Complete 
| 351|0x00000000b5f00000, 0x00000000b6000000, 0x00000000b6000000|100%| E|CS|TAMS 0x00000000b5f00000, 0x00000000b5f00000| Complete 
| 352|0x00000000b6000000, 0x00000000b6100000, 0x00000000b6100000|100%| E|CS|TAMS 0x00000000b6000000, 0x00000000b6000000| Complete 
| 353|0x00000000b6100000, 0x00000000b6200000, 0x00000000b6200000|100%| E|CS|TAMS 0x00000000b6100000, 0x00000000b6100000| Complete 
| 354|0x00000000b6200000, 0x00000000b6300000, 0x00000000b6300000|100%| E|CS|TAMS 0x00000000b6200000, 0x00000000b6200000| Complete 
| 355|0x00000000b6300000, 0x00000000b6400000, 0x00000000b6400000|100%| E|CS|TAMS 0x00000000b6300000, 0x00000000b6300000| Complete 
| 356|0x00000000b6400000, 0x00000000b6500000, 0x00000000b6500000|100%| E|CS|TAMS 0x00000000b6400000, 0x00000000b6400000| Complete 
| 357|0x00000000b6500000, 0x00000000b6600000, 0x00000000b6600000|100%| E|CS|TAMS 0x00000000b6500000, 0x00000000b6500000| Complete 
| 358|0x00000000b6600000, 0x00000000b6700000, 0x00000000b6700000|100%| E|CS|TAMS 0x00000000b6600000, 0x00000000b6600000| Complete 
| 359|0x00000000b6700000, 0x00000000b6800000, 0x00000000b6800000|100%| E|CS|TAMS 0x00000000b6700000, 0x00000000b6700000| Complete 
| 360|0x00000000b6800000, 0x00000000b6900000, 0x00000000b6900000|100%| E|CS|TAMS 0x00000000b6800000, 0x00000000b6800000| Complete 
| 361|0x00000000b6900000, 0x00000000b6a00000, 0x00000000b6a00000|100%| E|CS|TAMS 0x00000000b6900000, 0x00000000b6900000| Complete 

Card table byte_map: [0x000001339bdc0000,0x000001339c0c0000] _byte_map_base: 0x000001339b8c0000

Marking Bits (Prev, Next): (CMBitMap*) 0x0000013384a1e2b0, (CMBitMap*) 0x0000013384a1e270
 Prev Bits: [0x000001339dbc0000, 0x000001339f3c0000)
 Next Bits: [0x000001339c3c0000, 0x000001339dbc0000)

Polling page: 0x0000013384190000

Metaspace:

Usage:
  Non-class:    174.06 MB used.
      Class:     24.38 MB used.
       Both:    198.44 MB used.

Virtual space:
  Non-class space:      192.00 MB reserved,     174.62 MB ( 91%) committed,  3 nodes.
      Class space:        1.00 GB reserved,      24.94 MB (  2%) committed,  1 nodes.
             Both:        1.19 GB reserved,     199.56 MB ( 16%) committed. 

Chunk freelists:
   Non-Class:  1.06 MB
       Class:  6.98 MB
        Both:  8.05 MB

MaxMetaspaceSize: unlimited
CompressedClassSpaceSize: 1.00 GB
Initial GC threshold: 21.00 MB
Current GC threshold: 318.06 MB
CDS: on
MetaspaceReclaimPolicy: balanced
 - commit_granule_bytes: 65536.
 - commit_granule_words: 8192.
 - virtual_space_node_default_size: 8388608.
 - enlarge_chunks_in_place: 1.
 - new_chunks_are_fully_committed: 0.
 - uncommit_free_chunks: 1.
 - use_allocation_guard: 0.
 - handle_deallocations: 1.


Internal statistics:

num_allocs_failed_limit: 23.
num_arena_births: 1672.
num_arena_deaths: 44.
num_vsnodes_births: 4.
num_vsnodes_deaths: 0.
num_space_committed: 3185.
num_space_uncommitted: 0.
num_chunks_returned_to_freelist: 84.
num_chunks_taken_from_freelist: 9681.
num_chunk_merges: 24.
num_chunk_splits: 6985.
num_chunks_enlarged: 5265.
num_inconsistent_stats: 0.

CodeHeap 'non-profiled nmethods': size=120000Kb used=15081Kb max_used=15081Kb free=104918Kb
 bounds [0x0000013394030000, 0x0000013394ef0000, 0x000001339b560000]
CodeHeap 'profiled nmethods': size=120000Kb used=51137Kb max_used=52126Kb free=68862Kb
 bounds [0x000001338c560000, 0x000001338f860000, 0x0000013393a90000]
CodeHeap 'non-nmethods': size=5760Kb used=2651Kb max_used=2819Kb free=3108Kb
 bounds [0x0000013393a90000, 0x0000013393d70000, 0x0000013394030000]
 total_blobs=25489 nmethods=24271 adapters=1127
 compilation: enabled
              stopped_count=0, restarted_count=0
 full_count=0

Compilation events (20 events):
Event: 974.599 Thread 0x00000133a2168090 30669       2       groovyjarjarantlr4.v4.runtime.ParserRuleContext::addChild (7 bytes)
Event: 974.599 Thread 0x00000133a2168090 nmethod 30669 0x000001338eecd310 code [0x000001338eecd4c0, 0x000001338eecd5e8]
Event: 974.600 Thread 0x00000133a2168090 30670       2       groovyjarjarantlr4.v4.runtime.atn.ParserATNSimulator::execATN (730 bytes)
Event: 974.604 Thread 0x00000133a2168090 nmethod 30670 0x000001338ecbe410 code [0x000001338ecbe7c0, 0x000001338ecbfc18]
Event: 974.604 Thread 0x00000133a2168090 30672       2       groovyjarjarantlr4.v4.runtime.atn.ParserATNSimulator::computeStartState (710 bytes)
Event: 974.609 Thread 0x00000133a2168090 nmethod 30672 0x000001338f228910 code [0x000001338f228da0, 0x000001338f22aae8]
Event: 974.609 Thread 0x00000133a2168090 30671       2       java.util.HashMap::treeifyBin (110 bytes)
Event: 974.610 Thread 0x00000133a2168090 nmethod 30671 0x000001338f603f90 code [0x000001338f604180, 0x000001338f604608]
Event: 974.610 Thread 0x00000133a2168090 30673       3       groovyjarjarantlr4.v4.runtime.atn.PredictionContext::appendContext (13 bytes)
Event: 974.610 Thread 0x00000133a2168090 nmethod 30673 0x000001338f603810 code [0x000001338f6039e0, 0x000001338f603d58]
Event: 974.611 Thread 0x00000133a2168090 30675       3       groovyjarjarantlr4.v4.runtime.atn.ParserATNSimulator::actionTransition (10 bytes)
Event: 974.611 Thread 0x00000133a2168090 nmethod 30675 0x000001338ed3ac10 code [0x000001338ed3adc0, 0x000001338ed3af08]
Event: 974.621 Thread 0x00000133a2168090 30677       3       groovyjarjarantlr4.v4.runtime.dfa.DFA::isEmpty (81 bytes)
Event: 974.621 Thread 0x00000133a2168090 nmethod 30677 0x000001338ed39c10 code [0x000001338ed39e40, 0x000001338ed3a778]
Event: 974.621 Thread 0x00000133a2168090 30678       3       groovyjarjarantlr4.v4.runtime.atn.ParserATNSimulator::getReturnState (48 bytes)
Event: 974.622 Thread 0x00000133a2168090 nmethod 30678 0x000001338ee8c190 code [0x000001338ee8c3a0, 0x000001338ee8cbd8]
Event: 974.622 Thread 0x00000133a2168090 30679       2       groovyjarjarantlr4.v4.runtime.atn.SemanticContext$Predicate::<init> (20 bytes)
Event: 974.622 Thread 0x00000133a2168090 nmethod 30679 0x000001338ee8be10 code [0x000001338ee8bfa0, 0x000001338ee8c0b8]
Event: 974.628 Thread 0x00000133a2055430 nmethod 30624 0x0000013394ee1290 code [0x0000013394ee15a0, 0x0000013394ee55e0]
Event: 974.628 Thread 0x00000133a2055430 30676       4       java.util.HashMap$TreeNode::find (172 bytes)

GC Heap History (20 events):
Event: 967.442 GC heap before
{Heap before GC invocations=76 (full 0):
 garbage-first heap   total 258048K, used 217129K [0x00000000a0000000, 0x0000000100000000)
  region size 1024K, 10 young (10240K), 3 survivors (3072K)
 Metaspace       used 182360K, committed 183488K, reserved 1245184K
  class space    used 22797K, committed 23360K, reserved 1048576K
}
Event: 967.445 GC heap after
{Heap after GC invocations=77 (full 0):
 garbage-first heap   total 258048K, used 208937K [0x00000000a0000000, 0x0000000100000000)
  region size 1024K, 2 young (2048K), 2 survivors (2048K)
 Metaspace       used 182360K, committed 183488K, reserved 1245184K
  class space    used 22797K, committed 23360K, reserved 1048576K
}
Event: 967.525 GC heap before
{Heap before GC invocations=77 (full 0):
 garbage-first heap   total 258048K, used 225321K [0x00000000a0000000, 0x0000000100000000)
  region size 1024K, 6 young (6144K), 2 survivors (2048K)
 Metaspace       used 182792K, committed 183936K, reserved 1245184K
  class space    used 22832K, committed 23424K, reserved 1048576K
}
Event: 967.528 GC heap after
{Heap after GC invocations=78 (full 0):
 garbage-first heap   total 258048K, used 209663K [0x00000000a0000000, 0x0000000100000000)
  region size 1024K, 1 young (1024K), 1 survivors (1024K)
 Metaspace       used 182792K, committed 183936K, reserved 1245184K
  class space    used 22832K, committed 23424K, reserved 1048576K
}
Event: 967.892 GC heap before
{Heap before GC invocations=79 (full 0):
 garbage-first heap   total 360448K, used 223999K [0x00000000a0000000, 0x0000000100000000)
  region size 1024K, 17 young (17408K), 1 survivors (1024K)
 Metaspace       used 186851K, committed 188032K, reserved 1245184K
  class space    used 23202K, committed 23744K, reserved 1048576K
}
Event: 967.895 GC heap after
{Heap after GC invocations=80 (full 0):
 garbage-first heap   total 360448K, used 207757K [0x00000000a0000000, 0x0000000100000000)
  region size 1024K, 2 young (2048K), 2 survivors (2048K)
 Metaspace       used 186851K, committed 188032K, reserved 1245184K
  class space    used 23202K, committed 23744K, reserved 1048576K
}
Event: 968.104 GC heap before
{Heap before GC invocations=80 (full 0):
 garbage-first heap   total 360448K, used 222093K [0x00000000a0000000, 0x0000000100000000)
  region size 1024K, 17 young (17408K), 2 survivors (2048K)
 Metaspace       used 190101K, committed 191296K, reserved 1245184K
  class space    used 23554K, committed 24128K, reserved 1048576K
}
Event: 968.114 GC heap after
{Heap after GC invocations=81 (full 0):
 garbage-first heap   total 360448K, used 192550K [0x00000000a0000000, 0x0000000100000000)
  region size 1024K, 3 young (3072K), 3 survivors (3072K)
 Metaspace       used 190101K, committed 191296K, reserved 1245184K
  class space    used 23554K, committed 24128K, reserved 1048576K
}
Event: 969.475 GC heap before
{Heap before GC invocations=81 (full 0):
 garbage-first heap   total 360448K, used 285734K [0x00000000a0000000, 0x0000000100000000)
  region size 1024K, 95 young (97280K), 3 survivors (3072K)
 Metaspace       used 193643K, committed 194816K, reserved 1245184K
  class space    used 23881K, committed 24448K, reserved 1048576K
}
Event: 969.486 GC heap after
{Heap after GC invocations=82 (full 0):
 garbage-first heap   total 360448K, used 204461K [0x00000000a0000000, 0x0000000100000000)
  region size 1024K, 12 young (12288K), 12 survivors (12288K)
 Metaspace       used 193643K, committed 194816K, reserved 1245184K
  class space    used 23881K, committed 24448K, reserved 1048576K
}
Event: 971.552 GC heap before
{Heap before GC invocations=83 (full 0):
 garbage-first heap   total 370688K, used 287405K [0x00000000a0000000, 0x0000000100000000)
  region size 1024K, 96 young (98304K), 12 survivors (12288K)
 Metaspace       used 196905K, committed 198016K, reserved 1245184K
  class space    used 24155K, committed 24704K, reserved 1048576K
}
Event: 971.584 GC heap after
{Heap after GC invocations=84 (full 0):
 garbage-first heap   total 370688K, used 217071K [0x00000000a0000000, 0x0000000100000000)
  region size 1024K, 12 young (12288K), 12 survivors (12288K)
 Metaspace       used 196905K, committed 198016K, reserved 1245184K
  class space    used 24155K, committed 24704K, reserved 1048576K
}
Event: 971.808 GC heap before
{Heap before GC invocations=84 (full 0):
 garbage-first heap   total 370688K, used 223215K [0x00000000a0000000, 0x0000000100000000)
  region size 1024K, 18 young (18432K), 12 survivors (12288K)
 Metaspace       used 196990K, committed 198144K, reserved 1245184K
  class space    used 24160K, committed 24704K, reserved 1048576K
}
Event: 971.819 GC heap after
{Heap after GC invocations=85 (full 0):
 garbage-first heap   total 370688K, used 216706K [0x00000000a0000000, 0x0000000100000000)
  region size 1024K, 3 young (3072K), 3 survivors (3072K)
 Metaspace       used 196990K, committed 198144K, reserved 1245184K
  class space    used 24160K, committed 24704K, reserved 1048576K
}
Event: 972.807 GC heap before
{Heap before GC invocations=85 (full 0):
 garbage-first heap   total 370688K, used 298626K [0x00000000a0000000, 0x0000000100000000)
  region size 1024K, 83 young (84992K), 3 survivors (3072K)
 Metaspace       used 197427K, committed 198592K, reserved 1245184K
  class space    used 24185K, committed 24768K, reserved 1048576K
}
Event: 972.812 GC heap after
{Heap after GC invocations=86 (full 0):
 garbage-first heap   total 370688K, used 220782K [0x00000000a0000000, 0x0000000100000000)
  region size 1024K, 7 young (7168K), 7 survivors (7168K)
 Metaspace       used 197427K, committed 198592K, reserved 1245184K
  class space    used 24185K, committed 24768K, reserved 1048576K
}
Event: 973.268 GC heap before
{Heap before GC invocations=86 (full 0):
 garbage-first heap   total 370688K, used 302702K [0x00000000a0000000, 0x0000000100000000)
  region size 1024K, 86 young (88064K), 7 survivors (7168K)
 Metaspace       used 197438K, committed 198592K, reserved 1245184K
  class space    used 24187K, committed 24768K, reserved 1048576K
}
Event: 973.272 GC heap after
{Heap after GC invocations=87 (full 0):
 garbage-first heap   total 370688K, used 223551K [0x00000000a0000000, 0x0000000100000000)
  region size 1024K, 7 young (7168K), 7 survivors (7168K)
 Metaspace       used 197438K, committed 198592K, reserved 1245184K
  class space    used 24187K, committed 24768K, reserved 1048576K
}
Event: 974.236 GC heap before
{Heap before GC invocations=87 (full 0):
 garbage-first heap   total 370688K, used 303423K [0x00000000a0000000, 0x0000000100000000)
  region size 1024K, 86 young (88064K), 7 survivors (7168K)
 Metaspace       used 203079K, committed 204288K, reserved 1245184K
  class space    used 24963K, committed 25536K, reserved 1048576K
}
Event: 974.243 GC heap after
{Heap after GC invocations=88 (full 0):
 garbage-first heap   total 370688K, used 222576K [0x00000000a0000000, 0x0000000100000000)
  region size 1024K, 5 young (5120K), 5 survivors (5120K)
 Metaspace       used 203079K, committed 204288K, reserved 1245184K
  class space    used 24963K, committed 25536K, reserved 1048576K
}

Dll operation events (17 events):
Event: 0.006 Loaded shared library C:\Program Files\Java\jdk-17\bin\java.dll
Event: 0.021 Loaded shared library C:\Program Files\Java\jdk-17\bin\jsvml.dll
Event: 0.060 Loaded shared library C:\Program Files\Java\jdk-17\bin\zip.dll
Event: 0.062 Loaded shared library C:\Program Files\Java\jdk-17\bin\instrument.dll
Event: 0.065 Loaded shared library C:\Program Files\Java\jdk-17\bin\net.dll
Event: 0.067 Loaded shared library C:\Program Files\Java\jdk-17\bin\nio.dll
Event: 0.069 Loaded shared library C:\Program Files\Java\jdk-17\bin\zip.dll
Event: 0.269 Loaded shared library C:\Program Files\Java\jdk-17\bin\jimage.dll
Event: 0.387 Loaded shared library C:\Program Files\Java\jdk-17\bin\verify.dll
Event: 0.445 Loaded shared library C:\Users\LEGION\.gradle\native\1def1411415f61bf3af743bc5b6707747c0891f09f0c88961ee8f79bc544acac\windows-amd64\native-platform.dll
Event: 0.453 Loaded shared library C:\Users\LEGION\.gradle\native\0.2.7\x86_64-windows-gnu\gradle-fileevents.dll
Event: 1.247 Loaded shared library C:\Program Files\Java\jdk-17\bin\management.dll
Event: 1.252 Loaded shared library C:\Program Files\Java\jdk-17\bin\management_ext.dll
Event: 1.524 Loaded shared library C:\Program Files\Java\jdk-17\bin\extnet.dll
Event: 1.690 Loaded shared library C:\Program Files\Java\jdk-17\bin\sunmscapi.dll
Event: 15.695 Loaded shared library C:\Users\LEGION\AppData\Local\Temp\jna--2053241030\jna12977833595364582817.dll
Event: 962.034 Loaded shared library C:\Program Files\Java\jdk-17\bin\awt.dll

Deoptimization events (20 events):
Event: 974.173 Thread 0x00000133ee886940 DEOPT PACKING pc=0x00000133949d45b8 sp=0x00000016049fadb0
Event: 974.173 Thread 0x00000133ee886940 DEOPT UNPACKING pc=0x0000013393ae69a3 sp=0x00000016049fad48 mode 2
Event: 974.297 Thread 0x00000133ee886940 DEOPT PACKING pc=0x000001338f2b8e1a sp=0x00000016049fb540
Event: 974.297 Thread 0x00000133ee886940 DEOPT UNPACKING pc=0x0000013393ae7143 sp=0x00000016049faad0 mode 0
Event: 974.373 Thread 0x00000133ee886940 DEOPT PACKING pc=0x000001338e5dd6d4 sp=0x00000016049fb640
Event: 974.373 Thread 0x00000133ee886940 DEOPT UNPACKING pc=0x0000013393ae7143 sp=0x00000016049fab40 mode 0
Event: 974.413 Thread 0x00000133ee886940 DEOPT PACKING pc=0x000001338eea504c sp=0x00000016049fb670
Event: 974.413 Thread 0x00000133ee886940 DEOPT UNPACKING pc=0x0000013393ae7143 sp=0x00000016049fab88 mode 0
Event: 974.420 Thread 0x00000133ee886940 DEOPT PACKING pc=0x000001338ee66987 sp=0x00000016049fb3e0
Event: 974.420 Thread 0x00000133ee886940 DEOPT UNPACKING pc=0x0000013393ae7143 sp=0x00000016049fa938 mode 0
Event: 974.524 Thread 0x00000133ee886940 Uncommon trap: trap_request=0xffffff45 fr.pc=0x0000013394ed976c relative=0x00000000000000cc
Event: 974.524 Thread 0x00000133ee886940 Uncommon trap: reason=unstable_if action=reinterpret pc=0x0000013394ed976c method=groovyjarjarantlr4.v4.runtime.atn.PredictionContextCache$IdentityCommutativePredictionContextOperands.equals(Ljava/lang/Object;)Z @ 40 c2
Event: 974.524 Thread 0x00000133ee886940 DEOPT PACKING pc=0x0000013394ed976c sp=0x00000016049fa110
Event: 974.524 Thread 0x00000133ee886940 DEOPT UNPACKING pc=0x0000013393ae69a3 sp=0x00000016049fa0a0 mode 2
Event: 974.524 Thread 0x00000133ee886940 Uncommon trap: trap_request=0xffffff45 fr.pc=0x0000013394edf534 relative=0x00000000000005d4
Event: 974.524 Thread 0x00000133ee886940 Uncommon trap: reason=unstable_if action=reinterpret pc=0x0000013394edf534 method=groovyjarjarantlr4.v4.runtime.atn.PredictionContextCache$IdentityCommutativePredictionContextOperands.equals(Ljava/lang/Object;)Z @ 40 c2
Event: 974.524 Thread 0x00000133ee886940 DEOPT PACKING pc=0x0000013394edf534 sp=0x00000016049f9fd0
Event: 974.524 Thread 0x00000133ee886940 DEOPT UNPACKING pc=0x0000013393ae69a3 sp=0x00000016049f9e30 mode 2
Event: 974.555 Thread 0x00000133ee886940 DEOPT PACKING pc=0x000001338edb2bee sp=0x00000016049faf70
Event: 974.555 Thread 0x00000133ee886940 DEOPT UNPACKING pc=0x0000013393ae7143 sp=0x00000016049fa498 mode 0

Classes loaded (20 events):
Event: 967.606 Loading class java/util/concurrent/Executors$PrivilegedThreadFactory$1
Event: 967.606 Loading class java/util/concurrent/Executors$PrivilegedThreadFactory$1 done
Event: 967.607 Loading class java/util/concurrent/Executors$PrivilegedThreadFactory$1$1
Event: 967.607 Loading class java/util/concurrent/Executors$PrivilegedThreadFactory$1$1 done
Event: 967.612 Loading class sun/management/NotificationEmitterSupport$ListenerInfo
Event: 967.613 Loading class sun/management/NotificationEmitterSupport$ListenerInfo done
Event: 969.934 Loading class java/util/function/LongBinaryOperator
Event: 969.934 Loading class java/util/function/LongBinaryOperator done
Event: 973.997 Loading class java/io/InvalidClassException
Event: 973.998 Loading class java/io/InvalidClassException done
Event: 974.118 Loading class java/lang/invoke/VarHandleInts$Array
Event: 974.118 Loading class java/lang/invoke/VarHandleInts$Array done
Event: 974.174 Loading class java/util/stream/SortedOps$OfInt
Event: 974.175 Loading class java/util/stream/IntPipeline$StatefulOp
Event: 974.175 Loading class java/util/stream/IntPipeline$StatefulOp done
Event: 974.175 Loading class java/util/stream/SortedOps$OfInt done
Event: 974.175 Loading class java/util/stream/SortedOps$SizedIntSortingSink
Event: 974.175 Loading class java/util/stream/SortedOps$AbstractIntSortingSink
Event: 974.175 Loading class java/util/stream/SortedOps$AbstractIntSortingSink done
Event: 974.175 Loading class java/util/stream/SortedOps$SizedIntSortingSink done

Classes unloaded (20 events):
Event: 967.684 Thread 0x00000133a202c980 Unloading class 0x00000133a5529000 'java/lang/invoke/LambdaForm$DMH+0x00000133a5529000'
Event: 967.684 Thread 0x00000133a202c980 Unloading class 0x00000133a5528800 'java/lang/invoke/LambdaForm$DMH+0x00000133a5528800'
Event: 967.684 Thread 0x00000133a202c980 Unloading class 0x00000133a5258800 'java/lang/invoke/LambdaForm$DMH+0x00000133a5258800'
Event: 967.684 Thread 0x00000133a202c980 Unloading class 0x00000133a524c400 'java/lang/invoke/LambdaForm$DMH+0x00000133a524c400'
Event: 967.684 Thread 0x00000133a202c980 Unloading class 0x00000133a505d000 'java/lang/invoke/LambdaForm$MH+0x00000133a505d000'
Event: 967.684 Thread 0x00000133a202c980 Unloading class 0x00000133a505c000 'java/lang/invoke/LambdaForm$MH+0x00000133a505c000'
Event: 967.684 Thread 0x00000133a202c980 Unloading class 0x00000133a505b800 'java/lang/invoke/LambdaForm$MH+0x00000133a505b800'
Event: 967.684 Thread 0x00000133a202c980 Unloading class 0x00000133a505b000 'java/lang/invoke/LambdaForm$MH+0x00000133a505b000'
Event: 967.684 Thread 0x00000133a202c980 Unloading class 0x00000133a505a800 'java/lang/invoke/LambdaForm$MH+0x00000133a505a800'
Event: 967.684 Thread 0x00000133a202c980 Unloading class 0x00000133a505a000 'java/lang/invoke/LambdaForm$BMH+0x00000133a505a000'
Event: 967.684 Thread 0x00000133a202c980 Unloading class 0x00000133a5059400 'java/lang/invoke/LambdaForm$MH+0x00000133a5059400'
Event: 967.684 Thread 0x00000133a202c980 Unloading class 0x00000133a5058c00 'java/lang/invoke/LambdaForm$MH+0x00000133a5058c00'
Event: 967.684 Thread 0x00000133a202c980 Unloading class 0x00000133a5058400 'java/lang/invoke/LambdaForm$MH+0x00000133a5058400'
Event: 967.684 Thread 0x00000133a202c980 Unloading class 0x00000133a5057c00 'java/lang/invoke/LambdaForm$MH+0x00000133a5057c00'
Event: 967.684 Thread 0x00000133a202c980 Unloading class 0x00000133a5057400 'java/lang/invoke/LambdaForm$MH+0x00000133a5057400'
Event: 967.684 Thread 0x00000133a202c980 Unloading class 0x00000133a5056000 'java/lang/invoke/LambdaForm$MH+0x00000133a5056000'
Event: 967.684 Thread 0x00000133a202c980 Unloading class 0x00000133a5055800 'java/lang/invoke/LambdaForm$MH+0x00000133a5055800'
Event: 967.684 Thread 0x00000133a202c980 Unloading class 0x00000133a5055000 'java/lang/invoke/LambdaForm$MH+0x00000133a5055000'
Event: 967.684 Thread 0x00000133a202c980 Unloading class 0x00000133a5054800 'java/lang/invoke/LambdaForm$MH+0x00000133a5054800'
Event: 967.684 Thread 0x00000133a202c980 Unloading class 0x00000133a5054400 'java/lang/invoke/LambdaForm$MH+0x00000133a5054400'

Classes redefined (0 events):
No events

Internal exceptions (20 events):
Event: 969.287 Thread 0x00000133ee88b530 Exception <a 'sun/nio/fs/WindowsException'{0x00000000b32d6dc8}> (0x00000000b32d6dc8) 
thrown [s\src\hotspot\share\prims\jni.cpp, line 516]
Event: 969.287 Thread 0x00000133ee88b530 Exception <a 'sun/nio/fs/WindowsException'{0x00000000b32d7930}> (0x00000000b32d7930) 
thrown [s\src\hotspot\share\prims\jni.cpp, line 516]
Event: 969.288 Thread 0x00000133ee88b530 Exception <a 'sun/nio/fs/WindowsException'{0x00000000b32d8340}> (0x00000000b32d8340) 
thrown [s\src\hotspot\share\prims\jni.cpp, line 516]
Event: 969.288 Thread 0x00000133ee88b530 Exception <a 'sun/nio/fs/WindowsException'{0x00000000b32d8e28}> (0x00000000b32d8e28) 
thrown [s\src\hotspot\share\prims\jni.cpp, line 516]
Event: 969.288 Thread 0x00000133ee88b530 Exception <a 'sun/nio/fs/WindowsException'{0x00000000b32da198}> (0x00000000b32da198) 
thrown [s\src\hotspot\share\prims\jni.cpp, line 516]
Event: 969.289 Thread 0x00000133ee88b530 Exception <a 'sun/nio/fs/WindowsException'{0x00000000b32db840}> (0x00000000b32db840) 
thrown [s\src\hotspot\share\prims\jni.cpp, line 516]
Event: 969.662 Thread 0x00000133ee886940 Implicit null exception at 0x00000133944ba0b4 to 0x00000133944ba5a0
Event: 969.828 Thread 0x00000133ee88b530 Implicit null exception at 0x00000133942c556a to 0x00000133942c589c
Event: 969.883 Thread 0x00000133ee88b530 Implicit null exception at 0x0000013394c220b5 to 0x0000013394c22ffd
Event: 970.081 Thread 0x00000133ee88b530 Exception <a 'sun/nio/fs/WindowsException'{0x00000000b413a948}> (0x00000000b413a948) 
thrown [s\src\hotspot\share\prims\jni.cpp, line 516]
Event: 970.913 Thread 0x00000133ee886940 Implicit null exception at 0x0000013394d5964f to 0x0000013394d59715
Event: 971.115 Thread 0x00000133ee886940 Implicit null exception at 0x0000013394d2ec77 to 0x0000013394d2f03c
Event: 973.710 Thread 0x00000133ee886940 Exception <a 'java/lang/ClassNotFoundException'{0x00000000b42f1be8}: groovy/lang/ExpandoMetaClassBeanInfo> (0x00000000b42f1be8) 
thrown [s\src\hotspot\share\classfile\systemDictionary.cpp, line 257]
Event: 973.710 Thread 0x00000133ee886940 Exception <a 'java/lang/ClassNotFoundException'{0x00000000b42fab10}: groovy/lang/MetaClassImplBeanInfo> (0x00000000b42fab10) 
thrown [s\src\hotspot\share\classfile\systemDictionary.cpp, line 257]
Event: 973.710 Thread 0x00000133ee886940 Exception <a 'java/lang/ClassNotFoundException'{0x00000000b4103c58}: groovy/lang/MetaClassImplCustomizer> (0x00000000b4103c58) 
thrown [s\src\hotspot\share\classfile\systemDictionary.cpp, line 257]
Event: 973.712 Thread 0x00000133ee886940 Exception <a 'java/lang/ClassNotFoundException'{0x00000000b412e118}: groovy/lang/ExpandoMetaClassCustomizer> (0x00000000b412e118) 
thrown [s\src\hotspot\share\classfile\systemDictionary.cpp, line 257]
Event: 973.730 Thread 0x00000133ee886940 Exception <a 'java/lang/ClassNotFoundException'{0x00000000b403b608}: org/codehaus/groovy/ast/builder/AstBuilderBeanInfo> (0x00000000b403b608) 
thrown [s\src\hotspot\share\classfile\systemDictionary.cpp, line 257]
Event: 973.730 Thread 0x00000133ee886940 Exception <a 'java/lang/ClassNotFoundException'{0x00000000b40d8468}: org/codehaus/groovy/ast/builder/AstBuilderCustomizer> (0x00000000b40d8468) 
thrown [s\src\hotspot\share\classfile\systemDictionary.cpp, line 257]
Event: 973.740 Thread 0x00000133ee886940 Exception <a 'java/lang/ClassNotFoundException'{0x00000000b3fe3a90}: org/codehaus/groovy/control/CompilePhaseBeanInfo> (0x00000000b3fe3a90) 
thrown [s\src\hotspot\share\classfile\systemDictionary.cpp, line 257]
Event: 973.741 Thread 0x00000133ee886940 Exception <a 'java/lang/ClassNotFoundException'{0x00000000b3e97310}: org/codehaus/groovy/control/CompilePhaseCustomizer> (0x00000000b3e97310) 
thrown [s\src\hotspot\share\classfile\systemDictionary.cpp, line 257]

VM Operations (20 events):
Event: 972.357 Executing VM operation: ICBufferFull
Event: 972.357 Executing VM operation: ICBufferFull done
Event: 972.396 Executing VM operation: HandshakeAllThreads
Event: 972.396 Executing VM operation: HandshakeAllThreads done
Event: 972.515 Executing VM operation: HandshakeAllThreads
Event: 972.515 Executing VM operation: HandshakeAllThreads done
Event: 972.807 Executing VM operation: G1CollectForAllocation
Event: 972.812 Executing VM operation: G1CollectForAllocation done
Event: 973.268 Executing VM operation: G1CollectForAllocation
Event: 973.272 Executing VM operation: G1CollectForAllocation done
Event: 974.028 Executing VM operation: HandshakeAllThreads
Event: 974.028 Executing VM operation: HandshakeAllThreads done
Event: 974.115 Executing VM operation: HandshakeAllThreads
Event: 974.115 Executing VM operation: HandshakeAllThreads done
Event: 974.136 Executing VM operation: HandshakeAllThreads
Event: 974.137 Executing VM operation: HandshakeAllThreads done
Event: 974.144 Executing VM operation: ICBufferFull
Event: 974.145 Executing VM operation: ICBufferFull done
Event: 974.235 Executing VM operation: G1CollectForAllocation
Event: 974.243 Executing VM operation: G1CollectForAllocation done

Memory protections (0 events):
No events

Nmethod flushes (20 events):
Event: 972.560 Thread 0x00000133a21685b0 flushing  nmethod 0x000001338f215d90
Event: 972.560 Thread 0x00000133a21685b0 flushing  nmethod 0x000001338f228910
Event: 972.561 Thread 0x00000133a21685b0 flushing  nmethod 0x000001338f268090
Event: 972.561 Thread 0x00000133a21685b0 flushing  nmethod 0x000001338f26c190
Event: 972.561 Thread 0x00000133a21685b0 flushing  nmethod 0x000001338f299210
Event: 972.561 Thread 0x00000133a21685b0 flushing  nmethod 0x000001338f2b7310
Event: 972.561 Thread 0x00000133a21685b0 flushing  nmethod 0x000001338f2d0a90
Event: 972.561 Thread 0x00000133a21685b0 flushing  nmethod 0x000001338f2d9c90
Event: 972.562 Thread 0x00000133a21685b0 flushing  nmethod 0x000001338f39d410
Event: 972.562 Thread 0x00000133a21685b0 flushing  nmethod 0x000001338f3a0290
Event: 972.562 Thread 0x00000133a21685b0 flushing  nmethod 0x000001338f3e2e90
Event: 972.562 Thread 0x00000133a21685b0 flushing  nmethod 0x000001338f3ed290
Event: 972.562 Thread 0x00000133a21685b0 flushing  nmethod 0x000001338f412510
Event: 972.562 Thread 0x00000133a21685b0 flushing  nmethod 0x000001338f42e310
Event: 972.563 Thread 0x00000133a21685b0 flushing  nmethod 0x000001338f4e1c10
Event: 972.563 Thread 0x00000133a21685b0 flushing  nmethod 0x000001338f4ec090
Event: 972.563 Thread 0x00000133a21685b0 flushing  nmethod 0x000001338f4f0010
Event: 972.563 Thread 0x00000133a21685b0 flushing  nmethod 0x000001338f4fd010
Event: 972.564 Thread 0x00000133a21685b0 flushing  nmethod 0x000001338f603810
Event: 972.564 Thread 0x00000133a21685b0 flushing  nmethod 0x000001338f604410

Events (20 events):
Event: 960.433 Thread 0x00000133f0172590 Thread added: 0x00000133ee0b5230
Event: 960.433 Thread 0x00000133f0172590 Thread added: 0x00000133ee0b1060
Event: 960.433 Thread 0x00000133f0172590 Thread added: 0x00000133ee0b84d0
Event: 961.097 Thread 0x00000133eebcf310 Thread exited: 0x00000133eebcf310
Event: 962.076 Thread 0x00000133ee886940 Thread added: 0x00000133ee0b7090
Event: 962.077 Thread 0x00000133ee886940 Thread added: 0x00000133ee0b33d0
Event: 962.078 Thread 0x00000133ee886940 Thread added: 0x00000133ee0b6160
Event: 962.093 Thread 0x00000133ee886940 Thread added: 0x00000133ee0b4300
Event: 962.283 Thread 0x00000133ee886940 Thread added: 0x00000133ee0b89e0
Event: 962.283 Thread 0x00000133ee88e2c0 Thread added: 0x00000133ee0b38e0
Event: 962.283 Thread 0x00000133ee886940 Thread added: 0x00000133ee0b4810
Event: 962.313 Thread 0x00000133ee0b89e0 Thread added: 0x00000133ee0b6670
Event: 962.316 Thread 0x00000133ee0b38e0 Thread added: 0x00000133ee0b1a80
Event: 962.316 Thread 0x00000133ee0b6670 Thread added: 0x00000133ee0b9400
Event: 962.523 Thread 0x00000133a2168090 Thread added: 0x00000133eebc98c0
Event: 963.104 Thread 0x00000133ee0b33d0 Thread exited: 0x00000133ee0b33d0
Event: 963.104 Thread 0x00000133ee0b4300 Thread exited: 0x00000133ee0b4300
Event: 967.268 Thread 0x00000133a2168090 Thread added: 0x00000133ed13e080
Event: 967.590 Thread 0x00000133ee88e2c0 Thread added: 0x00000133ee0bcbb0
Event: 967.607 Thread 0x00000133ee88e2c0 Thread added: 0x00000133ee0bd0c0


Dynamic libraries:
0x00007ff71d960000 - 0x00007ff71d96e000 	C:\Program Files\Java\jdk-17\bin\java.exe
0x00007ff8e1470000 - 0x00007ff8e1668000 	C:\WINDOWS\SYSTEM32\ntdll.dll
0x00007ff8e0c00000 - 0x00007ff8e0cc2000 	C:\WINDOWS\System32\KERNEL32.DLL
0x00007ff8deb00000 - 0x00007ff8dedf6000 	C:\WINDOWS\System32\KERNELBASE.dll
0x00007ff8df230000 - 0x00007ff8df330000 	C:\WINDOWS\System32\ucrtbase.dll
0x00007ff8b1080000 - 0x00007ff8b109e000 	C:\Program Files\Java\jdk-17\bin\VCRUNTIME140.dll
0x00007ff8b0850000 - 0x00007ff8b0868000 	C:\Program Files\Java\jdk-17\bin\jli.dll
0x00007ff8e0740000 - 0x00007ff8e08e1000 	C:\WINDOWS\System32\USER32.dll
0x00007ff8c9c70000 - 0x00007ff8c9f0b000 	C:\WINDOWS\WinSxS\amd64_microsoft.windows.common-controls_6595b64144ccf1df_6.0.19041.6456_none_60b8a6cb71f64256\COMCTL32.dll
0x00007ff8def50000 - 0x00007ff8def72000 	C:\WINDOWS\System32\win32u.dll
0x00007ff8e06a0000 - 0x00007ff8e073e000 	C:\WINDOWS\System32\msvcrt.dll
0x00007ff8e0330000 - 0x00007ff8e035b000 	C:\WINDOWS\System32\GDI32.dll
0x00007ff8dee00000 - 0x00007ff8def19000 	C:\WINDOWS\System32\gdi32full.dll
0x00007ff8df100000 - 0x00007ff8df19d000 	C:\WINDOWS\System32\msvcp_win.dll
0x00007ff8df570000 - 0x00007ff8df59f000 	C:\WINDOWS\System32\IMM32.DLL
0x00007ff8bc9b0000 - 0x00007ff8bc9bc000 	C:\Program Files\Java\jdk-17\bin\vcruntime140_1.dll
0x00007ff8b00d0000 - 0x00007ff8b015d000 	C:\Program Files\Java\jdk-17\bin\msvcp140.dll
0x00007ff87d480000 - 0x00007ff87e0ec000 	C:\Program Files\Java\jdk-17\bin\server\jvm.dll
0x00007ff8dfe80000 - 0x00007ff8dff31000 	C:\WINDOWS\System32\ADVAPI32.dll
0x00007ff8df5c0000 - 0x00007ff8df65f000 	C:\WINDOWS\System32\sechost.dll
0x00007ff8e08f0000 - 0x00007ff8e0a10000 	C:\WINDOWS\System32\RPCRT4.dll
0x00007ff8def20000 - 0x00007ff8def47000 	C:\WINDOWS\System32\bcrypt.dll
0x00007ff8e0620000 - 0x00007ff8e068b000 	C:\WINDOWS\System32\WS2_32.dll
0x00007ff8de000000 - 0x00007ff8de04b000 	C:\WINDOWS\SYSTEM32\POWRPROF.dll
0x00007ff8c9f10000 - 0x00007ff8c9f37000 	C:\WINDOWS\SYSTEM32\WINMM.dll
0x00007ff8d7820000 - 0x00007ff8d782a000 	C:\WINDOWS\SYSTEM32\VERSION.dll
0x00007ff8ddec0000 - 0x00007ff8dded2000 	C:\WINDOWS\SYSTEM32\UMPDC.dll
0x00007ff8dd2d0000 - 0x00007ff8dd2e2000 	C:\WINDOWS\SYSTEM32\kernel.appcore.dll
0x00007ff8bc8d0000 - 0x00007ff8bc8da000 	C:\Program Files\Java\jdk-17\bin\jimage.dll
0x00007ff8dc6a0000 - 0x00007ff8dc8a1000 	C:\WINDOWS\SYSTEM32\DBGHELP.DLL
0x00007ff8c2920000 - 0x00007ff8c2954000 	C:\WINDOWS\SYSTEM32\dbgcore.DLL
0x00007ff8df1a0000 - 0x00007ff8df222000 	C:\WINDOWS\System32\bcryptPrimitives.dll
0x00007ff8b37b0000 - 0x00007ff8b37be000 	C:\Program Files\Java\jdk-17\bin\instrument.dll
0x00007ff8b00a0000 - 0x00007ff8b00c5000 	C:\Program Files\Java\jdk-17\bin\java.dll
0x00007ff88a5a0000 - 0x00007ff88a677000 	C:\Program Files\Java\jdk-17\bin\jsvml.dll
0x00007ff8df710000 - 0x00007ff8dfe80000 	C:\WINDOWS\System32\SHELL32.dll
0x00007ff8dcb10000 - 0x00007ff8dd2b5000 	C:\WINDOWS\SYSTEM32\windows.storage.dll
0x00007ff8dffd0000 - 0x00007ff8e0324000 	C:\WINDOWS\System32\combase.dll
0x00007ff8de450000 - 0x00007ff8de47b000 	C:\WINDOWS\SYSTEM32\Wldp.dll
0x00007ff8e0480000 - 0x00007ff8e054d000 	C:\WINDOWS\System32\OLEAUT32.dll
0x00007ff8e0b50000 - 0x00007ff8e0bfd000 	C:\WINDOWS\System32\SHCORE.dll
0x00007ff8e0f60000 - 0x00007ff8e0fbb000 	C:\WINDOWS\System32\shlwapi.dll
0x00007ff8dea30000 - 0x00007ff8dea54000 	C:\WINDOWS\SYSTEM32\profapi.dll
0x00007ff8b0040000 - 0x00007ff8b0058000 	C:\Program Files\Java\jdk-17\bin\zip.dll
0x00007ff8b0080000 - 0x00007ff8b009a000 	C:\Program Files\Java\jdk-17\bin\net.dll
0x00007ff8d5e10000 - 0x00007ff8d5f1a000 	C:\WINDOWS\SYSTEM32\WINHTTP.dll
0x00007ff8de230000 - 0x00007ff8de29a000 	C:\WINDOWS\system32\mswsock.dll
0x00007ff8b0060000 - 0x00007ff8b0076000 	C:\Program Files\Java\jdk-17\bin\nio.dll
0x00007ff8bbe90000 - 0x00007ff8bbea0000 	C:\Program Files\Java\jdk-17\bin\verify.dll
0x00007ff8afbc0000 - 0x00007ff8afbe7000 	C:\Users\LEGION\.gradle\native\1def1411415f61bf3af743bc5b6707747c0891f09f0c88961ee8f79bc544acac\windows-amd64\native-platform.dll
0x00007ff8aee70000 - 0x00007ff8aeee8000 	C:\Users\LEGION\.gradle\native\0.2.7\x86_64-windows-gnu\gradle-fileevents.dll
0x00007ff8b4610000 - 0x00007ff8b461a000 	C:\Program Files\Java\jdk-17\bin\management.dll
0x00007ff8b4420000 - 0x00007ff8b442c000 	C:\Program Files\Java\jdk-17\bin\management_ext.dll
0x00007ff8e05b0000 - 0x00007ff8e05b8000 	C:\WINDOWS\System32\PSAPI.DLL
0x00007ff8ddee0000 - 0x00007ff8ddf1b000 	C:\WINDOWS\SYSTEM32\IPHLPAPI.DLL
0x00007ff8e0690000 - 0x00007ff8e0698000 	C:\WINDOWS\System32\NSI.dll
0x00007ff8d7800000 - 0x00007ff8d7817000 	C:\WINDOWS\SYSTEM32\dhcpcsvc6.DLL
0x00007ff8d7bc0000 - 0x00007ff8d7bdd000 	C:\WINDOWS\SYSTEM32\dhcpcsvc.DLL
0x00007ff8ddf20000 - 0x00007ff8ddfea000 	C:\WINDOWS\SYSTEM32\DNSAPI.dll
0x00007ff8b3920000 - 0x00007ff8b3929000 	C:\Program Files\Java\jdk-17\bin\extnet.dll
0x00007ff8de7e0000 - 0x00007ff8de7f8000 	C:\WINDOWS\SYSTEM32\CRYPTSP.dll
0x00007ff8ddb00000 - 0x00007ff8ddb38000 	C:\WINDOWS\system32\rsaenh.dll
0x00007ff8de9f0000 - 0x00007ff8dea1e000 	C:\WINDOWS\SYSTEM32\USERENV.dll
0x00007ff8de3c0000 - 0x00007ff8de3cc000 	C:\WINDOWS\SYSTEM32\CRYPTBASE.dll
0x00007ff8b1ad0000 - 0x00007ff8b1ade000 	C:\Program Files\Java\jdk-17\bin\sunmscapi.dll
0x00007ff8df330000 - 0x00007ff8df48d000 	C:\WINDOWS\System32\CRYPT32.dll
0x00007ff8de4c0000 - 0x00007ff8de4e7000 	C:\WINDOWS\SYSTEM32\ncrypt.dll
0x00007ff8de480000 - 0x00007ff8de4bb000 	C:\WINDOWS\SYSTEM32\NTASN1.dll
0x00007ff8b3380000 - 0x00007ff8b3387000 	C:\WINDOWS\system32\wshunix.dll
0x00007ff88d260000 - 0x00007ff88d2a1000 	C:\Users\LEGION\AppData\Local\Temp\jna--2053241030\jna12977833595364582817.dll
0x00007ff8ddd50000 - 0x00007ff8ddd83000 	C:\WINDOWS\SYSTEM32\ntmarta.dll
0x00007ff88be00000 - 0x00007ff88bf91000 	C:\Program Files\Java\jdk-17\bin\awt.dll
0x00007ff8db9d0000 - 0x00007ff8dba64000 	C:\WINDOWS\SYSTEM32\apphelp.dll
0x00007ff8dbfe0000 - 0x00007ff8dc07e000 	C:\WINDOWS\system32\uxtheme.dll
0x00007ff8e0360000 - 0x00007ff8e0475000 	C:\WINDOWS\System32\MSCTF.dll
0x00007ff8e0a10000 - 0x00007ff8e0b3b000 	C:\WINDOWS\System32\ole32.dll

dbghelp: loaded successfully - version: 4.0.5 - missing functions: none
symbol engine: initialized successfully - sym options: 0x614 - pdb path: .;C:\Program Files\Java\jdk-17\bin;C:\WINDOWS\SYSTEM32;C:\WINDOWS\WinSxS\amd64_microsoft.windows.common-controls_6595b64144ccf1df_6.0.19041.6456_none_60b8a6cb71f64256;C:\Program Files\Java\jdk-17\bin\server;C:\Users\LEGION\.gradle\native\1def1411415f61bf3af743bc5b6707747c0891f09f0c88961ee8f79bc544acac\windows-amd64;C:\Users\LEGION\.gradle\native\0.2.7\x86_64-windows-gnu;C:\Users\LEGION\AppData\Local\Temp\jna--2053241030

VM Arguments:
jvm_args: --add-opens=java.base/java.lang=ALL-UNNAMED --add-opens=java.base/java.lang.invoke=ALL-UNNAMED --add-opens=java.base/java.util=ALL-UNNAMED --add-opens=java.prefs/java.util.prefs=ALL-UNNAMED --add-exports=jdk.compiler/com.sun.tools.javac.api=ALL-UNNAMED --add-exports=jdk.compiler/com.sun.tools.javac.util=ALL-UNNAMED --add-opens=java.base/java.util=ALL-UNNAMED --add-opens=java.prefs/java.util.prefs=ALL-UNNAMED --add-opens=java.base/java.nio.charset=ALL-UNNAMED --add-opens=java.base/java.net=ALL-UNNAMED --add-opens=java.base/java.util.concurrent.atomic=ALL-UNNAMED --add-opens=java.xml/javax.xml.namespace=ALL-UNNAMED -Xmx1536m -Dfile.encoding=windows-1252 -Duser.country=US -Duser.language=en -Duser.variant -javaagent:C:\Users\LEGION\.gradle\wrapper\dists\gradle-8.13-bin\5xuhj0ry160q40clulazy9h7d\gradle-8.13\lib\agents\gradle-instrumentation-agent-8.13.jar 
java_command: org.gradle.launcher.daemon.bootstrap.GradleDaemon 8.13
java_class_path (initial): C:\Users\LEGION\.gradle\wrapper\dists\gradle-8.13-bin\5xuhj0ry160q40clulazy9h7d\gradle-8.13\lib\gradle-daemon-main-8.13.jar
Launcher Type: SUN_STANDARD

[Global flags]
     intx CICompilerCount                          = 4                                         {product} {ergonomic}
     uint ConcGCThreads                            = 3                                         {product} {ergonomic}
     uint G1ConcRefinementThreads                  = 10                                        {product} {ergonomic}
   size_t G1HeapRegionSize                         = 1048576                                   {product} {ergonomic}
    uintx GCDrainStackTargetSize                   = 64                                        {product} {ergonomic}
   size_t InitialHeapSize                          = 266338304                                 {product} {ergonomic}
   size_t MarkStackSize                            = 4194304                                   {product} {ergonomic}
   size_t MaxHeapSize                              = 1610612736                                {product} {command line}
   size_t MaxNewSize                               = 965738496                                 {product} {ergonomic}
   size_t MinHeapDeltaBytes                        = 1048576                                   {product} {ergonomic}
   size_t MinHeapSize                              = 8388608                                   {product} {ergonomic}
    uintx NonNMethodCodeHeapSize                   = 5839372                                {pd product} {ergonomic}
    uintx NonProfiledCodeHeapSize                  = 122909434                              {pd product} {ergonomic}
    uintx ProfiledCodeHeapSize                     = 122909434                              {pd product} {ergonomic}
    uintx ReservedCodeCacheSize                    = 251658240                              {pd product} {ergonomic}
     bool SegmentedCodeCache                       = true                                      {product} {ergonomic}
   size_t SoftMaxHeapSize                          = 1610612736                             {manageable} {ergonomic}
     bool UseCompressedClassPointers               = true                           {product lp64_product} {ergonomic}
     bool UseCompressedOops                        = true                           {product lp64_product} {ergonomic}
     bool UseG1GC                                  = true                                      {product} {ergonomic}
     bool UseLargePagesIndividualAllocation        = false                                  {pd product} {ergonomic}

Logging:
Log output configuration:
 #0: stdout all=warning uptime,level,tags
 #1: stderr all=off uptime,level,tags

Environment Variables:
JAVA_HOME=C:\Program Files\Java\jdk-17
CLASSPATH=C:\Users\LEGION\Backgammon-game\\gradle\wrapper\gradle-wrapper.jar
PATH=C:\Users\LEGION\.cache\codex-runtimes\codex-primary-runtime\dependencies\native\powershell;C:\Users\LEGION\.codex\tmp\arg0\codex-arg0kUGM9g;C:\Users\LEGION\.cache\codex-runtimes\codex-primary-runtime\dependencies\bin\override;C:\Program Files\Java\jdk-17\bin;C:\Program Files\Eclipse Adoptium\jdk-25.0.4.7-hotspot\bin;C:\Program Files (x86)\ActiveState Komodo IDE 12\;C:\ProgramData\Oracle\Java\javapath;C:\Windows\system32;C:\Windows;C:\Windows\System32\Wbem;C:\Windows\System32\WindowsPowerShell\v1.0\;C:\Windows\System32\OpenSSH\;C:\Program Files\dotnet\;C:\Program Files\Microsoft SQL Server\130\Tools\Binn\;C:\Program Files\Microsoft SQL Server\Client SDK\ODBC\170\Tools\Binn\;F:\Microsoft VS Code\bin;C:\Program Files\NVIDIA Corporation\NVIDIA NvDLISR;C:\WINDOWS\system32;C:\WINDOWS;C:\WINDOWS\System32\Wbem;C:\WINDOWS\System32\WindowsPowerShell\v1.0\;C:\WINDOWS\System32\OpenSSH\;C:\Program Files\PuTTY\;C:\Program Files\WireSock VPN Client\bin\;C:\flutter\bin;C:\Program Files\Git\cmd;C:\Users\LEGION\Desktop\include;C:\Users\LEGION\Desktop\lib;C:\Program Files\Git\bin;C:\Users\LEGION\AppData\Local\Programs\Python\Launcher\;C:\Users\LEGION\AppData\Local\Programs\Python\Python310\Scripts\;C:\Users\LEGION\AppData\Local\Programs\Python\Python310\;C:\Users\LEGION\AppData\Local\Programs\Python\Python310\python.exe;C:\Users\LEGION\AppData\Local\GitHubDesktop\bin;C:\Users\LEGION\AppData\Local\Programs\Ollama;C:\Users\LEGION\flutter\bin;F:\cursor\resources\app\bin;C:\Users\LEGION\.cache\codex-runtimes\codex-primary-runtime\dependencies\bin\fallback;C:\Users\LEGION\.cache\codex-runtimes\codex-primary-runtime\dependencies\native\git\cmd;C:\Users\LEGION\.cache\codex-runtimes\codex-primary-runtime\dependencies\native\powershell;C:\Users\LEGION\AppData\Local\OpenAI\Codex\bin\53c73f34a40c42be;C:\Program Files\WindowsApps\OpenAI.Codex_26.810.7004.0_x64__2p2nqsd0c76g0\app\resources
USERNAME=LEGION
LANG=C.UTF-8
LC_ALL=C.UTF-8
LC_CTYPE=C.UTF-8
TERM=dumb
OS=Windows_NT
PROCESSOR_IDENTIFIER=Intel64 Family 6 Model 165 Stepping 2, GenuineIntel
TMP=C:\Users\LEGION\AppData\Local\Temp
TEMP=C:\Users\LEGION\AppData\Local\Temp



Periodic native trim disabled


---------------  S Y S T E M  ---------------

OS:
 Windows 10 , 64 bit Build 19041 (10.0.19041.5915)
OS uptime: 0 days 2:37 hours
Hyper-V role detected

CPU: total 12 (initial active 12) (6 cores per cpu, 2 threads per core) family 6 model 165 stepping 2 microcode 0xec, cx8, cmov, fxsr, ht, mmx, 3dnowpref, sse, sse2, sse3, ssse3, sse4.1, sse4.2, popcnt, lzcnt, tsc, tscinvbit, avx, avx2, aes, erms, clmul, bmi1, bmi2, adx, fma, vzeroupper, clflush, clflushopt, hv
Processor Information for all 12 processors :
  Max Mhz: 2592, Current Mhz: 2592, Mhz Limit: 2592

Memory: 4k page, system-wide physical 16251M (386M free)
TotalPageFile size 30526M (AvailPageFile size 6M)
current process WorkingSet (physical memory assigned to process): 787M, peak: 825M
current process commit charge ("private bytes"): 908M, peak: 933M

vm_info: OpenJDK 64-Bit Server VM (17.0.20+8) for windows-amd64 JRE (17.0.20+8), built on Jul 22 2026 00:41:45 by "admin" with MS VC++ 17.12 (VS2022)

END.
